id,navn,avsender,underkategori,pulje,hovedposisjon,dissens,arg_n,argumenter,hovedbudskap
1,"Privatperson (Long Covid + ME, Fredrikstad-program-skadet)",,pasient_long_covid_me_skadet,,A_klar,False,10,pem_kjerne;egen_retningslinje;skille_me_long_covid_utmattelse;nice_2021;aktivitet_pacing;trening_skadelig_egen_erfaring;fredrikstad_kommune_long_covid_program_skadelig;varig_forverring;kunnskapsgrunnlag_internasjonalt;implementering_kursing,"A_klar pasient med både Long Covid og ME. Hovedanke: PEM som sentralt symptom og avgjørende funksjonsbegrensende faktor — krever at diagnostikk og oppfølging tar PEM på alvor som forskjellig mekanisme fra generell utmattelse, slitenhet eller utbrenthet. **Konkret skadelig erfaring**: 'Jeg gikk dessverre på et program for Long Covid i Fredrikstad kommune som inkluderte trening. Det gjorde meg varig sykere. Vi lærte ikke noe om PEM'. Substantielt krav: 'Råd om aktivitet aldri skal innebære anbefaling om økt fysisk eller kognitiv trening som overskrider pasientens energitoleranse'. Refererer NICE guidelines for ME/CFS som internasjonalt anerkjente kunnskapsbaserte råd som vektlegger å unngå forverring gjennom feilaktig trening."
10,Privatperson (12. mal-instans + detaljert PEM-symptombeskrivelse),,pasient_eller_pårørende_mal_pluss_pem_detalj,,A_klar,False,15,pem_kjerne;pem_kardinalsymptom;egen_retningslinje;icd_g93_3;skille_me_utmattelse;biologisk_lidelse;stan_mal_setning;pem_lammelser_egen;balanse_dårlig_pem;pem_forkjølelse_symptomer;dagligvarer_pem_trigger;bpa_info_savnes;lege_egen_vite_best_kritikk;individuell_tilpasning_personalisert;fastlege_legebytte_uakseptabelt,"A_klar med standardmalsetningen + substansielt eget materiale i bakgrunn_metode-feltet (12. mal-instans). Innsender plasserer seg med flere diagnoser hvor utmattelse er symptom. **Detaljert PEM-beskrivelse** med ME-spesifikt symptombilde: 'Under PEM kan vi med ME få forkjølelse symptomer som en del av forverringen som kan vare i 3-4 dager. Mens andre sånn som blandt annet meg kan få lammelser som starter i PEM og som gjør at jeg trenger flere dager på å få tilbake med stødig motorikk. Lammelsene var ikke nødvendigvis lenger enn 7-8 timer'. Konkret eksempel: 'bare det å ta en dusj, kle seg, klesvask, mat laging eller andre ting som man gjør i en vanlig hverdag sender meg inn i en ny PEM runde'. **Substantielle operative kritikker**: (1) for vanskelig å få ME-utredning hos fastlege — krever legebytte; (2) ME-pasienter burde få mer info om BPA; (3) sjelden lege-attitydekritikk: 'Leger ønsker å vite best selv og hører ikke på erfaring fra annet helsepersonell på individuell tilpasning'."
100,Privatperson (varige skader-advarsel),,pasient_eller_pårørende_aktivist,,A_klar,False,4,egen_retningslinje;utmattelse_bare_ett_symptom;varige_skader_advarsel;konsekvenser_pasient_samfunn,Eget formulert A_klar. 'Behandling som virker på andre utmattelsestilstander kan gi varige alvorlige skader'.
101,Privatperson (32. mal-instans + energiøkonomisering-term),,pasient_eller_pårørende_mal_pluss,,A_klar,False,7,egen_retningslinje;stan_mal_setning;energiøkonomisering_term;sanseinntrykk_belastning;berøring_temperatur_lyd;nav_kompetansegrunnlag_sprikende;faglig_vitenskapelig_grunnlag,32. mal-instans + **energiøkonomisering** istedenfor 'aktivitetsregulering' — mer presis term som inkluderer sanseinntrykk.
102,"Privatperson (68. mal-instans, ren)",,pasient_eller_pårørende_mal_ren,,A_klar,False,2,egen_retningslinje;stan_mal_setning,68. mal-instans.
103,"Privatperson (113. mal-instans, ren)",,pasient_eller_pårørende_mal_ren,,A_klar,False,2,egen_retningslinje;stan_mal_setning,"113. mal-instans, ren standardmal."
104,"Privatperson (strukturert A_klar, WHO 2022-kategori-distinksjon)",,fagperson_privat_sannsynlig,,A_klar,False,17,pem_kjerne;egen_retningslinje;skille_me_utmattelse;canadakriteriene_støtte;icd_g93_3;icd_11_postviral_nevrologisk;who_2022_diagnose;fatigue_utelukkelsesdiagnose;nice_2021;internasjonal_sammenlikning;us_uk_tyskland_nederland_belgia;biomedisinsk_forskning;haukeland_forskning;lightning_process_advarsel_nice;alternativ_behandling_kritikk;spesialistteam_diagnose;fastlege_kompetansemangel,"A_klar med systematisk strukturert argumentasjon — fem alfabetiserte punkter (a-e). Hovedanke: ME/CFS etter Canadakriteriene må få egen retningslinje, eller alternativt at løpene for ME/CFS med PEM og annen generell utmattelse 'klart skilles i retningslinjene'. **WHO 2022-distinksjonen presist artikulert**: 'WHOs siste diagnosekriterier fra 2022 som skiller mellom postvirale sykdommer (ME/CFS = kategorisert som nevrologisk sykdom), og utelukkelsesdiagnosen Fatigue eller Kronisk utmattelse (ikke kategorisert under nevrologiske sykdommer)'. Konsekvensen: 'Det er vanskelig å forstå hvorfor Helsedirektoratet velger å ignorere WHOs diagnosesystem på denne måten'. Substantiell **internasjonal sammenlikning**: 'USA, UK, Tyskland, Nederland, Belgia osv.' har 'gått bort fra den utdaterte forståelsen av ME/CFS som Helsedirektoratet legger til grunne'. Implementeringsforslag: (1) mer støtte til biomedisinsk ME-forskning, særlig Haukeland; (2) opplæring av helsepersonell i biomedisinsk forståelse i overensstemmelse med internasjonal forskningsfront; (3) **advarsel mot alternativ behandling i samsvar med NICE-kriteriene om Lightning Process**."
105,"Privatperson (Recovery Norge-tallkritikk, NICE-orientert)",,pasient_eller_pårørende_aktivist,,A_klar,False,10,pem_kjerne;egen_retningslinje;skille_me_utmattelse;nice_2021;recovery_norge_200_300_medlemmer_tallkritikk;recovery_norge_økonomisk_vinning;psykologisering;biologisk_sykdom;todelt_løp_minimum;tusenvis_me_syke,"A_klar med klar NICE-orientering og Recovery Norge-tallkritikk. Hovedanke: krav om egen retningslinje for ME/CFS. **Konkret tallkritikk** av Recovery Norge: 'Det finnes tusenvis av ME syke og dere legger mest vekt på de 200/300 personene i Recovery Norge'. Anklager Recovery Norge for økonomisk vinning: 'ble opprettet av personer med økonomisk vinning til denne behandlingsformen'. Krever 'iallfall to undergrupper, der behandling og oppfølging er ulik. Og PEM blir hensyntatt'."
106,"Privatperson (65. mal-instans, mor-pårørende-sønn)",,pasient_eller_pårørende_mal_pluss,,A_klar,False,4,egen_retningslinje;stan_mal_setning;pårørende_sønn_familie_clustering;familie_clustering,65. mal-instans. 65. mal-instans. ME-syk mor + pårørende sønn — 7. familiær ME-clustering.
107,"Privatperson (PEM-strukturert, standardmal-bruker)",,pasient_eller_pårørende,,A_klar,False,18,pem_kjerne;pem_definisjon;pem_forsinket;egen_retningslinje;skille_me_utmattelse;canadakriteriene_støtte;icd_g93_3;multisystemisk_sykdom;biomedisinsk_orientering;immunologiske_funn;metabolske_funn;autonome_forstyrrelser;biopsykososial_kritikk;aktivitet_pacing;kunnskapsgrunnlag_internasjonalt;alvorlig_grad_synlig;alvorlig_grad_egne_føringer;stan_mal_setning,"Strukturert A_klar-innspill med PEM som hovedaksen. Åpner med standardmalsetningen (femte dokumenterte instans): 'Jeg aksepterer ikke at retningslinjen blander sammen ME med andre tilstander. Det er ikke hensiktsmessig og vil føre til fortsatt feil og skadelig behandling. Jeg krever en egen retningslinje kun for ME, G93.3.' Fem konkrete punkter til retningslinjen: (1) tydeligere skille mellom ME/CFS og annen langvarig utmattelse; (2) tydeligere beskrivelse av PEM som forsinket, kan vare dager/uker/lenger; (3) at tiltak/behandling som utløser PEM kan medføre varig funksjonsfall; (4) beskrivelse av alvorlighetsgrad (moderat → svært alvorlig sengeliggende); (5) reflektering av nyere biomedisinsk forskning (immunologiske, metabolske, autonome forstyrrelser). Lavmælt, akademisk-strukturert tone. Avsluttes med håp om at innspillet kan bidra til at 'personer med ME/CFS får trygg, kunnskapsbasert og forsvarlig oppfølging'."
108,Privatperson (13. standardmal-instans),,pasient_eller_pårørende_mal_ren,,A_klar,False,4,egen_retningslinje;skille_me_utmattelse;icd_g93_3;stan_mal_setning,**13. dokumenterte standardmal-instans**. Standardmal-setningen gjentatt i 10 av 11 utfylte felt. Avvik fra ren mal: virksomhetsleder-feltet inneholder kun 'Enig i utsagn.' (14 t).
109,"Privatperson (Myalgisk Encefalopati-terminologi, alvorlig retorikk)",,pasient_eller_pårørende_aktivist,,A_klar,False,6,egen_retningslinje;myalgisk_encefalopati_term;biomedisinsk_sykdom;aktivitetsregulering_vagt;lidelse_død_kostnad;skreddersydd_behandling,A_klar med 'Myalgisk Encefalopati' (encefalopati vs encefalomyelitt) — terminologisk variant.
11,"Privatperson (polemisk-aktivisme, 7 pasientskadesaker, utlandet-behandling)",,pasient_aktivist_internasjonal_helsehjelp,,A_klar,False,17,egen_retningslinje;icd_g93_3;canadakriteriene_støtte;biopsykososial_kritikk;skille_me_utmattelse;stan_mal_setning;eirik_aksnes_referanse;psykologisk_no_referanse;utlandet_behandling_betalt_selv;tyskland_spania_helsehjelp;komorbide_sykdommer_kompetansemangel;heds_pots_dysautonomia_audhd;medical_ptsd_helsesystem;7_pasientskadesaker;utenlandsflytting_planlagt;kompetansetjeneste_kritikk;kreft_diabetes_parallell_satire,"A_klar med polemisk-aktivisme-tone. Innledning i hvert felt er stort sett 'Nei' med rasende underbygging. **Sterk personlig kritikk mot Hdir**: 'Liker dere å gjøre sport i å dele ut misinformasjon som underminerer andre pasientgrupper også? Eller har dere bare dette hatet mot ME syke?'. **Aksnes-referanse**: 'Som ME syke Eirik Aksnes skriver i Psykologisk.no: Når ME blandes sammen med utmattelse blir hele utgangspunktet feil'. **Komorbide sykdommer-kritikk**: 'Norges helsesystemer kan ingenting om de komorbide sykdommene til ME uansett. hEDS, POTS, dysautonomia, AUDHD m.fl. Jeg dro til Tyskland og Spania for helsehjelp, hvor jeg har blitt friskere'. Bruker standardmalsetningen i generelle_kommentarer ('Jeg aksepterer ikke...G93.3'). **Personlige opplysninger**: 'medical PTSD fra norsk helsevesen', 'Jeg flyttet permanent til utlandet så fort jeg får mulighet. Jeg har 7 pasientskade saker til behandling'. **Satirisk parallell**: 'Feilene dere har gjort hittil er som å kalle kreft for diabetes'."
110,Privatperson (aktivitetsavpasning vs aktivitetsregulering-term),,pasient_eller_pårørende_aktivist,,A_klar,False,4,egen_retningslinje;aktivitetsavpasning_term;ikke_aktivitetsregulering;biomedisinsk_sykdom,"A_klar med terminologisk presisering: 'Aktivitetsregulering er ikke behandling for ME, aktivitetsavpasning er det som må til'."
111,"Privatperson (immunologisk-fokus, 'liv går tapt'-retorikk)",,pasient_eller_pårørende_aktivist,,A_klar,False,4,egen_retningslinje;immunologisk_sykdom;liv_går_tapt;aktivitetsavpasning_krav,Kortere A_klar med immunologisk-fokus. 'Liv går tapt'-advarsel.
112,"ME foreningen (dissens, Excel-rad)",,,,A_klar,False,12,pem_kjerne;pem_definisjon;skille_me_utmattelse;biopsykososial_kritikk;nice_2021;aktivitet_pacing;kognitiv_terapi_kritikk;kunnskapsgrunnlag_brukererfaring;alvorlig_syke;dårlig_prognose;nav_arbeidsliv;psykologisering,"Tar dissens fordi utkastet etter ME-foreningens vurdering verken vil heve kompetansen eller gi ME-syke bedre oppfølging. Begrunnelsen er at retningslinjen er for vag, ikke skiller tydelig nok mellom ME/CFS og utmattelse uten PEM, mangler realistisk informasjon om prognose og risiko ved behandling, og ikke tar hensyn til brede brukerundersøkelser. Henviser til NAV-praksis i Gulating lagmannsrett som illustrasjon på konsekvensene av uklare retningslinjer."
113,"Privatperson (long covid-pasient, lavmælt argumentasjon)",,pasient_long_covid,,A_modifisert,False,12,pem_kjerne;differensiering_long_covid;skille_me_long_covid;skille_me_utmattelse;funksjonsfall_tidlig;belastningsintoleranse;aktivitet_pacing;stabilisering_før_aktivitet;lavere_terskel_henvisning;tillit_kunnskap;praktisk_opplæring;barn_sårbar,"Long covid-pasient med strukturert pragmatisk-A-orientert innspill. Hovedanke: retningslinjen er 'for bred og for uklar når long covid, ME/CFS og annen langvarig utmattelse i stor grad omtales samlet'. I motsetning til A_klar-leiren kravprises ikke separat ME-retningslinje, men 'tydeligere skille mellom ulike tilstander' og 'reell differensiering' innenfor retningslinjen. Egen erfaring: 'klart redusert belastningsevne, kognitive problemer og svingende funksjon' - utredningen må fange opp funksjonsfall tidligere. Krever at aktivitetsregulering ikke blir 'en skjult form for aktivitetsøkning', målet må først være 'stabilisering, symptomlindring og bedre tilpasning i hverdagen, ikke å øke aktivitet før man vet hva pasienten faktisk tåler'. Forsvarsverk for at long covid ikke automatisk plasseres under Canada-kriteriene: 'finnes overlapp, men også viktige forskjeller'. Avslutter med at retningslinjen alene ikke er nok: 'Det trengs praktisk opplæring, ikke bare publisering av en retningslinje'."
114,"Helse Nord-Trøndelag, barneavdelingen",,,,tjenestefaglig,False,1,barn_og_unge,"Kort innspill fra barneavdelingen. To poenger: utvide eksklusjonstilstander for psykiatri, og at skjermtid bør omtales som potensielt opprettholdende faktor hos ungdom."
115,"Privatperson (84. mal-instans, ren)",,pasient_eller_pårørende_mal_ren,,A_klar,False,2,egen_retningslinje;stan_mal_setning,"84. mal-instans, ren standardmal."
116,"Privatperson (konstruktiv-pragmatisk, tre konkrete forbedringsforslag)",,fagperson_privat_sannsynlig_konstruktiv,,A_modifisert,False,10,pem_kjerne;språk_passivt_abstrakt_kritikk;konkret_aktivt_språk;skille_forskning_tolkning_anbefaling;pem_egen_seksjon_krav;akutt_vs_forsinket_pem_forklaring;klinisk_beslutningsstøtte_mangler;ortostatisk_intoleranse;deltilstander_behandling;pem_terskel_management,"A_modifisert konstruktiv-pragmatisk innspill med tre konkrete forbedringsforslag. Hovedanke: 'Retningslinjen fremstår faglig omfattende, men er etter mitt syn vanskelig å bruke i praksis. Teksten blander kunnskapsoppsummering, tolkning og anbefalinger uten tydelig skille, og språket er ofte passivt og abstrakt'. **Tre konkrete forbedringer**: (1) **Tydeligere struktur og språk**: 'Det bør skilles klarere mellom hva forskning viser, hva som er tolkningsmodeller og hva som er kliniske anbefalinger. Mer aktivt og konkret språk vil også gjøre retningslinjen lettere å bruke. For eksempel kan det bør foretas vurdering erstattes med fastlegen bør vurdere'. (2) **Klarere beskrivelse av PEM**: 'PEM omtales både som kjernesymptom ved ME/CFS og som fenomen ved andre tilstander. En egen seksjon bør forklare hvordan PEM ved ME/CFS vanligvis arter seg, inkludert forskjellen mellom akutt symptomøkning under aktivitet og forsinket forverring i etterkant'. (3) **Mer klinisk beslutningsstøtte**: 'gir begrenset hjelp til håndtering av vanlige deltilstander som påvirker funksjon og PEM-terskel, særlig ortostatisk intoleranse'."
117,Privatperson ('First do no harm'-retorikk),,pasient_eller_pårørende_aktivist,,A_klar,False,5,egen_retningslinje;first_do_no_harm;brukermedvirkning_reell;forverret_situasjon_advarsel;hippokratisk_retorikk,A_klar med 'First do no harm'-retorikk. Krav om reell brukermedvirkning.
118,"Privatperson (112. mal-instans, ren)",,pasient_eller_pårørende_mal_ren,,A_klar,False,2,egen_retningslinje;stan_mal_setning,"112. mal-instans, ren standardmal."
119,"Privatperson (61. mal-instans, 20-års-ME)",,pasient_eller_pårørende_mal_pluss,,A_klar,False,4,egen_retningslinje;stan_mal_setning;20_år_me;skuffet_lei,61. mal-instans. 61. mal-instans + 20 års ME-bakgrunn.
12,Privatperson (kreft-hodepine-metafor),,pasient_eller_pårørende_metafor_basert,,A_klar,False,6,egen_retningslinje;kreft_hodepine_metafor;mange_symptomer_me;spesialisthelsetjeneste;dusj_kan_ikke;lytt_pasient_ikke_psykolog,"A_klar med **kreft-hodepine-metafor**: 'Man blir behandlet for kreft, fordi om et av symptomene er hodepine, man døper ikke om sykdommen til hodepine'."
120,"Privatperson (83. mal-instans, ren)",,pasient_eller_pårørende_mal_ren,,A_klar,False,2,egen_retningslinje;stan_mal_setning,"83. mal-instans, ren standardmal."
121,Privatperson (17. mal-instans + pasient-autonomi-fokus),,pasient_eller_pårørende_mal_pluss_autonomi,,A_klar,False,10,pem_kjerne;egen_retningslinje;stan_mal_setning;internasjonal_forskning;pasient_autonomi_etisk;tillitsskapende_uetisk;døgnkontinuerlig_observasjon_familie;egne_poliklinikker_me;psykomotorisk_fysioterapi_anbefalt;biomedisinsk_kompetanse_krav,**17. mal-instans**. Sterkt etisk-autonomi-argument: 'Det er ingen pasienter som takker nei til helsehjelp som er nødvendig. Å tvinge på tillitsskapende tiltak er å ta fra pasienten autonomi og blir uetisk'. Foreslår egne ME-poliklinikker og psykomotorisk fysioterapi.
122,"Privatperson (Wyller-kritikk, push & crash-anekdote)",,pasient_eller_pårørende_aktivist_wyller_kritisk,,A_klar,False,13,egen_retningslinje;stan_mal_setning;wyller_navngitt_kritisk;wyller_psykomodell_motbevisst;økonomiske_motiver_utvalg;gutteklubben_grei;strutsekultur_helsenorge;kameraderi_nepotisme;push_crash_fysioterapeut_råd;halvtimes_hvile_råd;biomedisinsk_forskning_andedammen_skandinavia;fastlege_lat_diagnose_me;spesialistfaglig_utredning_krav,"A_klar med sterk Wyller-kritikk. Bruker standardmal-setningen som åpning + substansielt tilleggsinnhold. **Eksplisitt navngitt motstander**: 'Det er hårreisende at Vegard Bruun Wyller & Co, som har hele sin karriere bygget på sin psykomodell, med hypoteser rundt ME som har blitt motbevisst gang på gang, får definere både forsknings- og behandlingsbemøtning overfor ME-pasienter'. Refererer **strukturell makt/økonomiske interesser**: 'gutteklubben grei', 'strutsekultur', 'kameraderi og nepotisme'. **Konkret fysioterapeut-anekdote om push&crash**: 'en halvtimes hvile om jeg følte meg sliten. Var jeg da fortsatt sliten skulle jeg ta det helt med ro. Et særdeles konkret og nyttig verktøy'. **Mistro mot fastlege-diagnose**: 'Har møtt flere pasienter som selv har fortalt hvordan fastlegene har sagt det blir enklest å beskrive det som ME. Fullstendig ødeleggende for forståelsen av sykdommen!'"
123,"Privatperson (54. mal-instans, ren)",,pasient_eller_pårørende_mal_ren,,A_klar,False,2,egen_retningslinje;stan_mal_setning,54. mal-instans.
124,"Privatperson (107. mal-instans, ren)",,pasient_eller_pårørende_mal_ren,,A_klar,False,2,egen_retningslinje;stan_mal_setning,"107. mal-instans, ren standardmal."
125,"Privatperson (106. mal-instans, ren)",,pasient_eller_pårørende_mal_ren,,A_klar,False,2,egen_retningslinje;stan_mal_setning,"106. mal-instans, ren standardmal."
126,"Privatperson (42. mal-instans, tenk-deg-frisk-kritikk)",,pasient_eller_pårørende_mal_pluss,,A_klar,False,4,egen_retningslinje;stan_mal_setning;spesialist_diagnose_krav;tenk_deg_frisk_skadelig,42. mal-instans. 42. mal-instans + 'tenk deg frisk'-kritikk.
127,"Privatperson (85. mal-instans, ren)",,pasient_eller_pårørende_mal_ren,,A_klar,False,2,egen_retningslinje;stan_mal_setning,"85. mal-instans, ren standardmal."
128,Privatperson,,fagperson_privat_sannsynlig,,A_klar,False,17,pem_kjerne;pem_definisjon;egen_retningslinje;skille_me_utmattelse;canadakriteriene_støtte;biopsykososial_kritikk;nice_2021;aktivitet_pacing;kognitiv_terapi_kritikk;kunnskapsgrunnlag_smalt;kunnskapsgrunnlag_forskning;psykologisering;alvorlig_syke;tjenester_samhandling;nav_arbeidsliv;kompetanseheving;implementering_konkret,"Forfatter identifiserer den fundamentale selvmotsigelsen i retningslinjen: Når Canadakriteriene anbefales for diagnostisering (som krever PEM), kan man ikke samtidig viske ut skillet mellom utmattelse med og uten PEM i behandlingsanbefalingene – det er hele essensen i Canadakriteriene. Skarp og målrettet kritikk av at retningslinjen henviser til Asprusten/Sletner/Wyller 2021 («Are there subgroups of chronic fatigue syndrome?») som «et eksempel på skjev kunnskapsinnhenting»: artikkelen har psykososial agenda, Asprusten og Sletner er knyttet til fagmiljøet rundt Fink i Århus, og Wyller er sentral forkjemper for psykologisering. Mener Helsedirektoratets oppdrag fra 2018 bygget på feil sykdomsforståelse. Bygger argumentasjonen rundt at over 50% av long covid-pasienter oppfyller ICC eller Canadakriteriene, og at biomedisinske funn (immunologiske avvik, mitokondriedysfunksjon, nevroinflammasjon) ikke får konsekvens i anbefalingene. Refererer Maeve Boothby O'Neill og britisk dødssak. Krever at retningslinjen bygger på NICE 2021. Beskriver «Splittelsen i synet på ME i Norge skyldes Generalisering» som rammeverk for å forstå konflikten."
129,"Privatperson (75. mal-instans, ren)",,pasient_eller_pårørende_mal_ren,,A_klar,False,2,egen_retningslinje;stan_mal_setning,"75. mal-instans, ren standardmal."
13,"Privatperson (9. dokumenterte standardmal-instans, ren)",,pasient_eller_pårørende_mal_ren,,A_klar,False,4,egen_retningslinje;skille_me_utmattelse;icd_g93_3;stan_mal_setning,"Niende dokumenterte standardmal-instans, ren — INGEN tilleggsinnhold i noe felt. Standardformuleringen gjentatt 15 ganger uten anførselstegn (jf. id 86 og id 158 som hadde anførselstegn)."
130,"Privatperson (105. mal-instans, ren)",,pasient_eller_pårørende_mal_ren,,A_klar,False,2,egen_retningslinje;stan_mal_setning,"105. mal-instans, ren standardmal."
131,"Privatperson (79. mal-instans, ren)",,pasient_eller_pårørende_mal_ren,,A_klar,False,2,egen_retningslinje;stan_mal_setning,"79. mal-instans, ren standardmal."
132,"Privatperson (rehab-skadet, fastlege-ignoranse)",,pasient_me_rehab_skadet,,A_klar,False,7,pem_kjerne;egen_retningslinje;alvorlig_nevrologisk_lidelse;2_rehab_opphold_skadelig;alvorlig_grad_etter_rehab;fastlege_depresjon_latskap_hysteri;spesialist_diagnose,A_klar med **2 rehab-opphold som førte til alvorlig grad**. 'Fastleger kan ingenting om ME og tror det er depresjon og latskap og hysteri'.
133,Privatperson (strukturert systematisk argument for egen retningslinje),,pasient_eller_pårørende_informert,,A_klar,False,14,pem_kjerne;egen_retningslinje;skille_me_utmattelse;skille_me_psykiatri;skille_me_kreft;aktivitet_pacing;biopsykososial_kritikk;tittel_struktur_endre;varighetsprinsipp_definisjon;brukerundersøkelser_vekt;veileder_effektivitet;opplæring_fastlege;skadelig_praksis_videreført;snudd_på_hodet,"Strukturert A_klar med systematisk argumentasjon for egen retningslinje. Hovedanke: 'Det vil være mer riktig å behandle CFS/ME ut i fra grunnsykdommen, det som er kjent, i stedet for å behandle den som en utmattelseslidelse'. Sammenligner med behandling av andre sykdommer (psykiske lidelser, kreft) som har egne retningslinjer. Veilederens nåværende oppbygging og struktur er 'snudd på hodet' og 'skaper uklarhet om sykdommens karakter'. Sentrale spesifikke forslag: (1) endring av tittel for å reflektere sykdommens karakter og dagens kunnskapsgrunnlag; (2) tydeligere grensesetting i oppfølging/behandling basert på funksjonsgrad; (3) større vektlegging av brukerundersøkelser og pasienterfaringer som kunnskapsgrunnlag; (4) definisjon av når sykdommen regnes som varig — refererer at varighetsprinsippet i nåværende veileder har 7-årig terskel, og at dette må tydeliggjøres pga NAV-rettigheter. Forslag til strykning: formuleringer som setter biopsykososial ramme — 'man kan stille spørsmål ved om den har faglig dekning slik den står'."
134,"Privatperson (80. mal-instans, ren)",,pasient_eller_pårørende_mal_ren,,A_klar,False,2,egen_retningslinje;stan_mal_setning,"80. mal-instans, ren standardmal."
135,"Privatperson (111. mal-instans, ren)",,pasient_eller_pårørende_mal_ren,,A_klar,False,2,egen_retningslinje;stan_mal_setning,"111. mal-instans, ren standardmal."
136,"Privatperson (38. mal-instans, ren)",,pasient_eller_pårørende_mal_ren,,A_klar,False,2,egen_retningslinje;stan_mal_setning,38. mal-instans.
137,Privatperson (pårørende til ME-død datter),,pårørende_etterlatt_alvorlig,,A_klar,False,9,pem_kjerne;egen_retningslinje;pårørende_etterlatt;datter_død_me;norsk_helsevesen_hjelpeløst;fysisk_kompleks_alvorlig;biopsykososial_kritikk;tåkelegging_uvilje;internasjonal_forskning_ignorert,**Pårørende til ME-pasient som døde**. Datter i 50-årene. 'Min største sorg er tapet av min datter. Min største fortvilelse er at norsk helseforvaltning fortsatt velger å tåkelegge den manglende evnen/viljen til å gi de ME-syke en adekvat hjelp'. Sjelden tung etterlatt-stemme.
138,"Privatperson (nynorsk, Recovery Norge-eksklusjon)",,pasient_eller_pårørende_aktivist_nynorsk,,A_klar,False,11,pem_kjerne;egen_retningslinje;skille_me_long_covid;nice_guideline;virusutløyst_sjukdom;biologisk_multisystemisk;psyke_sosiale_ikke_faktor;lp_skadelig_råd;fastlege_kompetansemangel;recovery_norge_eksplisitt_ekskluder;reell_medvirkning_krav,"Nynorsk A_klar. Krever ME-spesifikk retningslinje basert på WHO/NICE/internasjonal forskning. **Substantielt eksklusjonskrav**: 'Lage egne veiledera for ME og Long covid, der pasientforeiningane (-Recovery Norge) får reell medvirkning'. Den eksplicit parentes-Recovery Norge-ekskluderingen er sjelden i datasettet."
139,"Privatperson ('Cøliaki+allergi'-metafor, IOM-kriterier-preferanse)",,pasient_eller_pårørende_metafor_iom,,A_klar,False,5,pem_kjerne;egen_retningslinje;cøliaki_allergi_metafor;iom_kriterier_preferanse;kartlegge_pem_første_steg,A_klar med **'Cøliaki+allergi'-metafor**: 'Å blande ME og all annen utmattelse vil være som å blande Cøliaki med diverse allergier'. **Preferanse for IOM-kriterier** over Canadakriteriene.
14,"Privatperson (nyere mal-variant, 'i strid med'-formulering)",,pasient_eller_pårørende_aktivist,,A_klar,False,7,egen_retningslinje;nevrologisk_sykdom;egne_diagnosekriterier;forverring_feilbehandling;faglig_uforsvarlig;forskning_pasienterfaringer_tiår;tydelig_adskilt_krav,A_klar med eget formulert innspill (ikke standardmal). Bruker 'faglig uforsvarlig' som retorisk grep. Lang versjon av kravet om egen retningslinje.
140,"Privatperson (74. mal-instans, ren)",,pasient_eller_pårørende_mal_ren,,A_klar,False,2,egen_retningslinje;stan_mal_setning,"74. mal-instans, ren standardmal."
141,Privatperson (26. mal-instans + 8000-pasienter-tallargument),,pasient_eller_pårørende_mal_pluss,,A_klar,False,8,pem_kjerne;egen_retningslinje;stan_mal_setning;fysiologisk_savnes;internasjonal_forskning;8000_pasientforeninger_tall;canadakriteriene_obligatorisk;skadelig_sammenblanding,26. mal-instans. Bruker tallargumentet: 'Pasientforeningene snakker på vegne av veldig mange (ca 8000) og bør veie tyngre enn visse andre' — sannsynlig implicit Recovery Norge-kontrast.
142,"Privatperson (96. mal-instans, ren)",,pasient_eller_pårørende_mal_ren,,A_klar,False,2,egen_retningslinje;stan_mal_setning,"96. mal-instans, ren standardmal."
143,"Privatperson (36. mal-instans, ren)",,pasient_eller_pårørende_mal_ren,,A_klar,False,2,egen_retningslinje;stan_mal_setning,36. mal-instans.
144,"Privatperson (91. mal-instans, ren)",,pasient_eller_pårørende_mal_ren,,A_klar,False,2,egen_retningslinje;stan_mal_setning,"91. mal-instans, ren standardmal."
145,"Privatperson (92. mal-instans, ren)",,pasient_eller_pårørende_mal_ren,,A_klar,False,2,egen_retningslinje;stan_mal_setning,"92. mal-instans, ren standardmal."
146,Privatperson,,pasient_aktivist,,A_klar,False,12,pem_kjerne;egen_retningslinje;canadakriteriene_støtte;biopsykososial_kritikk;psykologisering;kunnskapsgrunnlag_smalt;kunnskapsgrunnlag_forskning;alvorlig_syke;barn_og_unge;kompetanseheving;implementering_konkret;arbeidsgruppe_kritikk,"Privatpersonen åpner med malformuleringen 'Jeg aksepterer ikke...' og krever egen retningslinje for ME G93.3. Hovedfokus er på utvidet biomedisinsk prøvetaking: ALLE aminosyrer, alle B-vitaminer (inkl. kolin, inositol), methylerte vitaminer, ATP-profil, mitokondriefunksjon, sporstoffer, hormoner, co-faktorer. Etterlyser indremedisiner med metabolsk kompetanse. Foreslår at ny arbeidsgruppe inkluderer ME-fondet, ME-foreldrene og sykepleier Eva Stormorken. Krever andre linje ME-enhet med immunologisk, metabolsk, genetisk, biomarkør-kompetanse, evt. ambulerende."
147,Privatperson (25. mal-instans + ambulerende team-forslag),,pasient_eller_pårørende_mal_pluss,,A_klar,False,8,pem_kjerne;egen_retningslinje;stan_mal_setning;pem_ikke_pem_skille;ambulerende_team_oppfølging;hjemmebesøk_alvorlig_syke;fastlege_kompetansemangel;hjelp_daglige_aktiviteter,25. mal-instans + ambulerende team-forslag for alvorlig syke som ikke kan komme til oppfølging.
148,Privatperson (46. mal-instans + husbunden hjemmebesøk-krav),,pasient_eller_pårørende_mal_pluss_husbunden,,A_klar,False,5,egen_retningslinje;stan_mal_setning;husbunden_helsehjelp;fastlege_sluttet_hjemmebesøk;kommune_ingen_hjelp_me,46. mal-instans + husbunden-perspektiv. 'Fastleger generelt har sluttet med hjemmebesøk'.
149,Privatperson (tomt innspill),,tomt_innspill,,uklar,False,1,tomt_innspill,Tomt innspill — innsender har registrert høringsdeltakelse uten å skrive substansielt innhold.
15,"Privatperson (53. mal-instans, ren)",,pasient_eller_pårørende_mal_ren,,A_klar,False,2,egen_retningslinje;stan_mal_setning,53. mal-instans.
150,Privatperson (23. mal-instans + alvorlig syke-fokus),,pasient_eller_pårørende_mal_pluss,,A_klar,False,7,pem_kjerne;egen_retningslinje;stan_mal_setning;internasjonal_forskning;storbritannia_canada_usa;alvorlig_syke_inkluderes;biologisk_multisystemisk,23. mal-instans med tillegg om alvorlig syke og internasjonal forskning.
151,"Privatperson (biologiske subgrupper, hEDS, nakkeinstabilitet)",,pasient_me_biologisk_subgrupper,,A_modifisert,False,13,biologiske_subgrupper;bindevevssårbarhet;autonom_dysfunksjon;mikrosirkulasjon;immunaktivering;heds_hypermobilitet;nakkeinstabilitet;hjernestamme_dysfunksjon;trykk_på_hjernen;vestibulær_rehabilitering;betablokkere;nyere_forskning_savnes;individuell_tilpasning,"A_modifisert med fokus på biologiske subgrupper. Krever differensiering av ME-pasienter etter underliggende biologiske mekanismer: bindevevssårbarhet, autonom dysfunksjon, mikrosirkulasjon, immunaktivering. **hEDS-referanse**: 'hypermobil Ehlers-Danlos syndrom (hEDS) kan være relevante å vurdere'. **Nakkeinstabilitet-/hjernestamme-referanse**: 'Nakkeinstabilitet, hjernestamme dysfunksjon og trykk på hjernen bør også sjekkes'. Konkrete behandlingsforslag: vestibulær rehabilitering, betablokkere, inflammasjonsdempende."
152,Privatperson (psykosomatikk-kritikk),,pasient_eller_pårørende_aktivist,,A_klar,False,3,egen_retningslinje;psykosomatikk_kritikk;spesialisthelsetjeneste_diagnosekode,Kort A_klar med eksplisitt psykosomatikk-kritikk.
153,Privatperson (identisk tekst som id 152),,pasient_eller_pårørende_aktivist,,A_klar,False,4,egen_retningslinje;psykosomatikk_kritikk;spesialisthelsetjeneste_diagnosekode;duplikat_id_152,Identisk tekst som id 152 — duplikat eller koordinert innsendelse.
154,privatperson (analytisk forslag om todelt klinisk løp basert på PEM-status),,fagperson_privat_sannsynlig_analytisk,,pragmatisk,False,16,pem_kjerne;pem_beslutningspunkt;todelt_klinisk_løp;skille_pem_status;anerkjenner_fagdissens_nerli_herner_jøssang_prydz;anerkjenner_brukerdissens_3;rehabilitering_riktig_uten_pem;pacing_riktig_med_pem;get_kontraindikasjon_pem;nice_2021;icd_11_8e49;icd_11_mg22;ung_mann_gulating_sak;informasjonsplikt_helsepersonell;informert_samtykke;rettssikkerhetsaspektet,"**Analytisk høydepunkt-innspill** med systematisk argumentasjon for todelt klinisk løp basert på PEM-status. Hovedanke: retningslinjens 'grunnleggende arkitektoniske problem' er forsøket på felles behandlingsanbefalinger for to grupper med fundamentalt ulike fysiologiske forutsetninger. Korrekt-presis identifisering av dissens-strukturen (de 4 fagdissensene Nerli/Herner/Jøssang/Prydz om for lite rehabiliteringsperspektiv, de 3 brukerdissensene ME-foreningen/ME-foreldrene/Norsk Covidforening om PEM ikke operasjonalisert). **Sentral synteseformulering**: 'Begge leirer har rett. Men de har rett for hver sin pasientgruppe.' Konkret forslag: 'Retningslinjen må etablere PEM-status som et eksplisitt beslutningspunkt etter utredning, med to adskilte kliniske løp'. For pasienter uten PEM: gradvis aktivitetsøkning og rehabilitering, fokus på mestring. For pasienter med bekreftet PEM: pacing som bærende prinsipp, standardisert gradert treningsterapi er KONTRAINDIKASJON pga dokumentert risiko for varig funksjonsfall. Refererer ICD-11 distinksjon mellom postviralt utmattelsessyndrom (8E49) og generell fatigue (MG22), og at Norge selv har sagt det innføres 2028/2029 — 'Et høringsutkast som ikke reflekterer dette skillet allerede nå, beveger Norge bort fra — ikke mot — internasjonal standard'. Refererer Gulating-saken om ung mann syk siden barndommen som NAV nekter uføretrygd til (samme sak som id 360 og id 381 — Kolbjørn Gulating)."
155,"Privatperson (87. mal-instans, ren)",,pasient_eller_pårørende_mal_ren,,A_klar,False,2,egen_retningslinje;stan_mal_setning,"87. mal-instans, ren standardmal."
156,"Privatperson (59. mal-instans, tiår-husbundet)",,pasient_eller_pårørende_mal_pluss,,A_klar,False,4,egen_retningslinje;stan_mal_setning;mange_tiår_syke;husbundet_alvorlig,59. mal-instans. 59. mal-instans + tillegg om svært alvorlig husbundede.
157,"Privatperson (90. mal-instans, ren)",,pasient_eller_pårørende_mal_ren,,A_klar,False,2,egen_retningslinje;stan_mal_setning,"90. mal-instans, ren standardmal."
158,"Privatperson (ren standardmal-instans, åttende dokumenterte)",,pasient_eller_pårørende_mal_ren,,A_klar,False,4,egen_retningslinje;skille_me_utmattelse;icd_g93_3;stan_mal_setning,"**Åttende dokumenterte standardmal-instans**. Innspillet består UTELUKKENDE av standardmalsetningen gjentatt 15 ganger i alle felt: 'Jeg aksepterer ikke at retningslinjen blander sammen ME med andre tilstander. Det er ikke hensiktsmessig og vil føre til fortsatt feil og skadelig behandling. Jeg krever en egen retningslinje kun for ME, G93.3.' Det er ingen tilleggsinnhold i noe felt — dette er en ren mal-instans."
159,"Privatperson (89. mal-instans, ren)",,pasient_eller_pårørende_mal_ren,,A_klar,False,2,egen_retningslinje;stan_mal_setning,"89. mal-instans, ren standardmal."
16,"Privatperson (62. mal-instans, PEM-utgangspunkt-feil)",,pasient_eller_pårørende_mal_pluss,,A_klar,False,3,egen_retningslinje;stan_mal_setning;pem_kjerne,62. mal-instans. 62. mal-instans + PEM-tillegg.
160,"Privatperson (pårørende-perspektiv på ME-pasient, NAV-rehab-skade)",,pårørende_informert,,A_klar,False,14,pem_kjerne;egen_retningslinje;canadakriteriene_støtte;skille_me_utmattelse;fastlege_kompetansemangel;fastlege_smilebåndet_kritikk;ekspertteam_spesialisthelsetjeneste;epstein_barr_virus;corona_postviral;pem_advarsel_kritisk;overiver_skadelig_før_kunnskap;nav_rehabilitering_skadelig;stereotype_årsaksforklaring;pots_depresjon_misbruk,"A_klar pårørende-stemme (skriver om pasienten 'vedk.'). Hovedanke: sammenblanding av ME med generell utmattelse fører til at andre symptomer (utover utmattelse) ender opp som ikke-tema — krever sykdomsspesifikk tilnærming. **Substantielt om fastlege-kompetansemangel**: 'Mange fastleger kan lite/har lite erfaring om ME, er ikke oppdatert på nyere forskning, og pasienten har opplevd at leger ikke har hørt om PEM, eller drar på smilebåndet av/tror ikke på ME'. **Sentralt poeng om stereotype-årsaksforklaringer**: 'Leger har lett for å ty til forenklede og stereotype årsaks-forklaringer som POTS eller depresjon, stress el. selv etter at man har fått ME-diagnose'. **Konkret NAV-rehabiliterings-skade**: 'Pasient, som jobber 50 %, fikk beskjed av NAV om krav om rehabiliterings-opphold. Påkjenningen var såpass stor at pasient ble 100 % sykemeldt i etterkant. Nesten ett år etterpå er pasient fortsatt såpass dårlig at vedk. kun er i stand til å jobbe 25 %'. **Implementeringsforslag**: NAV-rehabiliterings-krav bør avvikles for ME-pasienter."
161,Privatperson (15. mal-instans + tilleggsinnhold om PEM/sekundær psyk),,pasient_eller_pårørende_mal_pluss,,A_klar,False,11,pem_kjerne;egen_retningslinje;stan_mal_setning;fastlege_kunnskapsmangel;spesialist_henvisning;fastlege_hører_ikke_spesialist;psykisk_sekundær;trening_frisk_luft_skadelig;gradvis_sakte_øke_kapasitet;glemt_alene_uten_hjelp;værre_av_tilbud_takke_nei,"**15. mal-instans** med substansielt tilleggsinnhold. Fastlege-spesialist-konflikt: 'Spesialisten sier noe annet enn fastlegen og fastlegen hører ofte ikke på rådene'. **Sekundær psyk-skille presist artikulert**: 'sekundere psykiske tilstander som depresjon, sorg og angst. Men nettopp pga. situasjonen en befinner seg i. Ikke fordi du hadde dette før du ble syk'."
162,Privatperson,,pasient_aktivist,,A_klar,False,15,pem_kjerne;pem_definisjon;egen_retningslinje;skille_me_utmattelse;canadakriteriene_støtte;biopsykososial_kritikk;nice_2021;aktivitet_pacing;kognitiv_terapi_kritikk;kunnskapsgrunnlag_smalt;kunnskapsgrunnlag_forskning;psykologisering;alvorlig_syke;implementering_konkret;kompetanseheving,"Pasient/aktivist som identifiserer det medisinsketisk urovekkende i at retningslinjen i utgangspunktet ikke skiller mellom anbefalinger for utmattede og ME-pasienter. Sentral nyhetsbasert referanseliste: Charlton BT, Janssen K, Systrom DM et al. 2026 (BMJ Sports Medicine, «Post-exertional malaise and the myth of cardiac deconditioning»), Wormgoor & Rodenburg 2023 (PEM-fokus i spesialisthelsetjenesten), EMEA-rapporten (Angelsen A, Schei T 2024 – 11.000 ME-pasienter i Europa). Skarpt angrep på Kuut et al. 2024 som av NICE ble vurdert til lav og veldig lav kvalitet – Helsedirektoratets prosjektgruppe vurderer den til moderat kvalitet. Bakken et al. 2023 og Krabbe et al. 2023 er retrospektive, kvalitative, narrative studier med totalt 27 deltagere der 3 anekdotiske historier presenteres som bevis for at tilfriskning fra ME er mulig gjennom mentale strategier – Recovery Norge har samarbeidet om å skaffe deltagere. Henviser til at Norge ratifiserte CRPD i 2013 og spør om Helsedirektoratets prosjektgruppe vurderer at de sykeste får ivaretatt sine menneskerettigheter. Foreslår klinisk veiledning fra Bateman Horne Center og Cohen Center, og at retningslinjen bør liste komorbide tilstander som POTS, MCAS, fibromyalgi, EDS m.fl. Refererer Haavardsholms leder og Langeland et al. 2023 om hvordan Helsedirektoratets retningslinjer ikke følger internasjonale troverdighetsstandarder."
163,privatperson (refererer fagdissens-argumenter nøyaktig),,pårørende_eller_pasient_informert,,A_klar,False,11,pem_kjerne;skille_pem_status;aktivitet_pacing;differensiering_pem_basert;anerkjenner_jøssang_prydz;cfs_me_senter_blodprøver;sykepleier_oppfølging;palliativ_behandling_mangler;fastlege_avlastning;forskningsdeltakelse_mangler;implementering_konkret,"A_klar-innspill med nyansert tilnærming som anerkjenner BEGGE sider av dissens-debatten. Hovedanke: 'Høringsforslaget forsøker å slå sammen minst to sykdommer som er helt fundamentalt ulike, bare fordi de har ett felles symptom utmattelse.' Refererer fagdissenser-argumentet (Jøssang og Prydz) korrekt og anerkjenner det: 'For alle uten PEM er denne oppfordringen rent skadelig'. Argumenterer for differensiering basert på PEM-status: pasienter med PEM trenger forsiktighet, pasienter uten PEM kan ha nytte av gradvis aktivitetsøkning. Konkrete kritikkpunkter: (1) retningslinjen tar ikke opp listen med blodprøver anbefalt av CFS/ME-senteret ved OUS for å ekskludere ME/CFS — eksplisitt URL gjengitt; (2) ingen avlastning av fastlege via sykepleier-oppfølging; (3) ingen palliativ behandling; (4) ingen rom for forskningsdeltakelse. Innspillet vises som duplikat (samme tekst i bakgrunn_metode og generelle_kommentarer-feltene)."
164,"Privatperson (mor til 2 ME-syke barn, nå voksne)",,pårørende_alvorlig_syke,,A_klar,False,11,pem_kjerne;egen_retningslinje;canadakriteriene_støtte;biopsykososial_kritikk;psykologisering;kunnskapsgrunnlag_brukererfaring;alvorlig_syke;nav_arbeidsliv;tjenester_samhandling;kompetanseheving;implementering_konkret,"Mor til 2 ME-syke barn (nå voksne) som selv har vært utmattet/utbrent. Egen erfaring med at ME og utmattelse krever helt ulike tiltak (selv får hun ikke PEM). Krever egen retningslinje for ME-syke. Påpeker at NAV tilsidesetter fastlegers og spesialisters råd. Konkret eksempel: 28 timer BPA i en kommune, 0 timer i annen. Foreslår Røysumtunet-modell for de sykeste. Påpeker at Stortingsvedtaket fra 'et par år siden' ikke følges. Krever at pårørende høres og avlastes som rettighet."
165,"Privatperson (NAV-/kommune-kompetansekritiker, prosesskritikk-fokusert)",,pasient_eller_pårørende_prosesskritiker,,A_klar,False,11,egen_retningslinje;fagdissens_kritikk_uvidende;kommune_kompetansemangel;tidspress_konsultasjon;utredning_tidsgrense_krav;nav_tidsbegrensning_konflikt;karens_perioder_kritikk;runddans_selvforsørgelse_tap;spesialisthelsetjeneste_barn;kompetansekrav_skjerping;kommune_kunnskap_mangler,"A_klar med tung prosess- og system-kritikk. **Sjelden eksplisitt mot fagdissensene**: 'Når jeg leser dette kapittelet, har jeg liten forståelse med at hele fire personer trekker seg fra utkastet med den begrunnelse at de savner at pasienter presses ut i mer aktivitet. For meg er dette en indikasjon på at det mangler et grundigere arbeid blant behandlere generelt. Av begrunnelsene leser jeg at de det gjelder, mangler en fundamental kunnskap fra pasientens perspektiv'. Sentrale system-kritikker: (1) **hyppige konsultasjoner krevende**: 'Ved kronisk utmattelse er det svært belastende å gjennomføre hyppige konsultasjoner med lege'; (2) **utredning tar år**: 'Pasienten får simultant tidsbegrensning og aktivitets-krav i møte med NAV'; (3) **NAV/helsemyndigheter-mismatch**: 'Helsemyndighetetene og NAV går ikke i takt i forhold til tidsbegrensede tiltak'; (4) **kommune-kompetansemangel**: 'Jeg anbefaler ikke å benytte kommunale ressurser som en tverrfaglig ressurs i utredningsprosessen. Kommunalt ansatte har ikke den nødvendige kompetansen'; (5) **utredning må ha tidsgrense**: 'Går grensen ved to år eller går den ved tolv år?'; (6) **barn til spesialist**: 'Jeg vil fraråde at kommuner griper inn i disse pasientenes liv all den tid kommunene mangler kunnskap om denne pasientgruppen'."
166,Landslagslegen.no,,,,uklar,False,1,skille_me_utmattelse,Svært kortfattet innspill (én setning) fra spesialist i fysikalsk medisin og rehabilitering Bård Ingegerdsson Freberg (Ph.D). Eneste budskap: tydeligere skille mellom ME/CFS og andre former for utmattelse.
167,Konsultasjonstjenesten (BUP CL-team) ved Haukeland Universitetssjukehus,,,,B_klar,False,7,biopsykososial_støtte;tilfriskning_håp;kognitiv_terapi_støtte;psykologisering;nocebo;arbeidsgruppe_kritikk;barn_og_unge,"Stiller seg bak BUP CL-utvalgets nasjonale uttalelse. Kritiserer at brukermedvirkning er overrepresentert i arbeidsgruppen, og at barnenevrologisk kompetanse er underrepresentert. Mener retningslinjen mangler tilfriskningsperspektiv – 'bedring' ikke godt nok som mål. Vil ha positiv biopsykososial diagnosestrategi, ikke 'medisinsk uforklart'-tilnærming."
168,Privatperson,,pasient_selv,,A_klar,False,16,pem_kjerne;pem_definisjon;egen_retningslinje;canadakriteriene_støtte;biopsykososial_kritikk;nice_2021;aktivitet_pacing;psykologisering;kunnskapsgrunnlag_smalt;kunnskapsgrunnlag_forskning;kunnskapsgrunnlag_brukererfaring;alvorlig_syke;barn_og_unge;tilfriskning_håp;kompetanseheving;implementering_konkret,"Pasient med egen erfaring (svært mange år syk) krever egen retningslinje for ME G93.3. Sentral observasjon: 'biopsykososialt' brukes i Norge som 'psykososialt med kroppslige manifestasjoner' – ikke som genuin helhetstilnærming. Pasienten ble selv mye dårligere fordi ingen lege/helsepersonell rådet henne til å holde igjen i tidlig sykdomsfase. Krever BPA fremfor standard hjemmetjeneste for forutsigbarhet, peker på at lavterskel hjelp som blodprøvetaking hjemme er kritisk. Påpeker risiko for at ME hos barn avfeies som skolevegring."
169,"Privatperson (94. mal-instans, ren)",,pasient_eller_pårørende_mal_ren,,A_klar,False,2,egen_retningslinje;stan_mal_setning,"94. mal-instans, ren standardmal."
17,"Privatperson (57. mal-instans, ikke-utmattelse-hovedsymptom)",,pasient_eller_pårørende_mal_pluss,,A_klar,False,3,egen_retningslinje;stan_mal_setning;mange_pasienter_ikke_utmattelse_hovedsymptom,57. mal-instans. **57. mal-instans** + sjelden poeng: mange ME-pasienter har ikke utmattelse som hovedsymptom.
170,Privatperson (14. mal-instans + LdN/Rapamycin-eksperimentell),,pasient_eller_pårørende_mal_pluss_medisin,,A_klar,False,9,pem_kjerne;egen_retningslinje;icd_g93_3;stan_mal_setning;aktivitetstilpasning_pacing;ldn_eksperimentell;rapamycin_studier;inflammasjonsdempende_medisiner;nevrolog_utrede_barn,**14. mal-instans** med tillegg av eksperimentell medikament-anbefaling. PEM-kunnskap som krav for fastlege. **Sjelden konkret medikament-referanse**: 'LdN og andre inflammasjonsdempende medisiner kan være alternativ. F eks Rapamycin se studier'. Krav om at nevrolog utreder barn.
171,"Privatperson (27. mal-instans, ren standardmal)",,pasient_eller_pårørende_mal_ren,,A_klar,False,2,egen_retningslinje;stan_mal_setning,"27. mal-instans, ren standardmal."
172,Privatperson (Aftenposten-debattinnlegg-referanse),,pasient_eller_pårørende_informert,,A_klar,False,7,pem_kjerne;egen_retningslinje;skille_lc_me_kronisk_utmattelse;aftenposten_debatt_referanse;helseministeren_ansvar_krav;pem_måle_tester;nyeste_forskning,A_klar med Aftenposten-debattinnlegg-referanse: 'Helseministeren må ta ansvar og sikre egen retningslinje for ME'.
173,Sykehuset Østfold,,,,pragmatisk,False,2,arbeidsgruppe_kritikk;implementering_konkret,Sykehuset Østfold påpeker den faglige uenigheten med dissensene som problem for retningslinjens nytteverdi. Stiller spørsmål ved nytten av en nasjonal veileder når det er stor uenighet om det faglige grunnlaget. Rehabiliteringsmiljøet ved sykehuset påpeker også at rehabiliteringstiltak mangler dokumentert effekt for denne pasientgruppen.
174,"Privatperson (mor til ME-syk datter, selv utmattelse)",,pårørende_alvorlig_syke,,A_klar,False,20,pem_kjerne;egen_retningslinje;skille_me_utmattelse;skille_me_utbrenthet;canadakriteriene_støtte;icd_g93_3;alvorlig_grad_synlig;alvorlig_grad_dusj_3_uke;biopsykososial_kritikk;psykologisering;aktivitet_pacing;epler_pærer_metafor;catosenteret_skadelig;nav_rehabilitering_skadelig;sommerfeldt_referanse_positiv;me_foreldrene_referanse_positiv;lyd_lys_sensitivitet;zoom_tverrfaglig;stan_mal_setning;dødsfall_konsekvens,"Pårørende-innspill med direkte erfaring: 'har selv ei datter med ME, og personlig har jeg utmattelse av andre årsaker'. Selvstendig vitnemål om at de er 'to heeeeeelt ulike tilstander som må hjelpes på to ulike måter'. Hovedanke gjennom alle felt: retningslinjen blander 'epler og pærer' og fører til 'alvorlige konsekvenser, til og med død for noen'. Konkret eksempel: datteren satt 'tilbake 3/4 år' pga rehabilitering NAV krevde og Catosenteret som ikke hadde kunnskap nok. Bruker standardmalsetningen (fjerde dokumenterte instans): 'Jeg aksepterer ikke at retningslinjen blander sammen ME med andre tilstander... Jeg krever en egen retningslinje kun for ME, G93.3.' Refererer positivt: lege Sommerfeldt ('vet hva han snakker om' om ME hos barn), ME-foreldrene som ressurs for å utarbeide tiltak. Bekymret om overgang fra barn til voksen: 'datteren vår passerte 18 år, opphørte hun [koordinator-helsesøster], og systemet kollapset'. Foreslår zoom-tverrfaglig vurdering ('var heftig da datteren vår var på det sykeste')."
175,"Privatperson (Bjørn Getz Wold, leder ME-Fondet)",,fagperson_privat_identifisert,,A_klar,False,14,pem_kjerne;pem_definisjon;egen_retningslinje;canadakriteriene_støtte;andre_diagnosekriterier;biopsykososial_kritikk;nice_2021;aktivitet_pacing;kognitiv_terapi_kritikk;kunnskapsgrunnlag_smalt;kunnskapsgrunnlag_forskning;implementering_konkret;arbeidsgruppe_kritikk;dårlig_prognose,"Bjørn Getz Wold (leder ME-Fondet, medforfatter Wold et al. 2024 og Wold/Brunborg Aftenposten 17.2.2025) viser til egen forskning med Elin Bolle Strand og Kari Tveito der ~2000 norske pasienter ble symptom-stratifisert. Identifiserer signifikant grunnlag for ulike behandlinger for ME-PEM vs kronisk utmattelse. Sentral metodologisk observasjon: Asprusten et al. 2018 selv erkjente at PEM-måling var for svak (5-trinns skala). Foreslår ICC-kriteriene 2011 (Carruthers et al.) som videreutvikling av Canadakriteriene. Krever to separate retningslinjer (ME og langvarig utmattelse uten PEM). Slutter med eksplisitt referanse til Haukeland-forskerne (Fluge, Mella, Tronstad)."
176,Privatperson,,fagperson_privat_sannsynlig,,A_klar,False,14,pem_kjerne;pem_definisjon;egen_retningslinje;skille_me_utmattelse;canadakriteriene_støtte;biopsykososial_kritikk;nice_2021;aktivitet_pacing;kognitiv_terapi_kritikk;kunnskapsgrunnlag_smalt;arbeidsgruppe_kritikk;barn_og_unge;implementering_konkret;nocebo,"Avviser høringsutkastet i sin nåværende form. Krever vesentlig revisjon før eventuell implementering, med PEM som styrende kardinalsymptom, tydelig avgrensning av ME/CFS som egen tilstand atskilt fra andre utmattelsestilstander, og forankring i NICE 2021 og Cochranes evidensvurderinger. Særlig kritisk til endringen fra «aktivitetsavpasning» til «aktivitetsregulering» som kan implisere ekstern styring fremfor pasientstyrt energibegrensning. Mener evidensgrunnlaget (særlig PACE, GET, CBT) er utilstrekkelig kritisk vurdert. Avviser implisitt antakelse i tillitskapittelet om at pasientavvisning av tilbud uttrykker manglende innsikt; mener slik avvisning ofte er rasjonell respons på erfaring med forverring."
177,"Privatperson (122. mal-instans, ren)",,pasient_eller_pårørende_mal_ren,,A_klar,False,2,egen_retningslinje;stan_mal_setning,"122. mal-instans, ren standardmal."
178,"Privatperson (37. mal-instans, ren)",,pasient_eller_pårørende_mal_ren,,A_klar,False,2,egen_retningslinje;stan_mal_setning,37. mal-instans.
179,Privatperson,,Pasient/pårørende med fagkompetanse,,A_klar,False,17,pem_kjerne;pem_definisjon;egen_retningslinje;skille_me_utmattelse;canadakriteriene_støtte;biopsykososial_kritikk;nice_2021;aktivitet_pacing;kognitiv_terapi_kritikk;lp_kritikk;kunnskapsgrunnlag_brukererfaring;kunnskapsgrunnlag_forskning;alvorlig_syke;barn_og_unge;tvang_pasientvern;psykologisering;arbeidsgruppe_kritikk,"Sterkt kritisk A-side-innspill som krever at hele utkastet skrotes og at ny arbeidsgruppe etableres med kompetanse på ME etter G93.3-definisjonen - eksplisitt uten Nasjonal kompetansetjeneste (NKT) som beskrives som inkompetent. Påpeker at retningslinjen er mer utydelig enn 2015-veilederen som hadde dedikert kapittel 3.9 om pleie/omsorg for de alvorligst syke - alle slike beskrivelser er nå fjernet. Refererer Tjenesten og MEg (FAFO/SINTEF), Røysumtunet. Argumenterer for at FUNCAP 55 må anbefales fremfor ICF. Spesielt skarp kritikk av kapittelet om kommunen og tillitsskapende arbeid - mener det legger opp til tvang etter Pasient- og brukerrettighetsloven kap. 4A overfor ME-pasienter som med rette avviser kontraindiserte tjenester."
18,"Privatperson (analytisk-saklig, spontan bedring-kritikk)",,fagperson_privat_sannsynlig_analytisk,,A_klar,False,9,pem_kjerne;egen_retningslinje;icd_g93_3;cfs_uheldig_tittel;spontan_bedring_synsing_kritikk;statistikk_forskning_uvanlig_bedring;individuell_koordinator_krav;sikringstiltak_anfall;kroppslig_utmattelse_intoleranse,"A_klar med analytisk-saklig stil. **Eksplisitt kritikk av 'spontan bedring'-formulering** i utkastet: 'Uenig med at flere med spontan bedring under utredning, skal stå i rettningslinjene, iogmed at det er ingen forskning eller statistikk som tilsier dette og det blir da synsing'. Hevder forskning viser at spontan bedring er **uvanlig** for ME G93.3."
180,"Privatperson (nynorsk, FAFO-referanse, biomedisinsk-tillit)",,pasient_eller_pårørende_aktivist_nynorsk,,A_klar,False,8,egen_retningslinje;stan_mal_setning_nynorsk;biomedisinsk_forskning;nice_guidelines;fafo_undersøking;ignorert_feilbehandla;immunologi_metabolisme_sirkulasjon;alvorleg_sjuke_lidd,"Nynorsk A_klar med standardmal-variant. NICE + FAFO-undersøkelsen som autoritetsankre. Tung kritikk: 'Desse svært alvorleg sjuke menneska har blitt ignorert, feilbehandla og lidd lenge nok'."
181,"Privatperson (93. mal-instans, ren)",,pasient_eller_pårørende_mal_ren,,A_klar,False,2,egen_retningslinje;stan_mal_setning,"93. mal-instans, ren standardmal."
182,"Privatperson (deklarert PSYKOLOGSPESIALIST, NICE-639-kilder-kritikk)",,fagperson_privat_identifisert_psykologspesialist,,A_klar,False,8,fagperson_psykologspesialist;egen_retningslinje;sammensatt_pasientgruppe_dekkende_kritikk;nice_639_kilder_referanse;få_kilder_lav_kvalitet;pinlig_lesning;legg_ned_arbeidet;metodologisk_kritikk,"**7. fagperson_privat_identifisert: PSYKOLOGSPESIALIST**. **Substansiell metodologisk kritikk**: 'NICE identifiserte flere tusen kilder, og inkluderte 639. Det er nesten som man lurer på om dere er seriøse her. Dette var pinlig lesing'."
183,Privatperson,,fagperson_privat_sannsynlig,,A_klar,False,18,pem_kjerne;pem_definisjon;egen_retningslinje;skille_me_utmattelse;canadakriteriene_støtte;biopsykososial_kritikk;nice_2021;aktivitet_pacing;kognitiv_terapi_kritikk;kunnskapsgrunnlag_smalt;kunnskapsgrunnlag_brukererfaring;kunnskapsgrunnlag_forskning;alvorlig_syke;barn_og_unge;psykologisering;nav_arbeidsliv;kompetanseheving;implementering_konkret,"Klinisk-faglig argumenterende privatperson som krever tre separate retningslinjer: (1) utredning og oppfølging av symptomet utmattelse, (2) ME/CFS, (3) postinfeksiøse symptomer og tilstander inkl. Long Covid. Sentrale forslag: NAV bruker veilederen til å bestemme hvilke behandlinger som kreves før uføretrygd kan søkes – derfor må retningslinjen skrives så presist at udokumenterte behandlinger ikke kan kreves. Foreslår at fastleger får en praktisk veileder for utredning av utmattelse med screeningsverktøy, oversikt over årsaker og henvisningsrutiner. Anbefaler boken «Physiotherapist's Guide to Understanding and Managing ME/CFS» (2023) av Leslie, Clague-Baker, Hilliard og Bull. Vil at PEM-screening skjer tidlig etter sykdomsdebut (føre-var-prinsipp). Foreslår at Canadakriteriene suppleres med NICE-, IOM-, ICC- og CDC-kriterier for å gi et mer helhetlig bilde. Skarp kritikk av at kapittelet «kommunen_tillit» er hjerteskjærende for de sykeste – vitner om manglende forståelse av biologiske mekanismer. Mener prosjektgruppen bør konsultere Røysumtunet, Ola Didrik Saugstad, ME-foreldrene og ME-foreningen for å skrive et eget kapittel om alvorlig og svært alvorlig ME."
184,Sykehuset i Vestfold,,,,B_klar,False,9,biopsykososial_støtte;canadakriteriene_kritikk;aktivitet_gradvis_økning;kognitiv_terapi_støtte;nocebo;tilfriskning_håp;psykologisering;kunnskapsgrunnlag_forskning;barn_og_unge,"Sykehuset i Vestfold (knyttet til Kysthospitalet/Nerli RCT) er tydelig B-aktør. Støtter felles retningslinje uten skille mellom langvarig utmattelse og ME/CFS. Foretrekker 'utforskning av aktiviteter' framfor 'regulering'. Kritisk til at PEM omtales som om det er kvalitativt annerledes enn vanlig symptomvariasjon. Berømmer biopsykososial modell, men mener den ikke gjennomsyrer retningslinjen. Påpeker at brukerstemmen mangler 'de som har blitt friske'."
185,"Privatperson (LC + ME, kognitiv svikt-fokus)",,pasient_long_covid_pasient_kompleks,,A_klar,False,7,pem_kjerne;egen_retningslinje;kognitiv_svikt_større_betydning;trening_kontraindisert;tverrfaglig_kompetansesentra_krav;fastlege_tidsrammer_knappe;alle_me_pem_per_definisjon,"A_klar med LC+ME-fokus. Substantielt poeng: 'Utmattelse er bare ett symptom ved LC (og ME). Andre symptom, som f eks kognitiv svikt, kan ha større betydning for livskvalitet og arbeidsevne'. **Tverrfaglige kompetansesentra-krav**."
186,Unicare Friskvern,,,,tjenestefaglig,False,4,canadakriteriene_støtte;nav_arbeidsliv;tjenester_samhandling;implementering_konkret,"Privat rehabiliteringsleverandør med erfaring fra CFS/ME-rehabilitering. Støtter at retningslinjen har bredere fokus enn bare CFS/ME, og at fastlegens rolle styrkes. Vil ha Canadakriteriene som krav, ikke anbefaling. Peker på praktisk problem: pasienter henvises ofte til rehabilitering som siste ledd før uføretrygd-vurdering, med lav motivasjon. Etterlyser bedre digital rehabilitering – kritisk til at HSØ har fjernet dette i nye anbud. Påpeker risiko for ulike (ikke likeverdige) tilbud nasjonalt grunnet ulike anbudskriterier mellom RHF-er."
187,Norsk Kiropraktorforening,,,,tjenestefaglig,False,2,biopsykososial_støtte;tjenester_samhandling,Norsk Kiropraktorforening leverer profesjonsfaglig innspill med ett hovedformål: synliggjøre kiropraktorers rolle som primærkontakt i førstelinjetjenesten ved kartlegging og oppfølging av pasienter med muskel- og skjelettrelaterte plager som kan inngå i symptombildet. Støtter retningslinjens biopsykososiale perspektiv og Canadakriteriene uten innvendinger. Etterlyser tydeligere tverrfaglig samarbeid med kiropraktorer.
188,Helse Fonna HF,,,,B_modifisert,False,4,biopsykososial_støtte;aktivitet_gradvis_økning;tilfriskning_håp;barn_og_unge,"Helse Fonna kritiserer at retningslinjen har for sterkt fokus på aktivitetsreduksjon, og savner klare anbefalinger om gradvis aktivitetsøkning. Frykt for overbelastning i pasientgruppen kan føre til kronifisering og unngåelsesatferd. Vil ha mer rehabiliteringsfokus. Påpeker at habiliteringstjeneste for barn savnes nevnt."
189,FO (Fellesorganisasjonen),,,,tjenestefaglig,False,1,tjenester_samhandling,"FO tar eksplisitt ikke stilling til diagnosekriterier eller den faglige retningen. Anerkjenner at det er diskusjoner. Leverer ett konkret budskap: sosialfaglige profesjoner (sosionom, vernepleier, barnevernspedagog) bør inkluderes i tverrfaglig utredning som koordinerende kompetanse, særlig for barn og unge."
19,Privatperson (Haukeland+ME-foreningen-allianse),,pasient_eller_pårørende_aktivist,,A_klar,False,5,egen_retningslinje;haukeland_forskning;me_foreningens_kunnskap;synsing_kritikk;spesifikk_sykdom_kompetanse,A_klar med Haukeland + ME-foreningen-allianse. 'Ikke synsing av mennesker som ikke kan denne spesifikke sykdommen'.
190,"Privatperson (medical gaslighting-perspektiv, NKT-kritikk)",,pårørende_eller_pasient,,A_klar,False,16,pem_kjerne;pem_definisjon;egen_retningslinje;skille_me_utmattelse;canadakriteriene_støtte;icd_g93_3;nice_2021;biopsykososial_kritikk;psykologisering;aktivitet_pacing;medisinsk_gaslighting;rehabilitering_kritikk;nkt_kritikk;alvorlig_grad_synlig;tilfriskningsmyte_kritikk;differensialdiagnostikk_grundig,"A_klar-innspill som artikulerer sentralt prinsipp: 'Når du har ulike sykdommer, som har noen sammenfallende symptomer, men som trenger stikk motsatte råd for aktivitet og skjerming, så er det viktig å skille de fra hverandre.' Krever egen retningslinje for ME (G93.3). Krever at retningslinjer for ME baseres KUN på forskning på pasienter med PEM. Konkrete kliniske krav: fastlegen må ha verktøy for tidlig PEM-identifikasjon; ME-diagnose må ikke gis for tidlig og dermed ignorere videre utredning av alvorlige symptomer; pasienter må læres aktivitetsavpasning og PEM 'umiddelbart' ved mistanke. Kritiserer eksplisitt 'leder for inkompetanse-senteret' (sannsynlig NKT-CFS/ME-spark) som 'gjentar som et mantra at vi tenker oss at de fleste blir friske, helt uten noe faglig grunnlag for å tenke det'. Foreslår at fastleger får liste over hva som skal utredes/utelukkes for å unngå at ME blir en oppsamlingsdiagnose. Diskuterer balansegangen ved at moderat ME-pasienter også må unngå overdrevet inaktivitet — foreslår fysioterapi over zoom og 2-minutters bevegelsesøkter. Inneholder kraftige formuleringer: 'Be-handling som skader pasienten er mis-handling' og 'La oss ikke blande sammen religion, tro og håp, med helsevesen og seriøs forskning.'"
191,"Privatperson (ME siden 2011, 'vi krever'-kollektiv)",,pasient_me_kollektiv_krav,,A_klar,False,8,pem_kjerne;egen_retningslinje;icd_g93_3;multisystemisk_kompleks;brede_retningslinjer_skadelig;feilbehandling_forverring;pem_styrende_alle_anbefalinger;kollektiv_krav_språk,"A_klar med ME siden 2011. Bruker kollektivt 'vi krever'-språk. PEM som kjerne: 'selv små belastninger kan føre til betydelig og langvarig forverring'. Hovedanke: 'En egen, selvstendig retningslinje'."
192,"Privatperson (Karlson-tilfrisket, 6 uker hytte)",,pasient_oku_karlsons_tilfrisket,,B_modifisert,False,5,oku_karlsons_konkret;6_uker_hytte_isolasjon;9_måneder_hjemme_ikke_bedre;karlsonpsykologene_eksplisitt;frisk_av_metode,**35. OKU/Karlsons-tilhenger**. 'Ble frisk av metoden til Rune Karlson (6uker på en hytte i isolasjon). Ble ikke bedre av å slappe av hjemme i 9måneder. Karlsonpsykologene altså'.
193,Privatperson (fysiologisk overbelastningsrammeverk),,tilfrisket_overbelastning_rammeverk,,B_modifisert,False,9,fysiologisk_overbelastning;utmattelse_overbelastning;subgruppe_differensiering;redusere_ansvar;redusere_belastning;fysiologisk_restitusjon;individuell_tilpasning;biopsykososial_støtte;tilfriskning_håp,"Konsekvent gjennomført argument om at retningslinjen må anerkjenne en undergruppe med 'overbelastningsrelatert kronisk utmattelse som primært er fysiologisk betinget' — en kategori som ikke nødvendigvis skal falle under ME/CFS-diagnose. Hovedforslag: differensiering i diagnosekriterier som identifiserer fysiologisk overbelastning som egen profil. Behandlingsrammeverket er konsekvent: reduksjon av ansvar og fysisk aktivitet, fysiologisk hvile, hvileperioder, unngåelse av overstimulering, stabilisering av fysiologisk tilstand. Anvendes likt på alle 15 anbefalinger gjennom det samme tekstmønsteret. Krever spesialistvurdering med 'spesialkompetanse på fysiologisk belastning' og opplæringsprogrammer for helsepersonell i å skille overbelastningsutmattelse fra andre tilstander. Berører ikke PEM, Canadakriteriene som obligat, eller G93.3-diagnose direkte."
194,"Privatperson (konstruktiv-pragmatisk A_modifisert, Pinxterhuis-referanse)",,pasient_eller_pårørende_konstruktiv_pragmatisk,,A_modifisert,False,17,pem_kjerne;egen_retningslinje;egen_kapittel_minimum;tilbakeskritt_ikke_fremskritt;pinxterhuis_4_p;ergoterapispesialist_referanse;energiøkonomisering;symptomlindring_eksempler_mangler;tilsynslege_savnes;anaerob_forbrenning_melkesyre;sykkeltest_pem_test;gradering_sykdom_savnes;norskkunnskaper_helsepersonell;kunnskapspool_nettforslag;tålmodighet_aktivitetsøkning;stabilisering_etter_aktivitet;praksisbasert_kunnskap,"A_modifisert med konstruktiv-pragmatisk tilnærming — bruker positiv anerkjennelse som inngang: 'Generelt mye bra i utkastet til ny veileder, men den oppleves allikevel som et tilbakeskritt, ikke som et fremskritt'. Hovedankene: (1) **kompromiss**: hvis ikke egen retningslinje, så minst eget kapittel for ME/CFS; (2) **4 P'er fra Irma Pinxterhuis** (førsteamanuensis/ergoterapispesialist): Prioritering, Planlegging, Plassering, Pauser — sentral norsk ergoterapifaglig modell for energiøkonomisering; (3) anaerob forbrenning og melkesyre-dannelse savnes; (4) sykkeltest som eksempel for PEM (sannsynlig 2-day CPET-referanse); (5) gradering av sykdommen savnes; (6) tilsynslegens rolle savnes for institusjons-pasienter; (7) norskkunnskaper hos helsepersonell — viktig praktisk poeng om sproglig kvalitet. Substansielt poeng om praksis: 'Mange leger anerkjenner ikke praksisbasert kunnskap eller pasienterfaringer. Dermed får pasienter ikke muligheter til å prøve noe som evt. kan bedre symptomene'. Implementeringsforslag: kunnskapspool med lenker til ME-forskning."
195,"Privatperson (DPS-systemkritikk, øyeblikksbilde-utredning)",,pasient_dps_kritisk_pragmatisk,,pragmatisk,False,7,dps_øyeblikksbilde_utredning;underliggende_symptomer_savnes;6_måneder_uten_tilbud;tilbud_ikke_kombinerbare;forebygge_utbrent_igjen;langtidsperspektiv_savnes;ventetid_spesialist,"Pragmatisk DPS-systemkritikk. Hovedanke: 'DPS utredning gjennomføres ut i fra et øyeblikksbilde, og man får derfor utredet de symptomene man har når utmattelsen er et faktum, og ikke underliggende symptomer som strekker seg tilbake i tid'. Substantielt poeng om at tilbud diskvalifiserer hverandre: 'Får man utredning hos DPS diskvalifiseres man fra behandlingstilbud i andre offentlige instanser'."
196,"Privat person (25 års ME, system-utmattet, realistisk pragmatisk-A)",,pasient_me_25_år_realistisk,,A_klar,False,13,pem_kjerne;25_års_sykehistorie;fysioterapeut_opptrening_urealistisk;fastlege_overbelastet;samlokalisering_utredning;video_møte_alternativ;voksne_ansvarlig_egen_helse;barn_normalisere_ønske;system_endring_nødvendig;halvgode_intensjoner_ikke_nok;autoritær_bedrevitende_helsepersonell;pasient_egen_kropp_kjenner;andre_pasienters_erfaring_nettverk,"A_klar pasient med 25 års ME-historie. Skriver realistisk-pragmatisk om systemets begrensninger: 'Hvis min fastlege får mer pålegg så kollapser han. Slik er det i dag, med hele helsevesenet. Gode intensjoner blir en belastning for pasienten og fastlegen. Tanken er god. Men …,,,,,'. Hovedanke: 'Vi med ME orker ikke flere halv gode intensjoner og halvveis tilbud'. **25 års erfaring som A-side-pasient**: 'I dag. Ingen hjelp. Litt mer forståelse'. Konkret om fysioterapeut-kritikk: 'kom manglende kunnskap og hos faggrupper f.eks. fysioterapeut helt urealistisk tanker om opptrening. Det er ikke helt borte i dag heller. Vet ikke hvor mange smeller med tilbake fall jeg har gått igjennom pga av til dels autoritære bedrevitere i helsevesner'. Konkrete operative forslag: (1) **alt på ett sted** — 'Å fortelle alt 100 ganger sliter ut alle ME pasienter'; (2) **videomøte alternativ** til fysisk oppmøte (kan utløse PEM); (3) trening hjemme med veiledning + oppmøte/telefon imellom; (4) voksne mentalt friske skal behandles som ansvarlige for egen helse. Avsluttende implementering: 'Begynn med å lage innspill hvordan få et bedre helsevesen. Nåværende system må endres'."
197,"Privatperson (Karlson-bok-tilfrisket, fastlege lærte)",,pasient_oku_karlsons_tilfrisket,,B_modifisert,False,5,oku_karlsons_konkret;total_isolasjon;minimal_kontakt_ansvar;fastlege_lærte_av_pasient;stor_bedring,**33. OKU/Karlsons-tilhenger**. Tilfrisket gjennom Karlson-bok. **Fastlege lærte av pasientens beskrivelser**.
198,"Privatperson (Skogli+Cato-rehab, vagusnerve selvlært)",,pasient_oku_nevroplastisk_selvundervist,,B_modifisert,False,7,gikk_i_veggen_6_uker;skogli_rehab_begrenset_utbytte;catosenter_rehab_begrenset;vagusnerve_lært_selv;ans_riktig_hvile_aktivitet;ensomhet;selvlært_endring,"**31. B-leiren-tilhenger**. Skogli og Catosenteret rehab uten effekt. Selvlært vagusnerve+ANS-regulering. 'Hva som hjalp var å lære om vagusnerven, ans og riktig hvile/aktivitetsnivå. Men det har jeg lært meg selv'."
199,Privatperson (skriver 'etter oppfordring fra Rune Karlson'),,pasient_oku_karlsons_koordinert,,B_modifisert,False,14,oku_anerkjennes_som_egen_kategori;oku_vs_me_forskjellig_behandling;rune_karlson_oppfordring;rune_karlson_spesialist;utmattelse_overbelastning;flink_pike_syndrom;tilfriskning_håp;selvstendig_næringsdrivende;tilbakefall_for_tidlig_arbeid;fastlege_kunnskapsmangel_oku;spesialist_for_oku;behandling_utenfor_hjemmet;tverrfaglig_oku_me_skille;kursing_helsepersonell_oku,"**KOORDINERT KARLSONS-TILHENGER** — innspillet åpner eksplisitt med 'Jeg skriver dette innlegget etter oppfordring fra Rune Karlson.' Dette er direkte bevis på en koordinert strategi fra Karlsons-leiren for å plassere OKU (Overanstrengelsesutløst Kronisk Utmattelse) som anerkjent diagnostisk kategori i høringsprosessen. **Hovedanke gjennom alle felt**: 'Pasienter med OKU og ME/CFS må behandles forskjellig'. Etterlyser at OKU anerkjennes som egen kategori med eget løp i retningslinjen, ikke som undertype av ME. Innsender beskriver egen sykehistorie fra oktober 2000: total kollaps fredag ettermiddag etter langvarig stress, klassisk OKU-symptombilde (fatigue, lyd-/lysintoleranse, hjernetåke, kvalme, hodepine, svimmelhet, dobbeltsyn, frysing). 'Flink pike'-syndrom og stress over jobbens overlevelse → for tidlig forsøk på retur i jobb → tilbakefall. Hovedforslag i alle felt: (1) fastleger må få bedre kunnskap om OKU, (2) flere enn leger bør kartlegge pasienten, (3) OKU og ME må differensieres tidlig (spesialisthelsetjenesten må inn), (4) OKU-pasienter bør behandles utenfor hjemmet en periode, (5) bedre utdanning av leger om både OKU og ME."
2,"Privatperson (ME 20 år, Ivermectin-egen utprøving, kontroversiell)",,pasient_me_alternativ_årsaksforklaring,,A_klar,False,16,biomedisinsk_forskning;mitokondrier_atp;psykolobbyen_kritikk;kognitiv_dissonans_vrang_vilje;skille_me_long_covid_psykisk;ivermectin_eksperimentell;robert_clancy_referanse_australia;covid_through_our_eyes_bok;epstein_barr_virus_trigger;norge_restriktiv_legemiddel;egen_ivermectin_utprøving_utlandet;alternativ_årsaksforklaring;spikeprotein_hypotese;ingen_bivirkninger_egen;forebygging_bedre_enn_reparasjon;støtter_fagdissens_anerkjenner,"A_klar med **kontroversiell alternativ behandlingsanbefaling**. Innledning: 'Dette ser bra ut, slik jeg ser det. At psykolobbyen tar dissens er bare fint, de har fortsatt ikke tatt innover seg den enorme mengden med biologisk forsking som avslører svekkelser i mitokondrienes evne til å produsere ATP'. **'Psykolobbyen'-term** er en sterk retorisk gripepunkt — peker på fagdissenserne (Nerli, Herner, Jøssang, Prydz) som 'psykolobbyen'. Bruker 'kognitiv dissonans og vrang vilje' om dem som ikke ser forskjell på psykisk utmattelse og ME. **Hovedinnhold er Ivermectin-anbefaling**: 'Det finnes et legemiddel som faktisk både kan forebygge, men også hjelpe de som har blitt syke. Legemiddelet heter Ivermectin'. Forklaring: 'Ivermectin binder seg til spikeproteinet til coronaviruset... Det samme skjer ved kyssesyke viruset. Tar man Ivermectin tidlig i forløpet hindrer man langvarig utmattelse'. **Egen utprøving**: 'Undertegnede (ME syk i 20 år) har selv forsøkt dette på reiser til land som er mindre restriktive enn Norge når det kommer til dette legemiddelet. For meg gir 12 mg Ivermectin pr dag betydelig redusert symptombilde'. Refererer Professor Robert Clancy fra Australia og boken 'Covid through our eyes'."
20,Privatperson (mor til ME-syk datter),,pårørende_alvorlig_syke,,A_klar,False,11,pem_kjerne;pem_definisjon;egen_retningslinje;canadakriteriene_støtte;biopsykososial_kritikk;psykologisering;alvorlig_syke;barn_og_unge;kunnskapsgrunnlag_brukererfaring;tjenester_samhandling;kompetanseheving,Mor til ME-syk datter (overgang fra alvorlig syk til relativt fungerende ved at hun fikk styre dagen selv og ikke ble pushet). Konsekvent 'epler og pærer'-metafor for sammenblanding. Forteller at avtalebarsler ble unngått ved at lærer og lege kom hjem til henne. Hjemmesykepleie var ikke et fungerende alternativ – for sykt for fremmede i huset. Kritisk til to navngitte/anonymiserte aktører som tenker biopsykososialt. Foreslår enklere bytte av lege ved manglende kompetanse. Sterk på at sykepengeordning til foreldre må strekke seg utover 18-årsdagen.
200,"Privatperson (lærer, 25 år skoleverk, OKU/Karlsons-tilfrisket)",,pasient_oku_karlsons,,B_modifisert,False,9,utmattelse_overbelastning;tilfriskning_håp;oku_karlsons_konkret;slow_living;nav_kritikk;kunnskap_helsepersonell;skjermfri_skole_anekdote;sykepenger_fleksibilitet;individuell_tilpasning,"Lærer (25 år i skoleverket) som beskriver overbelastning etter familiekrise (et dødsfall høsten -23) som førte til sammenbrudd nyttår -25 med kronisk stresshodepine, kvalme, svimmelhet og kognitiv svikt. Hovedhistorie: tilfriskning gjennom Rune Karlsons 'Utmattelse'-program — fire ukers isolasjon på hytta med kontantkort/dum-telefon, ingen smartphone/PC, ingen kontakt fra helse eller NAV. Trinnvis opptrapping til 100 % jobb januar -26. Innspillet er primært en argument for Karlsons OKU-tilnærming og imot NAVs aktivitetspålegg (kurs, stressmestring) som beskrives som direkte skadelige for utmattede. Krever obligatorisk opplæring av alle helsepersonell (leger, sykepleiere, psykologer, psykiatere, helsesykepleiere). Anbefaler skjermfri skole og endringer i sykelønnsordningen (vekk fra karensdager for utmattede). Skiller ikke ME fra utmattelse; behandler det som ett kontinuum av overbelastning som kan løses gjennom radikal skjerming."
201,"Privatperson (pårørende-utmattelse, forebyggende kartlegging-forslag)",,pårørende_omsorg_forebyggende,,pragmatisk,False,4,pårørende_omsorg_utbrent;systematisk_kartlegging_forebyggende;kostnadseffektivt;tidlig_diagnose,Pragmatisk pårørende-fokus: krav om systematisk kartlegging av pårørendes utmattelsesrisiko.
202,"Privatperson (deklarert SYKEPLEIER, Karlson-bok-tilfrisket)",,fagperson_privat_identifisert_sykepleier_karlsons,,B_modifisert,False,8,oku_karlsons_konkret;sykepleier_egen;boka_karlson_fastlege_delt;2003_langtidssykemeldt_første_gang;yoga_mindfulness_ikke_hjelp;høye_omsorgskrav_lite_søvn;fastlege_åpen_karlson_anbefalinger;tilbake_aktivitet_for_raskt_skadelig,**23. OKU/Karlsons-tilhenger og 4. fagperson_privat_identifisert: SYKEPLEIER**. Langtidssykemeldt i 2003 (før ME/CFS-diagnoser) → behandling: gå tur i skogen → ikke hjalp → 7 år utmattelse. 2025: igjen utmattet etter høye omsorgskrav → yoga/mindfulness anbefalt → forverring → Karlson-bok → ga til fastlege → tilfrisket.
203,Privatperson,,pårørende_eller_pasient,,A_klar,False,14,pem_kjerne;pem_definisjon;egen_retningslinje;canadakriteriene_støtte;biopsykososial_kritikk;nice_2021;aktivitet_pacing;kunnskapsgrunnlag_smalt;kunnskapsgrunnlag_brukererfaring;alvorlig_syke;barn_og_unge;tvang_pasientvern;kompetanseheving;implementering_konkret,"Nynorsk innspill fra familie med ME-erfaring. Krever separate retningslinjer etter NICE 2021-modell. Identifiserer at fastlege som spesialist i allmennmedisin ikke kan sette ME-diagnose i ICD – etterspør avklaring. Påpeker at ME-foreningens spørreundersøkelsessammenstilling viser at aktivitetsavpassing oftest fører til bedring, mens gjentatt PEM fører til langvarig forverring. Sterk kritikk av Nasjonal kompetansetjeneste som ikke fungerer som spesialisthelsetjeneste. Refererer Signe Flottorps innvendinger mot NICE som 'grundig tilbakevist'."
204,Privatperson,,fagperson_privat_sannsynlig,,A_klar,False,10,pem_kjerne;pem_definisjon;skille_me_utmattelse;biopsykososial_kritikk;kognitiv_terapi_kritikk;kunnskapsgrunnlag_smalt;kunnskapsgrunnlag_forskning;alvorlig_syke;kompetanseheving;implementering_konkret,"Privatpersonen leverer eksepsjonelt detaljert metodisk kritikk av forskningsgrunnlaget. Identifiserer at Kong et al. 2023 har statistisk signifikant effekt KUN med passive kontrollgrupper, ikke med aktive – feilaktig presentert i retningslinjen. Påpeker at Maas et al. 2024-studiene inkluderer CFS men ikke ME/CFS, kun én tar hensyn til PEM, kun to inkluderer LC. Tre grupper av studier (aktivitet alene, KAT alene, kombinasjon) burde vært analysert hver for seg. Krever LC/senfølger Covid-19 eksplisitt inkludert gjennom hele dokumentet. Refererer Appelman 2024 muskelbiopsi-funn, Aschman 2023, Baalbaki 2025, Diar Bakerly 2024."
205,Tromsø kommune,,,,tjenestefaglig,False,5,tjenester_samhandling;implementering_konkret;alvorlig_syke;barn_og_unge;nav_arbeidsliv,Tromsø kommune leverer pragmatisk innspill fra tjenestesiden. Hovedinnvending: retningslinjen flytter mye ansvar fra spesialisthelsetjeneste til fastlege uten å overføre ressurser. Vil ha tverrfaglig ansvarsfordeling tydeliggjort. Påpeker at ny veileder mister praktisk veiledning fra gammel veileder for de sykeste pasientene. Kritisk til anbefaling om aktivt å følge opp pasienter som takker nei til hjelp – mener gjeldende lovverk for informert samtykke er tilstrekkelig. Vil ha tidligere henvisning av barn til spesialisthelsetjenesten.
206,Nasjonal kompetansetjeneste for CFS/ME,,,,B_klar,False,11,biopsykososial_støtte;canadakriteriene_kritikk;nevroplastisitet;kognitiv_terapi_støtte;aktivitet_gradvis_økning;tilfriskning_håp;nocebo;psykologisering;kunnskapsgrunnlag_forskning;barn_og_unge;arbeidsgruppe_kritikk,NKT-CFS/ME er en av de tyngste B-aktørene og leverer omfattende kritikk av retningslinjen. Vil ha felles veileder for alle former for langvarig utmattelse inkludert CFS/ME – fraråder uttrykkelig at det lages atskilte retningslinjer slik pasientorganisasjonene foreslår. Argumenterer for biopsykososial forståelsesmodell og prediktiv/interoseptiv hjernemodell ('alle symptomer er en hjernefunksjon'). Etterlyser at kognitiv atferdsterapi får eksplisitt plass som anbefalt behandling. Kritiserer at aktivitetsregulering legges opp uten 'gradvis økning av aktivitet'. Vil ha tilfriskning – ikke bare mestring – som mål. NKT-CFS/ME 'støtter dissensene' – men disse er andre dissenser enn pasientorganisasjonenes; det dreier seg om to allmennleger og representant fra Kysthospitalet/tertiærsykehus som har tatt dissens fra B-siden.
207,"Oslo universitetssykehus - Barne- og ungdomsklinikken del 1 (Avd. for barn og unges psykiske helse på sykehus, Fagråd Ergoterapi, CFS/ME-senteret)",,,,B_klar,False,11,biopsykososial_støtte;nevroplastisitet;kognitiv_terapi_støtte;aktivitet_gradvis_økning;tilfriskning_håp;nocebo;psykologisering;barn_og_unge;kunnskapsgrunnlag_forskning;kompetanseheving;arbeidsgruppe_kritikk,"Samlet innspill fra tre OUS-enheter. Den mest detaljerte fagmedisinske B-stemmen i høringen. Forankret i prediktiv hjerne-modell (Löwe et al. 2024 Lancet om persistent physical symptoms), helseangst-konseptet og biopsykososial forståelsesramme. Krever omskrivning av store deler av retningslinjen. Vil at 'bedring' erstattes med 'tilfriskning' gjennomgående. Aktivitetsregulering må ha mål om gradvis økning og inkluderes som behandling. Kognitiv atferdsterapi må omtales spesifikt. Sterkt kritisk til at PEM gjøres til styrende premiss. Sterkt fokus på at hjernens iboende prediktive funksjon gjør at langvarige symptomer skaper videre symptomer. Vil ha symptomklinikk-modell etter Burton 2024 og Reme/Abrahamsen 2023."
208,"Avdeling for barn og unges psykiske helse på sykehus, OUS (forts. del 2)",,,,B_klar,False,10,biopsykososial_støtte;nevroplastisitet;kognitiv_terapi_støtte;aktivitet_gradvis_økning;tilfriskning_håp;nocebo;psykologisering;barn_og_unge;kunnskapsgrunnlag_forskning;kompetanseheving,"Direkte fortsettelse og duplisering av id 207, men her uten medsignering fra Fagråd Ergoterapi og CFS/ME-senteret. Innholdsmessig identisk linje fra Avdeling for barn og unges psykiske helse på sykehus (OUS Barne- og ungdomsklinikken). Samme prediktiv-hjerne-forankrede biopsykososiale tilnærming. Behandles som ett samlet hovedinnspill med id 207 ved aggregering."
209,Sørlandet sykehus HF (SSHF),,,,B_modifisert,False,8,biopsykososial_støtte;aktivitet_gradvis_økning;kognitiv_terapi_støtte;nocebo;tilfriskning_håp;kunnskapsgrunnlag_forskning;psykologisering;implementering_konkret,"SSHF (Infeksjonsseksjonen) etterlyser tydeligere evidensgradering (GRADE, PICO-spørsmål) etter mal fra hjerneslag-retningslinjen. Sterk B-posisjon: påpeker at biopsykososial modell er fraværende i øvrige avsnitt utenfor innledningen, og at retningslinjen bærer 'stort preg av tidligere CFS/ME-veileder'. Vil ha tydeligere anbefaling om gradvis aktivitetsøkning – ikke bare tilpasning til 'her og nå'-symptomer. CFS/ME er en eksklusjonsdiagnose, dette må fremkomme. Bekymret for noceboeffekt av forklaringsmodeller og symptomovervåking."
21,"Privatperson (64. mal-instans, PEM-kriterium)",,pasient_eller_pårørende_mal_pluss,,A_klar,False,3,egen_retningslinje;stan_mal_setning;pem_kriterium_obligatorisk,64. mal-instans. 64. mal-instans + PEM-kriterium.
210,Privatperson,,pasient_selv,,A_klar,False,18,pem_kjerne;pem_definisjon;egen_retningslinje;skille_me_utmattelse;canadakriteriene_støtte;biopsykososial_kritikk;nice_2021;aktivitet_pacing;kognitiv_terapi_kritikk;kunnskapsgrunnlag_brukererfaring;kunnskapsgrunnlag_forskning;alvorlig_syke;barn_og_unge;nav_arbeidsliv;kompetanseheving;implementering_konkret;tvang_pasientvern;psykologisering,"Strukturert privatperson som krever egen retningslinje for ME med G93.3-diagnose, med PEM forklart grundig som kardinalsymptom. Bruker systematisk overskrifter og bulletpoint-format gjennom alle 15 felter. Sentralt: Hvis ikke egen retningslinje, må ME med PEM komme først, fordi det er her størst fare for å skade. Foreslår at A04-koden (slapphet/tretthet) ikke skal lede pasienten inn i et utmattelsesspor – dersom A04 brukes, må det stå «mulig ME» i tillegg. Påpeker at standard kommunal hjemmehjelp ikke er egnet, og at praktisk hjelp må inn som nødvendig del av behandlingen, ikke som noe man må søke om og kjempe for. Henviser til ME og skole-verktøykasse fra Norges ME-forening Rogaland fylkeslag. Forfatter er selv «mot alvorlig grad». Avslutter med ønske om grunnstønad/hjelpestønad og kritikk av at NAV motarbeider både pasient og fastlege."
211,"Privatperson (crossfit-trigger, 3 ukers hytte-isolasjon)",,pasient_utbrenthet_radikal_skjerming,,B_modifisert,False,13,utmattelse_overbelastning;total_ro_ansvarsfrihet;lyd_lys_intoleranse;tre_uker_hytte_isolasjon;lav_toleransevindu;muskler_slo_seg_av;feberfølelse_lett_bevegelse;crossfit_trigger;vegg_møte;treningsmengde_for_høy;familieliv_lite_restitusjon;dårlig_arbeidsmiljø;stimuli_overstimulering,"B_modifisert pasient med klassisk utbrenthets-/overbelastnings-utmattelse triggert av crossfit-trening. Beskriver dramatisk sykdomsdebut: 'Musklene ble plutselig svake og opplevdes som om de slo seg av'. Bakgrunn: kombinert vedvarende høy arbeidsbelastning, stor treningsmengde, familieliv med lite restitusjon, svært dårlig/belastende arbeidsmiljø. Symptomer: total utmattelse, feberfølelse ved lett bevegelse, svimmelhet, sterk hodepine. Sentralt poeng: 'Jeg utviklet svært lav toleranse for stimuli. Lyder, mennesker og krav førte raskt til forverring av symptomer'. **Behandlingsforslag i fastlege_helhetlig**: 'Fastlege bør kun anbefale: Total ro, ansvarsfrihet og fravær av krav'. **Egen behandlingsstrategi**: 'Jeg dro alene på hytte i tre uker' der innsender sov store deler av døgnet — direkte parallell til OKU/Karlsons-radikal skjerming (jf. id 200 som dro fire uker på hytte)."
212,ME Foreningen (Danmark),,,,A_klar,False,10,pem_kjerne;egen_retningslinje;skille_me_utmattelse;biopsykososial_kritikk;nice_2021;aktivitet_pacing;kognitiv_terapi_kritikk;alvorlig_syke;barn_og_unge;psykologisering,"Dansk søsterforening leverer skarp kritikk av at retningslinjen blander ME/CFS (8E49) med uspesifikk langvarig utmattelse og dermed opprettholder et 'foreldet psykososialt paradigme'. Argumenterer for at PEM må være styrende. Henviser til britiske rettssaker om dødsfall (Maeve Boothby O'Neill 2024, Sarah Lewis 2025) som dokumentasjon på risiko ved feilbehandling. Vil ha egen retningslinje for ME/CFS forankret i NICE, IOM, Mayo Clinic, D-A-CH konsensus, EUROMENE og US ME/CFS Clinician Coalition."
213,"Røysumtunet, avdeling for ME",,,,A_klar,False,15,pem_kjerne;pem_definisjon;egen_retningslinje;skille_me_utmattelse;canadakriteriene_støtte;biopsykososial_kritikk;nice_2021;aktivitet_pacing;kognitiv_terapi_kritikk;kunnskapsgrunnlag_smalt;kunnskapsgrunnlag_forskning;alvorlig_syke;psykologisering;arbeidsgruppe_kritikk;kompetanseheving,"Røysumtunet er Norges eneste spesialiserte omsorgstilbud for alvorlig og svært alvorlig ME/CFS (8 plasser). Argumenterer ettertrykkelig for at retningslinjen må forholde seg til ME/CFS som somatisk sykdom – linje med USA, UK, Tyskland. Sterk kritikk av at arbeidsgruppen mangler klinisk erfaring med alvorlig syke. NICE 2021 må gjennomgående legges til grunn. Kritiserer at retningslinjen bruker forskning bygget på Oxford-kriteriene og refererer Kuut et al. 2024. Krever at GET avvises eksplisitt, og at CBT kun omtales som mestringsstøtte – ikke kjernebehandling. Mobiliseringslogikk er feil for alvorlig syke; energiavpassing og skjerming må være hovedprinsipp. Tilbyr seg å bidra til kompetanseoverføring."
214,"Privatperson (Hashimotos + overbelastning, støttende-pragmatisk)",,pasient_overbelastning_hashimotos_støttende,,pragmatisk,False,7,utmattelse_overbelastning;hashimotos_autoimmun_komorbid;lavt_stoffskifte;fastlege_kompetansebegrenset;tverrfaglig_støtte;læring_mestring;koordinerende_tiltak,Pragmatisk pasient med Hashimotos + overbelastnings-utmattelse. Generelt støttende til alle anbefalinger uten substansiell kritikk fra A eller B-leiren.
215,"Privatperson (20 års ME, LP-skadet)",,pasient_me_20_år_lp_skadet,,A_klar,False,8,pem_kjerne;egen_retningslinje;20_år_me;lp_forsøkt_redusert_syk;alvorlig_sykdom_operasjoner;infeksjon_trigger;internasjonal_forskningsfront;håp_redusert,20 års ME etter alvorlig sykdom/operasjoner med infeksjoner. **LP forsøkt → forverring**: 'Etter å ha gjennomført Lightening Prosses ble jeg mer redusert/syk'.
216,Privatperson,,pasient_aktivist,,A_klar,False,17,pem_kjerne;pem_definisjon;egen_retningslinje;canadakriteriene_støtte;biopsykososial_kritikk;nice_2021;aktivitet_pacing;lp_kritikk;lp_kommersielt;psykologisering;kunnskapsgrunnlag_smalt;kunnskapsgrunnlag_forskning;alvorlig_syke;barn_og_unge;tjenester_samhandling;arbeidsgruppe_kritikk;implementering_konkret,"Nynorsk innspill med sterk Recovery Norge/LP-kritikk: 'Alternative utøvere uten medisinsk utdanning har ikke lov til å sette medisinske diagnoser eller love medisinsk effekt'. Krever NKT og RN utelukket fra alt arbeid med medisinske veiledere. Henviser til at 72% av G93.3-pasienter i Tjenesten og MEg-studien rapporterte negative effekter av LP. Foreslår undergrupper av ME etter utløsende årsak (Epstein-Barr, Covid, vaksinerelaterte, nakkeskader). Foreslår hepafilter-luftrensing som forebyggende tiltak. Krever Røysumtunets ME-avdeling-overlege til å lede pleieavsnittet. Eneste innsender som påpeker mild ME = 50% tap av arbeidsevner som alvorlig graderingsfeil."
217,"Norges ME-forening, Oslo og Akershus fylkeslag",,,,A_klar,False,13,pem_kjerne;egen_retningslinje;skille_me_utmattelse;canadakriteriene_støtte;biopsykososial_kritikk;aktivitet_pacing;kunnskapsgrunnlag_smalt;kunnskapsgrunnlag_brukererfaring;alvorlig_syke;nav_arbeidsliv;kompetanseheving;psykologisering;lp_kritikk,"Største ME-forening-fylkeslaget (1350 medlemmer) argumenterer ettertrykkelig for at retningslinjen som den foreligger ikke vil forhindre alvorlig ME. Kritisk til at kunnskapsinnhentingen er selektiv (kun systematiske søk på aktivitetsbaserte intervensjoner og kognitiv atferdsterapi). Sammenligner medlemstall: 1350 i fylkeslaget mot under 300 i Recovery Norge på landsbasis. Vil ha føre-var-prinsipp ved infeksjon, eget kapittel om alvorlig ME, og avviser kapittelet om tillitsskapende tiltak som premiss (mener problemet er at pasienter IKKE får forsvarlig hjelp, ikke at de takker nei)."
218,Pårørendealliansen,,,,tjenestefaglig,False,1,alvorlig_syke,"Pårørendealliansen tar ikke stilling til de store konfliktlinjene i ME-debatten, men leverer fokusert innspill om pårørendes rolle. Berømmer at retningslinjen løfter fram pårørendes perspektiver. Vil ha tydeligere tekst om pårørendes situasjon, belastning og behov for støtte, særlig for unge pårørende."
219,Privatperson,,fagperson_privat_sannsynlig,,A_klar,False,19,pem_kjerne;pem_definisjon;egen_retningslinje;skille_me_utmattelse;canadakriteriene_støtte;biopsykososial_kritikk;nice_2021;aktivitet_pacing;kognitiv_terapi_kritikk;kunnskapsgrunnlag_smalt;kunnskapsgrunnlag_forskning;kunnskapsgrunnlag_brukererfaring;psykologisering;alvorlig_syke;barn_og_unge;implementering_konkret;kompetanseheving;tjenester_samhandling;arbeidsgruppe_kritikk,"Eksepsjonelt grundig, forskningsorientert innspill fra «Forsker» som er post-covid-pasient siden januar 2024 og omsorgsperson for kone med ME/CFS. Krever at post-infeksiøs utmattelse (inkl. ME/CFS og post-COVID) anerkjennes som etiologisk og mekanistisk distinkt sykdomskategori, og at det utvikles egen veileder eller minimum to klart adskilte kapitler i retningslinjen. Sentral metodisk kritikk: Retningslinjens egne GRADE-vurderinger viser lav til svært lav tillit, men anvender likevel sterk «bør»-formulering – brudd med GRADE-metodikk. Casson et al. 2023 brukes ulovlig som evidens for ME/CFS når studien dekker bredt definert kronisk utmattelse uten PEM-krav. Skadedata mangler fullstendig (50-74% rapporterer forverring etter GET). Foreslår PEM-stratifiserte anbefalinger etter Gloeckl 2024-modellen: uten PEM standard rehabilitering, mild PEM symptomtitrert, moderat-alvorlig PEM pacing som primærintervensjon. Personlig erfaring: gjennombruddet i bedring kom fra å akseptere fysiologiske begrensninger og praktisere streng pacing (Godthaab rehabiliteringssenter) – det motsatte av gradert aktivitet. Refererer Maeve Boothby O'Neill om dødelig fare ved uegnet sykehusinnleggelse. Foreslår 12 implementeringstiltak."
22,"Privatperson (81. mal-instans, ren)",,pasient_eller_pårørende_mal_ren,,A_klar,False,2,egen_retningslinje;stan_mal_setning,"81. mal-instans, ren standardmal."
220,FAFO,,,,A_klar,False,8,egen_retningslinje;skille_me_utmattelse;kunnskapsgrunnlag_brukererfaring;kunnskapsgrunnlag_forskning;psykologisering;dårlig_prognose;nav_arbeidsliv;arbeidsgruppe_kritikk,"FAFO er forskningsmiljøet bak 'Tjenesten og MEg' (2023) som dokumenterer systemiske problemer i tjenestetilbudet til ME-syke. Argumenterer for at retningslinjearbeidet ikke har lært av tidligere feil og ikke setter ambisiøse bedringsmål. Bruker det sosiologiske begrepet 'symbolsk vold' (Bourdieu) og refererer Merton om 'sosial sadisme' for å beskrive systemiske mønstre der ME-pasienter krenkes. Krever skille mellom behandlingsanbefalinger til ME-syke og andre utmattelsessyke. Refererer egen forskning (Kielland & Liu 2025 om lønns-/prognoseutvikling), Hilland & Anthun 2022 om insidens, Kielland et al. 2023 om diagnosekriterier og pasienterfaringer."
221,"Privatperson (ME etter kyssesyken 1994, 30 års sykehistorie)",,pasient_postviral_langvarig,,A_klar,False,14,pem_kjerne;pem_forsinket;egen_retningslinje;skille_me_utmattelse;epstein_barr_virus;biopsykososial_kritikk;psykologisering;kognitiv_terapi_kritikk;studyprn_kurs_anbefaling;nav_kritikk;alternativ_behandling_skadelig;egen_erfaring_forverring;selvstendig_næringsdrivende_forsøk;implementering_kursing,"Pasient med 30 års ME-sykehistorie etter kyssesyken (Epstein-Barr-virus) i 1994 — innspillet er primært et erfaringsvitnemål. Hovedhistorie: 'Feil råd om økt aktivitet førte til betydelig forverring av funksjonsnivået mitt, utallige sykemeldinger og endte opp som ufør etter en lang og helseskadelig prosess med NAV'. Forsøkte 'det meste' av anbefalte tiltak: medisin, alternativ behandling, svømming, turer, fysio, kursing, NAV-tiltak — alle resulterte i bivirkninger eller PEM. Sentralt poeng om PEM som forsinket reaksjon: 'Siden forverringen kommer flere dager etter aktivitet tok det mange år før jeg selv skjønte at det var nettopp for mye aktivitet (fysisk, mentalt, sosialt) som utløste forverringen og reaktiverte viruset'. Forsøkte å bli selvstendig næringsdrivende mot legens råd for å få bedre energikontroll — endte 100 % sengeliggende og økonomisk ruin. Konkret implementeringsforslag: anbefaler Bateman Horne Center digital kurs (studyprn.com/p/chronic-fatigue-syndrome) til norske leger. Sterk avvisning av psykosomatisk modell: 'ME er IKKE en sykdom du kan tenke deg frisk fra!'"
222,Privatperson ('Bli forstått' + 'Ja' på alle),,pasient_eller_pårørende_kort_støtte,,pragmatisk,False,2,bli_forstått;ja_på_alle,Pragmatisk minimum-innspill: 'Bli forstått' + Ja på alle anbefalinger.
223,"Privatperson (push/kræsj + nevroplastisk + Karlson-støtte, Skagen-bok)",,pasient_oku_karlsons_hybrid,,B_modifisert,False,9,push_crash_mønster_bryte;nevroplastisk_arbeid;ellen_flø_skagen_bok;nevroplastiske_nøkkelen_referanse;karlsson_støtte_eksplisitt;karlsonpsykologene_referanse;hjerne_skjerme_stressrespons;tilfriskning_nennsom;oku_terminologi,"**20. dokumenterte B-leiren-tilhenger**. Refererer **Ellen Flø Skagens bok 'Den nevroplastiske nøkkelen'** — sjelden direkte referanse til Recovery Norge-rammeverket. Eksplisitt støtte til Karlson: 'gi min støtte også til Karlsson i Karlssonpsykologene, som har sendt inn et grundig høringssvar'. Hybrid posisjon mellom Recovery Norge og Karlsons-leiren."
224,"Privatperson (OKU-pasient med Karolinska-modell-referanse, datter alvorlig syk)",,pasient_oku_karolinska_internasjonal,,B_modifisert,False,16,oku_karlsons_konkret;karolinska_kriterier_supplement;karolinska_spesialistklinikk_oku;canadakriteriene_supplere;overbelastningsforårsaket_hjerneutmattelse;livsmønster_utredning;underliggende_revmatisk_disposisjon;trening_kontraindikert_oku;ansvarsfrihet_anbefaling;kartlegge_aktiviteter_bakslag;sosial_omgang_skadelig;antidepressiva_skepsis;ktb_kognitiv_terapi_kritikk;datter_alvorlig_syk_ingen_støtte;moderne_hjerneforskning;feilbehandling_kostnadskrevende,"B_modifisert OKU-tilhenger med **internasjonal forankring til Karolinska-modellen**. Hovedanke: 'Canada kriteriene bør suppleres med mer aktuelle kriterier som tar utgangspunkt i hva som kjennetegner overbelastningsforårsaket hjerneutmattelse. Karolinska instituttet har utviklet slike kriterier. På Karolinska finnes det også en spesialist klinikk for utredning og behandling av pasienter med OKU'. **Sentralt konseptuelt poeng**: OKU oppstår ved overbelastning over tid og gir også fysiske symptomer. Konkrete fastlege-anbefalinger: (1) **'Det viktigste rådet bør være hvile og ansvarsfrihet'**; (2) kartlegging av aktiviteter som gir bakslag i bedringsfasen; (3) **'fysisk trening på de som har OKU ikke skal gis som råd'** — eksplisitt kontraindikasjon parallelt til A-sidens GET-kontraindikasjon for ME; (4) ved for kort sykmelding 'er risikoen stor at pasientens utmattelse forverres'; (5) sosial omgang kan gi bakslag — bør minimeres; (6) skepsis til antidepressiva og KTB. **Personlig kontekst**: 'min datter ..... år, er ikke arbeidsdyktig, og mottar ikke en krone i støtte fra Norge, eller ....., hvor hun bor'."
225,"Privatperson (mor til ME-datter 18 år, Paul Kavli, ME-mammaene)",,pårørende_me_mor_18_år,,A_klar,False,8,paul_kavli_diagnostiker;lp_forsøkt_virket_ikke;autisme_adhd_komorbid;me_mammaene_støttegruppe;18_år_sykehistorie;barn_unge_fanges_opp_tidlig;fra_skole_utdanning;venner_kontakt_orker_ikke,Pårørende-mor til ME-datter siden 18 år siden. **Dr. Paul Kavli** identifisert som diagnostiker. **LP forsøkt — 'det virket ikke'**. **'ME-mammaene'-støttegruppe** referert.
226,"Privatperson (raskere spesialist, individuell tilpasning)",,pasient_eller_pårørende_pragmatisk,,pragmatisk,False,10,ta_pasienten_på_alvor;raskere_spesialist;fastlege_kunnskapsmangel;energiløs_ikke_tåle_press;ro_hvile_individuell;barn_unge_skole_fra;ventetid_for_lang;psykisk_helse_unge;selvmord_statistikk_voksende;individuell_behandling_krav,"Pragmatisk pasient/pårørende-stemme. 'Støttes' i nær alle anbefalinger. Hovedkrav: raskere videresending til spesialist, individuell tilpasning. Refererer 'spykiske helsen blir stadig dårligere... selvmordstatistikken vokser. ME og utmattelse er ett voksende problem'."
227,"Privatperson (mor til ME-syk barn, NAV-kamp, barnepsykiatri-traume)",,pårørende_alvorlig_barn_kasteball,,A_klar,False,9,kasteball_mellom_avdelinger;barnepsykiatri_traume;nav_kamp_uføretrygd_4_år;fattigdomsgrense_10000;arbeidsutprøving_skadelig;spesifikt_forløp_med_ekspertise;fortelle_historie_gang_på_gang;pårørende_møtt_veggen_selv;systemet_gjør_sykere,"Pårørende-stemme: mor til alvorlig ME-syk barn. **Dramatisk fortelling om systemsvikt**: barnet plassert på barnepsykiatrisk en uke (traumatisk), NAV-utredninger, arbeidsutprøving da pasienten 'knapt klarte å stå på bena'. **4 år til uføretrygd, da pasienten var 22 år**. Før dette: 10 000 kr/mnd — halvparten av fattigdomsgrensen. Mor 'møtt veggen flere ganger' selv som pårørende. Hovedkrav: 'Et mer spesifikt forløp, der ekspertisen er til stede, så vi slipper å forholde oss til mange forskjellige avdelinger'."
228,"Privatperson (ren støtte til alle anbefalinger, repeterer høringsutkasts-tekst)",,pasient_eller_pårørende_støttende_ren,,pragmatisk,False,3,høringsutkast_støtte;canadakriteriene_støtte;ren_repetering_anbefaling,Repeterer høringsutkastets egne anbefalingsformuleringer som svar — ren støtte uten substansielt eget innhold.
229,"Privatperson (sykehusansatt, utbrent, Karlson/Liv Selland-rammeverk)",,pasient_oku_karlsons,,B_modifisert,False,11,utmattelse_overbelastning;utbrenthet_jobbstress;tilfriskning_håp;oku_karlsons_konkret;liv_selland_kurs;psykomotorisk_fysioterapi;meditasjon_egenbehandling;isolasjon_tiltak;ensomhet_alene;individuell_tilpasning;tid_lang_prosess,"Sykehusansatt (nynorsk) som ble utbrent etter 2 års 'helvetes periode' med underbemanning, opplæring av 3 nye vikarer og innføring av nytt datasystem. Sykemeldt august 202.. Detaljert beskrivelse av symptomer (irritabilitet, sinne, gråt, kjeve-/nakke-stivhet, dårlig samvittighet) og hovedanke: legen anbefalte å være alene, ikke trene hardt, ikke være sosial. Tilfriskningsrammeverket bygger på Rune Karlsons bok 'overbelastningsforårsaket kronisk utmattelse', psykolog Liv Sellands kurs 'Tilbake fra utbrenthet', helsepsykolog-konsultasjoner på morsmål, psykomotorisk fysioterapi og meditasjon. Etterlyser at fastlege kan henvise direkte til psykomotorisk fysioterapeut. Tiltakene som anbefales er konsistente med OKU-modellen: 'fred, rolige bevegelser, rolige omgivelser, ikke kognitiv tenkning, planlegging eller samtaler'."
23,"Privatperson (ME som paraply-syndrom, brobyggende)",,pragmatisk_brobygger_paraply,,pragmatisk,False,10,me_paraply_syndrom;ulike_veier_inn_lidelsen;ulike_veier_ut_sykdommen;noen_blir_friske_av_metoder_andre_avviser;intern_kamp_pasientmiljø;kartlegging_5_faktorer;symptomer_livssituasjon_funksjonsnivå_motivasjon;endringskapasitet_pasient;anerkjennelse_etter_diagnose;fysiologisk_psykologisk_sosial_kombinert,"Substansielt pragmatisk-brobyggende innspill. Hovedanke: 'ME er mer en paraply-benevnelse og et syndrom som ikke rommer en homogen gruppe av pasienter'. Anerkjenner historikk: 'ME-Foreningen ble etablert av desperate pasienter som hver for seg stod maktesløse'. **Sentralt poeng om intern kamp**: 'samholdet splittes og intern kamp oppstår fordi noen pasienter blir friske av metoder som andre ikke vil eller kan godkjenne'. Foreslår strukturert kartlegging: symptomer, livssituasjon, funksjonsnivå, motivasjon/endringskapasitet. Brobyggende mellom A og B."
230,Privatperson (deklarert VERNEPLEIER + Master i psykososialt arbeid),,fagperson_privat_identifisert_vernepleier,,pragmatisk,False,7,fagperson_vernepleier_master;kronisk_stress_sverige_diagnose;17_mnd_sykmeldt_egen;kognitiv_svikt_følelsesregulering;nervesystem_regulering;ro_stillhet;oppvekst_krav_forventninger,**6. fagperson_privat_identifisert: VERNEPLEIER med Master i psykososialt arbeid**. Hovedanke: stress som diagnose i Sverige. Egen 17 måneders sykmelding. Hybrid med OKU-rammeverk men ikke Karlson-referanse.
231,"Privatperson (mentor-forslag, savnet håp fra fastlege)",,pasient_pragmatisk_håp_mentor,,pragmatisk,False,7,fastlege_ikke_diagnose;håp_savnet_fra_lege;psykoterapeut_oppfølging;mentor_tiltak_forslag;overlevd_lignende_situasjon;ensomhet_tap_av_mening;selvmordsrisiko,Pragmatisk pasient. Sjelden konstruktivt forslag: 'Mentor-tiltak' der en som har 'overlevd' og er friskere kan støtte den nye pasienten. Savner håp fra fastlege.
232,"Privatperson (Karlson-bok-tilfrisket, 4 barn-traume, 5 uker på hytta)",,pasient_oku_karlsons_tilfrisket,,B_modifisert,False,10,oku_karlsons_konkret;boka_karlson_facebook_funn;konsultasjon_karlson;5_uker_hytte_isolasjon;alarm_beredskap_2_år;barnetraume_pårørende_belastning;tilfrisket_egen_historie;fastlege_forstod;arbeidsgiver_lite_forståelse;overbelastning_arbeidsliv_forståelse,"**18. dokumenterte OKU/Karlsons-tilhenger**. Tilfrisket gjennom Karlsons-bok funnet på Facebook. Beredskap-tilstand etter 2 år med barn-traumer. Konsultasjon med Karlson + 5 uker isolasjon på hytta = tilfrisket. **Fastlege forstod, arbeidsgiver IKKE forstod**. Krav: 'mer forståelse i arbeidslivet for overbelastningsforårsaket utmattelse'."
233,Privatperson (overbelastning av hjernen-konsept),,pasient_oku_hjerne_overbelastning,,B_modifisert,False,5,utmattelse_overbelastning_hjerne;oku_konsept;ikke_psykologisk_diagnose;kontraproduktiv_behandling;generelle_råd_skadelig,**32. B-leiren-tilhenger**. Savner beskrivelse av 'utmattelsestilstand som begrunnes i overbelastning (av hjernen) over tid' — OKU-rammeverk uten direkte Karlson-referanse.
234,Privatperson,,pasient_oku_karlsons,,B_modifisert,False,5,tilfriskning_håp;tjenester_samhandling;kompetanseheving;biopsykososial_støtte;kunnskapsgrunnlag_brukererfaring,"Pasient som identifiserer seg med Rune Karlsons OKU-modell (Overbelastningsforårsaket kronisk Utmattelse) og som ikke vil plasseres i 'ME/CFS-sekken'. Forteller at psykologspesialist Rune Karlson sa hun kunne bli helt frisk ved å være fri for ansvar privat og profesjonelt i en periode til hjernen er ladet opp 100%. Kritisk til hele systemet (NAV, arbeidsgiver, fastlege) som ikke gir 'fred'. Påpeker at hjernen blir overbelastet ved stort ansvar over tid. Argumenterer for menneskeligere, helhetlig tilnærming uten diagnose-fokus."
235,Privatperson (Karlson + vagusnerve + menopause-vinkel),,pasient_oku_karlsons_vagusnerve_menopause,,B_modifisert,False,10,oku_karlsons_konkret;karlson_høringsinnspill_referanse_eksplisitt;vagusnerve_polyvagal;psykososialt_arbeidsmiljø;menopause_vinkel;forebygging_arbeidsgivere;cathrine_price_true_fun;blue_zones_buettner;holdnings_kampanjer;balanse_liv,**22. dokumenterte OKU/Karlsons-tilhenger**. Eksplisitt referanse: 'psykolog Rune Karlson (som har levert et eget høringssvar)'. Hybridposisjon med flere lag: Karlson + vagusnerve + menopause + Blue Zones (Dan Buettner) + 'True Fun' (Cathrine Price). **Menopause som vinkel** sjelden i datasettet.
236,"Privatperson (pårørende ME-syk, LP forsøkt uten effekt)",,pårørende_lp_mislyktes,,A_klar,False,5,egen_retningslinje;pårørende_me_lang_historie;lp_forsøkt_ingen_bedring;internasjonal_forskningsfront;mange_tiltak_prøvd,"Pårørende-stemme. ME-syk har forsøkt LP uten effekt. **4. dokumenterte LP-mislykning** (etter id 99, 215, 225)."
237,Vestre Viken HF,,,,pragmatisk,False,4,canadakriteriene_kritikk;tjenester_samhandling;implementering_konkret;nav_arbeidsliv,"Vestre Viken er kritisk til at Canadakriteriene anbefales som nasjonal standard – mener begrunnelsen er mangelfull og at internasjonalt har IOM/NAM og NICE gått i motsatt retning med enklere tilnærminger. Påpeker uavklart skille mellom ME og fibromyalgi med overlappende symptomer. Stiller praktiske spørsmål: må alle HF opprette tverrfaglig tilbud, eller kan fastlege henvise direkte til CFS/ME-senteret OUS? Vil ha tilstanden flyttet fra infeksjonssykdommer-fagområdet i prioriteringsveilederen."
238,"Privatperson (tilfrisket på Hernes institutt Elverum, 8 ukers isolasjon)",,pasient_tilfrisket_isolasjonsopphold,,B_modifisert,False,12,utmattelse_overbelastning;ansvar_forventninger_belastning;hernes_institutt_elverum;8_ukers_isolasjon;langt_unna_jobb_familie;utilgjengelig_familie_venner;tilfriskning_egen_historie;fastlege_uten_kunnskap;feilråd_aktivitet_skadelig;stress_generert_av_råd;egen_mestringsstrategier;tilbake_til_100_prosent_jobb,"B_modifisert tilfrisknings-pasient. Hovedhistorie: utmattelse etter overbelastning av 'ansvar og forventninger over lengre tid', symptombilde med lydoverfølsomhet, korttidshukommelsestap, fokus-problemer. Fastlege uten kunnskap. **Feilråd som skadelig**: 'å stå opp om morgenen, trene/fysisk aktivitet og holde på rutiner for å ta livet tilbake' og 50 % sykmelding for 'å være aktiv i arbeidslivet'. Disse rådene førte til at innsender 'slet meg gjennom arbeidshverdagen' og 'genererte stress'. **Vendepunkt**: Hernes institutt i Elverum, 8 ukers uavbrutt opphold. 'Det var først under dette oppholdet jeg begynte å merke reell bedring. Ikke pga. aktivitetene vi gjorde der, men fordi jeg var langt unna jobb, langt unna familie, og med det langt unna forventninger og krav... aktivt valg om å være utilgjengelig for familie og venner under oppholdet'. Tilfrisket: 'Etter oppholdet på Hernes gikk jeg rett tilbake til 100 % jobb og er nå fullt tilbake i arbeidslivet og livet generelt. Jeg har ingen symptomer på utmattelse lenger'. Sentral retorisk poeng: 'For pasienter i min situasjon, kan det som sees på som nødvendig helsehjelp, noen ganger føre til flere problemer enn det løser'."
239,"Privatperson (pårørende ME-syk barn etter kyssesyken, polemisk-aktivist)",,pårørende_alvorlig_aktivist,,A_klar,False,24,pem_kjerne;pem_forsinket;egen_retningslinje;skille_me_utmattelse;canadakriteriene_støtte;biopsykososial_kritikk;psykologisering;biomedisinsk_forskning;haukeland_fluge_mella;aktivitetsavpasning;fastlege_kompetansemangel;kreft_parallell_argument;kyssesyken_utløsning;epstein_barr_virus;lightning_process_skadelig;recovery_norge_kritikk;silje_reme_kritikk;harald_eia_kritikk;pain_reprocessing_therapy_kritikk;ellen_flø_skagen_kritikk;cathrine_abrahamsen_kritikk;alvorlig_grad_synlig;nevroplastisk_press_skadelig;me_foreningen_alliert,"Sterk A_klar pårørende-stemme med polemisk aktivisme-tone. Hovedstoff: pårørende-fortelling om barn (anonymisert) som ble alvorlig ME-syk etter kyssesyken (Epstein-Barr-virus). Barnet er nå husbundet/sengeliggende. **Drama-poeng**: barnet 'avviser selv de biologiske mekanismene, og er helt hjernevasket av det nevroplastiske, psykologiske og kognitive presset fra helsemyndighetene og storsamfunnet'. Innspillet inneholder en eksplisitt navnerekke over B-side-aktører som innsender mener er skadelige: 'FUCK Lightning Process, Recovery Norge, Silje Reme Evensen, Harald Eia, Pain Reprocessing Therapy, Ellen Flø Skagen, Cathrine Abrahamsen'. Substantielle argumenter: (1) fastleger har ikke fagkompetanse — må henvise til spesialister, (2) kreft-parallell: 'ved utredning av eksempelvis kreftpasienter, legges IKKE psykologiske eller sosiale forhold til grunn', (3) Haukeland-forskningsmiljøet er ikke hørt, (4) ME-foreningens standpunkt om Canadakriteriene må følges. Avslutter med store bokstaver: 'LAG HELT EGNE RETNINGSLINJER FOR ME! NÅ!!!!!'"
24,"Privatperson (sannsynlig fagperson_privat, B-side skeptisk)",,skeptiker_b_side,,B_klar,False,12,biopsykososial_støtte;aktivitet_gradert;rehabiliteringsoptimisme;diagnostikk_subjektiv_kritikk;diagnostikk_objektiv_krav;spesialist_2linje;diagnose_revurdering;aktivisme_kritikk;ressurser_begrenset;samfunnskostnader;støtter_dissens_b_side;utenforskap_risiko,"Privatperson med sannsynlig helsefaglig bakgrunn som tar tydelig B-posisjon. Eksplisitt støtte til de fire fagdissensene (Nerli, Herner, Jøssang, Prydz). Hovedanke: diagnostiske kriterier for ME og PEM er 'i stor grad subjektiv egenrapportering som ved ADHD og uten objektive medisinske funn', sårbare for overrapportering via sosiale medier og trender (parallell til 'nakkesleng og nå trolig ADHD'). Krever at minst to uavhengige spesialister diagnostiserer ME/CFS i 2. linje (ikke fastleger), og jevnlig revurdering av diagnose. Avviser PEM som validt grunnlag for unngåelse/hvile, peker på at slike tilnærminger er forlatt innen ryggbehandling, angstbehandling og psykiatri pga risiko for forverring av utenforskap og psykisk helse. Bekymret for at 'høylytte pasienter og pårørende' devaluerer behandling andre erfarer virker og forsøker å stanse forskning 'under dekke av etikk'. Pragmatisk om kommuneressurser: 'enda en retningslinje med 2-3x større rettigheter enn ressurser blir det bare misnøye av'."
240,Frisklivssentralen i Søndre Nordstrand,,,,A_klar,False,12,pem_kjerne;pem_definisjon;skille_me_utmattelse;canadakriteriene_støtte;biopsykososial_kritikk;nice_2021;aktivitet_pacing;kognitiv_terapi_kritikk;alvorlig_syke;barn_og_unge;kunnskapsgrunnlag_forskning;kompetanseheving,"Frisklivssentralen leverer omfattende A-side-innspill med tung referanseapparat. Sterk kritikk av at retningslinjen 'tilslører kliniske og patofysiologiske forskjeller'. Mener NICE NG206 (2021) og WHO post-covid-19 condition må være normative referanser. PEM, ortostatisk intoleranse (POTS), autonom dysfunksjon og kognitive symptomer må kartlegges systematisk før tiltak igangsettes. Tiltak basert på gradert økning skal eksplisitt ikke anvendes ved PEM. Vil ha standardiserte kartleggingsverktøy (FunCap, NASA 10-min lean test)."
241,"Privatperson (individuell behandling, byråkrati-kritikk)",,pasient_eller_pårørende_pragmatisk_individuell,,pragmatisk,False,6,individuell_behandling;byråkrati_a4_kritikk;aktivitetsregulering_egen_erfaring;helhet_systemet_åpner;pasient_med_på_lag;koordinator_fornuftig,Pragmatisk individuell-tilnærming. 'Pasientens historikk og tilstand må gå fremfor byråkrati/a4 systemer'.
242,Trondheim kommune,,,,tjenestefaglig,False,4,tjenester_samhandling;aktivitet_gradvis_økning;implementering_konkret;nav_arbeidsliv,"Trondheim kommune leverer kort, pragmatisk tjenestefokusert innspill. Mener retningslinjen burde gi tydeligere føringer for når og hvordan man kan øke aktivitetsnivået etter stabil fase – plassering nær B-siden på aktivitet. Vil ha tverrfaglig ansvar tydeliggjort med ergoterapeuter, fysioterapeuter, sosionomer og ernæringsfysiologer. Kritisk til 'virksomhetsleder' som koordineringsansvarlig. Etterlyser tydeligere omtale av frisklivssentraler."
243,"Privatperson (sopphypotese, særegen profil)",,pasient_alternativ_årsaksforklaring,,uklar,False,8,alternativ_årsaksforklaring;sopp_systemisk_komorbiditet;fungicid_behandlingsforsøk;biomedisinsk_orientering;nav_kritikk;blå_resept_terbinafin;d_vitamin_sol;klagemekanisme_helsepersonell,"Særegen pasient-stemme som argumenterer for systemisk sopp-infeksjon som co-morbiditet eller medårsak til ME/CFS-symptomer. Innsender beskriver egen positiv erfaring med Terbinafin-behandling (fungicid) — første uke 'utrolig' bedring, vendte tilbake til normaltilstand fra uke 2, ytterligere bedring etter doseøkning uke 4. Forteller at hen tidligere trodde 'CFS/me kunne være feildiagnostisert systemisk fungal infeksjon men har nå lært meg soppen kun er en halve sykedommen'. Foreslår at fungicid-behandlingsforsøk gjøres til standard som ledd i ME/CFS-utredning. Lister konkrete symptomer hen tilskriver systemisk sopp: PEM, smerter, 'nevropati', hodepine, kognitiv svikt, øre-smerter, balanseproblemer, øyebetennelser, diplopi, dårlig mage, hårtap, 'vibrasjoner' i nerver, trøtthet-anfall. Refererer 'leger og NAV behandler en som om en vore gal' og foreslår klagemekanisme på Helse Norge. Foreslår også at AAP-mottakere skal kunne dra til Spania for vinterhalvåret for D-vitamin (sol)."
244,"Avdeling for fysikalsk medisin og rehabilitering, Helse Stavanger",,,,tjenestefaglig,False,3,implementering_konkret;tjenester_samhandling;nocebo,Avdeling for fysikalsk medisin ved Helse Stavanger leverer kortfattet tjenestefaglig innspill. Foreslår å fjerne formuleringen 'uten å skape overbelastning' fordi det er uklart definert og kan føre til økt symptomfokus. Etterlyser tydeligere ansvarsfordeling mellom diagnostisk avklaring og rehabiliteringsvurdering.
245,"Privatperson (95. mal-instans, ren)",,pasient_eller_pårørende_mal_ren,,A_klar,False,2,egen_retningslinje;stan_mal_setning,"95. mal-instans, ren standardmal."
246,Privatperson,,fagperson_privat_sannsynlig,,A_klar,False,16,pem_kjerne;pem_definisjon;egen_retningslinje;canadakriteriene_støtte;andre_diagnosekriterier;biopsykososial_kritikk;nice_2021;aktivitet_pacing;psykologisering;kunnskapsgrunnlag_smalt;kunnskapsgrunnlag_forskning;kunnskapsgrunnlag_brukererfaring;alvorlig_syke;tvang_pasientvern;implementering_konkret;arbeidsgruppe_kritikk,Privatpersonen aksepterer ikke sammenblanding av ME med andre tilstander og krever egen retningslinje for ME (G93.3) etter modell av NICE NG206. Foreslår ICC-kriteriene (2011) som videreutvikling av Canada-kriteriene. Anbefaler Science for ME PEM Factsheet og IOM-rapporten (9000 studier). Detaljert kritikk av NKT-CFS/ME med direkte sitater om at 'du skader ikke kroppen'. Påpeker selvmotsigende kombinasjon av tillitsskapende tiltak og holdninger som motsier pasientenes erfaringer. Tvangsrisiko: kommune 'i god tro' kan konkludere med manglende samtykkekompetanse.
247,"Privatperson (utenlandsk statsborger-perspektiv, UDI-utvisningsrisiko)",,pasient_eller_pårørende_utenlandsk_status,,A_modifisert,False,7,utenlandsk_statsborger_perspektiv;udi_utvisning_risiko;oppholdstillatelse_konsekvens;biopsykososial_juridisk_konsekvens;medisinske_begrensninger_dokumenteres;aktivitetskrav_unntak;tunge_medisinske_hindringer,"**Sjelden perspektiv**: utenlandske statsborgers-rettsikkerhet ved ME/post-covid. Hvis ME ikke anerkjennes som tung medisinsk hindring, kan helsevesenets vurderinger føre til UDI-utvisning."
248,"Privatperson (50. mal-instans, ren)",,pasient_eller_pårørende_mal_ren,,A_klar,False,2,egen_retningslinje;stan_mal_setning,50. mal-instans.
249,Privatperson,,fagperson_privat_sannsynlig,,A_klar,False,14,pem_kjerne;pem_definisjon;egen_retningslinje;canadakriteriene_støtte;biopsykososial_kritikk;aktivitet_pacing;kognitiv_terapi_kritikk;psykologisering;kunnskapsgrunnlag_smalt;alvorlig_syke;tjenester_samhandling;implementering_konkret;dårlig_prognose;tilfriskning_håp,"Nynorsk innspill med nyansert A_klar-posisjon. Foreslår 'energigolv' som mål i stedet for 'energitak' ved aktivitetsregulering. Påpeker at retningslinjen gir inntrykk av at de aller fleste blir friske, mens flere forskningsartikler viser at under 10% blir friske. Bruker FUNCAP 55(27) som verktøy. Krever at biopsykososialt perspektiv kun brukes i utgreiingsprosess, ikke som sykdomsforståelse ved ME/CFS. Detaljert kritikk av 'Mange pasienter med ME/CFS beskriver PEM' – PEM må være til stede for diagnose, 'mange' må fjernes."
25,Privatperson ('hoste'-metafor for symptom-retningslinje),,pasient_eller_pårørende_metafor_basert,,A_klar,False,5,egen_retningslinje;hoste_metafor;mange_årsaker_utmattelse;symptom_ikke_diagnose;spesifikke_tilstander_krav,"A_klar med **hoste-metafor**: 'For meg blir det som at dere skulle utarbeidet en egen retningslinje for hoste. Alle som hoster fordi de er forkjølet, har lungebetennelse, kols, astma, allergi, lungekreft'. Konseptuelt skarpt argument."
250,"Privatperson (eksplisitt allianse med Karlsons høringssvar, utmattelse etter kreftbehandling)",,pasient_oku_karlsons_koordinert,,B_modifisert,False,12,oku_karlsons_konkret;karlson_høringssvar_allianse;boka_utmattelse_lydbok;kreftbehandling_utmattelse;langvarige_belastninger_førkreft;rehabilitering_offentlig_skadelig;fysisk_aktivitet_gruppe_forverret;gruppesamtaler_belastning;ansvarsfrihet_pasient;sosial_kontakt_unngå;kroppen_hjerne_signaler_lytte;fatigue_oku_distinksjon,"**KOORDINERT KARLSONS-TILHENGER, andre eksplisitte instans i datasettet** (etter id 199). Innspillet åpner med 'Viser til høringssvar fra psykologspesialist Rune Karlson vedr. bruk av begrepet OKU' — eksplisitt allianse-signalisering. Pasient med utmattelse etter kreftbehandling og påfølgende rehabiliteringsforsøk i offentlig regi. Tilfriskning gjennom Rune Karlsons bok 'Utmattelse' (hørt som lydbok pga at innsender ikke kunne lese pga utmattelse). **Sentralt poeng**: 'Begrepet OKU dekker mye mer enn fatigue, som brukes om utmattelse etter kreftbehandling'. Argumenterer at OKU er bedre forklaringsmodell enn 'fatigue' (post-cancer fatigue). Selv-rapportert skade fra offentlig rehabilitering: 'Under rehabiliteringsoppholdene var fysisk aktivitet i grupper, kursing i gruppe og gruppesamtaler hovedbehandlingen. Jeg opplevde at dette forverret min utmattelse'. Innsender søkte 'å ikke ha ansvar og sosial kontakt, og å lære meg å ta hensyn til signalene kroppen/hjernen ga'."
251,Privatperson,,fagperson_privat_sannsynlig,,A_klar,False,18,pem_kjerne;pem_definisjon;egen_retningslinje;skille_me_utmattelse;canadakriteriene_støtte;biopsykososial_kritikk;nice_2021;aktivitet_pacing;kognitiv_terapi_kritikk;kunnskapsgrunnlag_smalt;kunnskapsgrunnlag_brukererfaring;kunnskapsgrunnlag_forskning;psykologisering;alvorlig_syke;barn_og_unge;tvang_pasientvern;dårlig_prognose;arbeidsgruppe_kritikk,"Detaljert klinisk-metodisk kritikk fra forfatter som tydelig har behandlerklinisk erfaring med ME-pasienter. Krever egen retningslinje for ME/CFS, og at de med Canada/Jason-kriterier ved Long Covid inkluderes i denne. Forfatter går side for side og linje for linje gjennom utkastet med konkrete språkforslag. Sentral metodisk kritikk: Kuut 2023 (i utkastet feilreferert som Kuut 2024) baserer subgruppeanalyse av SEID/NICE-kriterier på ett spørsmål om «økning av symptomer etter anstrengelse» som ikke samsvarer med PEM-definisjoner i Fukuda eller SEID/NICE. Konkluderer at Kuut-artikkelens grunnlag for vurdering av PEM er uredelig, og at inkludering svekker tilliten til hele litteraturgjennomgangen. Sterk kritikk av Catosenteret som ikke gir kunnskapsbasert behandling og ikke evaluerer effekt over tid. Bekrefter at trusler om bekymringsmelding til barnevernet er regelmessig forekommende ved ME hos barn og unge. Mener Frisklivssentraler har lav eller manglende kompetanse. Foreslår at aktivitetsnivå holdes innen ~70% av funksjonskapasitet for å unngå PEM-uforutsigbarhet. Avviser implementering i nåværende form."
252,"Norges ME-forening, Vestfold regionlag",,,,A_klar,False,9,pem_kjerne;skille_me_utmattelse;canadakriteriene_støtte;aktivitet_pacing;barn_og_unge;kunnskapsgrunnlag_brukererfaring;kompetanseheving;psykologisering;implementering_konkret,Vestfold-fylkeslag bygger innspillet på egen rapport om 'Pasienterfaringer med utredning og behandling av ME ved Sykehuset i Vestfold og Telemark Sykehus'. Dokumenterer konkret avvik mellom retningslinjens ambisjoner og klinisk praksis. Pasienter henvises til MUPS-tilbud (medisinsk uforklarte plager) som ikke fanger PEM. Særlig kritisk til at SiV vegrer seg for å gi barn ME/CFS-diagnose. Etterlyser regionale tverrfaglige team med kompetanse på ME/CFS.
253,"Privatperson (OKU-rammeverk, ønsker Karlson tidlig)",,pasient_oku_karlsons_anbefaling,,B_modifisert,False,7,oku_karlsons_konkret;oku_terminologi;ingen_diagnose_påvist;fastlege_karlson_kunnskap;gode_råd_skadelig_oku;hjerne_fysiologisk_organ;hvile_restitusjon,"**26. OKU/Karlsons-tilhenger**. Innsender har ikke fått påvist noen diagnose, men identifiserer seg med OKU-rammeverket. Bok-anbefaling tidlig."
254,Regionalt kompetansesenter for habilitering og rehabilitering i Helse Vest,,,,tjenestefaglig,False,2,implementering_konkret;tjenester_samhandling,Teknisk-praktisk innspill om at retningslinjens beskrivelse av rehabiliteringstelefonen er feilaktig – den driftes ulikt i ulike regioner. Krever korrigering.
255,Privatperson (ME-foreningens dissens-alliert),,pasient_eller_pårørende_me_foreningen_alliert,,A_klar,False,13,pem_kjerne;egen_retningslinje;biomedisinsk_forskning;svak_brukermedvirkning;sviktende_kunnskapsgrunnlag;canadakriteriene_støtte;multisystemisk_sykdom;påtvungen_aktivitet_uakseptabelt;celler_energi_produserer_ikke;me_foreningens_dissens_alliert;etisk_uforsvarlig_risiko_ikke_redegjort;internasjonal_konsensus_harmonisering;stuet_vekk_pasientgruppe,"A_klar med klar **ME-foreningens dissens-allianse**. Hovedanke: 'Jeg støtter ME-foreningens dissens, hvor det fremgår at utkastet slik det nå foreligger verken vil virke kompetansehevende eller vil gi ME-syke bedre oppfølging, behandling eller tilgang til riktige ytelser fra NAV eller kommune'. Sentrale kritikkpunkter: (1) svak brukermedvirkning i utvalget; (2) sviktende kunnskapsgrunnlag — 'ingen henvisning til biomedisinsk forskning'; (3) pasientgruppen er 'forsømt og nærmest stuet vekk'; (4) multisystemisk sykdom — rammer søvn, fordøyelse osv; (5) **'påtvungen aktivitet er helt uakseptabelt og svært skadelig'** — pga 'kroppens celler ikke produserer energi'; (6) ME-foreningens karakteristikk: 'etisk uforsvarlig i det at det ikke redegjør for risiko forbundet med behandling'. Implementeringskrav: 'Norge må harmonisere sine retningslinjer med oppdatert internasjonal konsensus'."
256,Privatperson (deklarert FORSKER på muskelstyrke-intervensjon i ME),,fagperson_privat_identifisert_forsker_me,,A_klar,False,13,pem_kjerne;egen_retningslinje;skille_me_long_covid_utmattelse;icd_g93_3;biopsykososial_kritikk;mups_kritikk;biomedisinsk_forskning;registerdata_arbeid;internasjonal_konsensus;internasjonal_get_advisning;muskelstyrke_intervensjon;egen_forskning_pem_hensyntar;reell_brukermedvirkning,"**Deklarert FORSKER på ME-feltet** (fagperson_privat_identifisert). Hovedbakgrunn deklarert i bakgrunn_metode: 'forsker', i generelle_kommentarer: 'Jeg uttaler meg som forsker som har forsket på blant annet en intervensjon for å bevare muskelstyrke i ME der man hensyntar PEM og reell brukermedvirkning'. **Tre hovedkritikker**: (1) sammenslåing av ME, CFS, long covid og uspesifisert utmattelse er problematisk — ME er G93.3-diagnose, ikke MUPS-variant; (2) biopsykososialt perspektiv har 'over tid ikke vist dokumentert effekt for ME-pasienter' — registerdata viser svært lav grad av tilbakegang til arbeid; (3) internasjonal konsensus: 'Flere lands helsemyndigheter fraråder gradert trening og understreker betydningen av aktivitetsavpasning'. Implementeringsforslag: separat retningslinje for ME (G93.3) og long covid, basert på oppdatert internasjonal biomedisinsk kunnskap, internasjonale anbefalinger og reell brukermedvirkning."
257,Privatperson,,pasient_selv,,A_klar,False,20,pem_kjerne;pem_definisjon;egen_retningslinje;skille_me_utmattelse;canadakriteriene_støtte;biopsykososial_kritikk;nice_2021;aktivitet_pacing;kognitiv_terapi_kritikk;kunnskapsgrunnlag_brukererfaring;kunnskapsgrunnlag_forskning;psykologisering;alvorlig_syke;barn_og_unge;dårlig_prognose;tilfriskning_håp;nav_arbeidsliv;kompetanseheving;implementering_konkret;arbeidsgruppe_kritikk,"Pasient som krever egen retningslinje for ME/CFS basert på britiske retningslinjer fra 2021. Bruker WHOs eksplisitte PEM-definisjon (12-72 timer forverring etter aktivitet) som referansepunkt. Foreslår FunCap som funksjonskartleggingsverktøy i stedet for eller i tillegg til ICF. Konsekvent kritikk av at BPS-perspektivet i utkastet i praksis er psykososialt fordi bio-delen mangler. Pasienten må holde seg under 70% av tilgjengelig kapasitet for å unngå PEM. Spontan bedring av ME er svært sjelden (ca 5%). Krever at NKT-CFS/ME avvikles snarest etter 14 år med skadelig praksis. Foreslår at det opprettes ME-avdelinger (poliklinisk, evt. med sengeplasser) ved alle sykehus, etter modell for andre sykdommer med tilsvarende symptomtrykk. Mener arbeidsgruppen har sterk overrepresentasjon fra biopsykososial side, og at en retningslinje ikke kan baseres på at «alle skal få uttale seg» når majoriteten er fra et lite norsk miljø med økonomiske/prestisjemessige bindinger."
258,Privatperson (full ME-allianseinnspill + Haukeland-forskningsgruppe),,pasient_eller_pårørende_me_allianse,,A_klar,False,16,pem_kjerne;pem_målbar_cpet;todagers_cpet;egen_retningslinje;icd_g93_3;skille_me_utmattelse;canadakriteriene_støtte;biomedisinsk_forskning;biopsykososial_kritikk;psykologisering;haukeland_forskningsgruppe_alliert;me_foreningen_alliert;me_foreldrene_alliert;stan_mal_setning;internasjonalt_kunnskapsgrunnlag;alvorlig_grad_synlig,"A_klar med klar trefoldig allianse: Norges ME-forening, ME-foreldrene OG **ME-forskningsgruppen ved Haukeland/UiB** (Fluge/Mella-miljøet). Standardformuler 'Viser til og er enig i alle innspill i høringssvarene fra ME-foreningen, ME-foreldrene og ME-forskningsgruppen ved Haukeland/UiB' er gjengitt identisk i 13 av 15 felt — innsender legger ressursfokus på generelle_kommentarer-feltet (2055 t) hvor egne argumenter er formulert. Bruker standardmalsetningen (sjette dokumenterte instans): 'Jeg krever egen retningslinje kun for ME, G93.3'. Substansielle argumenter: (1) PEM som kjennetegnende kjerneproblem 'der selv små belastninger utenfor egen tålegrense kan føre til alvorlig og langvarig forverring'; (2) **PEM kan måles objektivt** via flere studier med to-dagers CPET-test som viser 'forsinket og målbar funksjonell forverring fra dag én til dag to etter belastning' — i motsetning til pasienter med annen utmattelse eller friske; (3) avvik dokumentert i blodsirkulasjon, immunforsvar, energimetabolisme og nervesystem. Plasserer ME som 'nevrologisk, multisystemisk sykdom og utmattelse er bare ett av mange symptomer'."
259,"Privatperson (Karlson psykologene-pasient, Zoom-konsultasjon, sosiale medier-funn)",,pasient_oku_karlsons,,B_modifisert,False,12,utmattelse_overbelastning;oku_karlsons_konkret;rune_karlson_spesialist;karlson_psykologene_klinikk;sosiale_medier_funn;zoom_konsultasjon;boka_oku_referanse;pårørende_psykiatri_press;arbeidspress_kreativitet;tilfriskning_håp;ventetid_offentlig_kritikk;rehabilitering_privat_tilgjengelig,"B_modifisert OKU/Karlsons-tilhenger med detaljert beskrivelse av rekruttering og behandling. Sykdomsdebut: dyp utmattelse med svimmelhet, kvalme, feberfølelse, lyd-/lysømfintlighet, hjertebank. Bakgrunn: 'voldsomt press over flere år som pårørende innen psykiatri i tillegg til stort arbeidspress med krav til kreativitet og strenge innleveringsfrister'. **Rekrutteringsmønster**: 'Heldigvis oppdaget jeg Karlson psykologene på sosiale medier. Jeg kjøpte og leste boka til psykologspesialist Rune Karlson om overbelastningsforårsaket kronisk utmattelse (OKU)'. Beskriver detaljert: (1) grundig konsultasjon med Karlson på Zoom, (2) konklusjon at 'dette høyst sannsynlig dreide seg om en kronisk utmattelse forårsaket av overbelastning over lang tid', (3) påfølgende reise til Karlson psykologenes klinikk. Sentralt poeng om offentlig ventetid: 'Jeg følte meg hjelpeløs med tanke på å få rask behandling til å komme ut av utmattelsen, med lang ventetid på å komme inn på et eventuelt behandlingssted'."
26,"Privatperson (Canadakriteriene-fokus, ME m/PEM-skille)",,pasient_eller_pårørende_pem_fokus,,A_klar,False,10,pem_kjerne;egen_retningslinje;canadakriteriene_må;skille_me_uten_pem;brukermedvirkning_krav;aktivitetstilpasning_lære;regresjon_unngå;fastlege_kompetansekrav;tjenestemottaker_vet_best;bremses_ikke_press,A_klar med ME-m/PEM som kjerneskille. Krever Canadakriteriene som obligatorisk grunnlag. Hovedbekymring: 'raskt kan bli regresjon om PEM ikke hensyntaes'. Fastleger 'tvinges til kompetanseheving'.
260,Privatperson,,fagperson_privat_sannsynlig,,A_klar,False,15,pem_kjerne;egen_retningslinje;skille_me_utmattelse;canadakriteriene_støtte;biopsykososial_kritikk;nice_2021;aktivitet_pacing;kognitiv_terapi_kritikk;kunnskapsgrunnlag_smalt;barn_og_unge;alvorlig_syke;tvang_pasientvern;implementering_konkret;tjenester_samhandling;kompetanseheving,"Strukturelt-faglig privatperson som krever omfattende omarbeidelse. Sentral kritikk: Retningslinjen lider av en intern GRADE-inkonsistens – PICO-analysene av GET og KAT viser lav effekt og lav tillit, men retningslinjen bruker likevel graderingen «bør» (tilsier sterk anbefaling til de fleste). Foreslår at tre fastlege-relaterte kapitler konsolideres ned til to. Vil at retningslinjen strukturmessig bygges som NICE 2021 eller BMJ Best Practice, eventuelt at internasjonale retningslinjer tilpasses norske forhold som alternativ. Konkret avvisning av anbefalingen om «kommunen_tillit» som «altfor sterk (SKAL) i forhold til forskningsgrunnlaget» – mener hele anbefalingen kan strykes og erstattes med oppdatert informasjon om lovverket. Forslag til konkret skoletilrettelegging og spesifikt forslag om at bekymringsmelding til barnevern krever klart lovgrunnlag, og at det å takke nei til ikke-dokumentert behandling ikke kan være grunnlag for melding. Sterk understreking av at samvalgsverktøy bør være sentralt – ikke etisk refleksjon om pasientens samtykkekompetanse. Henviser til Demens-retningslinjen (2024) som strukturell modell."
261,Privatperson (PPPS persisterende postural-perseptuell svimmelhet),,pasient_ppps_svimmelhet_pragmatisk,,pragmatisk,False,6,ppps_persisterende_postural_svimmelhet;sjelden_tilstand_referanse;gjenkjennelse_savnes;ikke_vilje_men_kunnskap;utmattelse_sekundær;retningslinjer_dekke_flere_tilstander,Pragmatisk pasient med PPPS (persisterende postural-perseptuell svimmelhet) som hovedtilstand. Krever bedre retningslinje-dekning av sjeldne tilstander som gir utmattelse.
262,Privatperson (kort 1-setnings-A_klar),,pasient_eller_pårørende_kort,,A_klar,False,1,egen_retningslinje,Kort 1-setnings-A_klar.
263,Privatperson (NICE 2021/CDC-systematisk referansering),,fagperson_privat_sannsynlig,,A_klar,False,17,pem_kjerne;pem_definisjon;egen_retningslinje;skille_me_utmattelse;canadakriteriene_støtte;nice_2021;cdc_referanse;national_academy_of_medicine;biopsykososial_kritikk;psykologisering;aktivitet_pacing;get_kritikk;barn_tidligere_diagnose;barn_sårbar;barn_skole_press;implementering_konkret;kunnskapsgrunnlag_internasjonalt,"Akademisk strukturert innspill der NICE 2021 NG206 er det styrende referanseapparatet — siteres eksplisitt i alle 15 felt. Hovedanke: 'Bruken av langvarig utmattelse som samlebegrep' samsvarer ikke med internasjonal forståelse, der ME/CFS beskrives som 'egen medisinsk tilstand med distinkt symptombilde, ikke som undergruppe av generell eller uspesifikk utmattelse'. Krever: (1) PEM løftes frem allerede i bakgrunnskapittelet som obligat kriterium, (2) standardiserte graderte trenings/aktivitetsprogrammer skal eksplisitt ikke brukes ved ME/CFS, (3) for barn åpnes for diagnose etter 3 måneder slik NICE 2021 anbefaler (mot utkastets 6 måneder), (4) tverrfaglig utredning må ikke automatisk lede til rehabilitering/aktivitetsøkning, (5) eksplisitt veiledningsmateriell forankret i NICE 2021 for primær- og spesialisthelsetjeneste, (6) psykososiale tiltak kun støttende, ikke som forklaring på sykdomsmekanisme. Refererer eksplisitt CDC og National Academy of Medicine som internasjonalt parallelle helsemyndighetsbaserte standarder."
264,Privatperson (ME-diagnose + Karlson + Laila Five-referanse),,pasient_me_oku_karlsons_hybrid,,A_modifisert,False,8,me_diagnose_overbelastning;ufør_status;rune_karlson_referanse;laila_five_referanse_ny;internasjonal_forskning;skille_ro_aktivitet;aktivitet_forverring_egen;kunnskapsbasert_rehabilitering,**ME-diagnostisert pasient med hybrid A/B-rammeverk**. Refererer **Karlson + Laila Five** (ny aktør) — internasjonal forskning. 'Tydelig skille mellom de som trenger ro og de som bedres av aktivitet'.
265,Privatpersoner (3 innspill: forelder + voksent barn begge ME + pårørende-forelder),,familie_to_me_syke_en_pårørende,,A_klar,False,14,pem_kjerne;egen_retningslinje;icd_g93_3;skille_me_utmattelse;canadakriteriene_støtte;biopsykososial_kritikk;kat_get_skadelig;haukeland_forskergruppe_alliert;me_foreningen_alliert;me_foreldrene_alliert;familiær_clustering_to_me;alvorlig_grad_synlig;35_25_år_sykehistorie;tre_innspill_registrering,"**TRE INNSPILL I ETT**: høringssvar 'på vegne av forelder og voksent barn, begge med ME G93.3, samt en forelder som pårørende. Vi ber om at dette registreres som tre-3 høringssvar.' Innsenderne har henholdsvis 35 og 25 års ME-sykdomshistorie. Begrunnelse for fritekst-bruk istedenfor skjema: 'Det er svært krevende som syke å følge skjema for høringssvar som Helsedirektoratet har lagt opp til'. Hovedanke: 'Etter henholdsvis 35 og 25 år som ME-syke, og pårørende, vil vi uttrykke stor skuffelse over at ny retningslinje for ME blandes sammen med langvarig utmattelse av ukjent årsak'. Trippel-allianse: Norges ME-forening, ME-foreldrene OG forskergruppen fra Haukeland Sykehus. Fire substantielle posisjoner: (1) PEM ikke forstått — vesentlig mht å ikke skade; (2) forståelsen av hvor alvorlig ME kan ramme er svært mangelfull; (3) KBT og GET som behandlingsråd mot 'symptomet utmattelse' er skadelig for ME-syke; (4) implisitt allianse med Haukeland-Fluge/Mella-leiren."
266,Norges Myalgisk Encefalopati forening 1/2,,,,A_klar,False,18,pem_kjerne;pem_definisjon;egen_retningslinje;skille_me_utmattelse;canadakriteriene_støtte;biopsykososial_kritikk;nice_2021;aktivitet_pacing;kognitiv_terapi_kritikk;kunnskapsgrunnlag_smalt;kunnskapsgrunnlag_brukererfaring;alvorlig_syke;barn_og_unge;psykologisering;dårlig_prognose;nav_arbeidsliv;kompetanseheving;implementering_konkret,"Norges ME-forening leverer omfattende, strukturert kritikk av retningslinjen og legger til grunn at det enten må utarbeides en egen retningslinje for ME/CFS, eller diagnosespesifikke forløp innenfor felles retningslinje. PEM må være styrende prinsipp. Aktivitetsavpasning (ikke 'aktivitetsregulering' som åpner for tolkning som aktivitetsøkning) må være kjernen. Refererer til omfattende brukerundersøkelser og FAFOs 'Tjenesten og MEg' for å dokumentere problemer i dagens praksis."
267,Norges Myalgisk Encefalopati forening 2/2,,,,A_klar,False,17,pem_kjerne;pem_definisjon;egen_retningslinje;skille_me_utmattelse;canadakriteriene_støtte;biopsykososial_kritikk;nice_2021;aktivitet_pacing;kognitiv_terapi_kritikk;kunnskapsgrunnlag_smalt;kunnskapsgrunnlag_brukererfaring;alvorlig_syke;barn_og_unge;psykologisering;kunnskapsgrunnlag_forskning;implementering_konkret;kompetanseheving,"Fortsettelse av Norges ME-forenings hovedinnspill. Bygger ut på fire kunnskapskilder: biomedisinsk evidens (Komaroff, Maksoud, Fanò-Illic), klinisk evidens (IOM, NICE, AHRQ/Chou, IQWiG), klinisk konsensus (EUROMENE, Bateman Horne Center, D-A-CH 2024) og pasienterfaringsbasert evidens. Argumenterer for at biomedisinsk forståelse av ME/CFS med PEM som kjernefenomen støttes konsistent på tvers av disse kildene. Etterlyser tydeligere implementering, kompetansekrav og konkrete sjekklister."
268,"Privatperson (88. mal-instans, ren)",,pasient_eller_pårørende_mal_ren,,A_klar,False,2,egen_retningslinje;stan_mal_setning,"88. mal-instans, ren standardmal."
269,Privatperson,,Pasient/pårørende med høy fagkompetanse,,A_klar,False,18,pem_kjerne;pem_definisjon;egen_retningslinje;skille_me_utmattelse;canadakriteriene_støtte;biopsykososial_kritikk;nice_2021;aktivitet_pacing;kognitiv_terapi_kritikk;kunnskapsgrunnlag_smalt;kunnskapsgrunnlag_forskning;alvorlig_syke;barn_og_unge;psykologisering;tvang_pasientvern;nav_arbeidsliv;kompetanseheving;implementering_konkret,"Svært strukturert og kunnskapsorientert A-side-innspill med tydelig fag-/forskningsperspektiv. Hovedanbefaling: strukturere retningslinjen med separate anbefalinger for sykdom med PEM (ME/CFS og Long Covid), eller alternativt skille ut i egne retningslinjer. Foreslår eksplisitt 'aktivitetsavpasning (pacing)' som ny terminologi - ikke 'aktivitetsregulering'. Refererer DecodeME, NIHs biomedisinske satsning, IOM 2015, NICE 2021, Sommerfelt et al. 2023, Mohamed et al. 2023 (søvnstudier), Brian Hughes-foredrag. Kritisk til at retningslinjen ikke oppfyller lovpålagte krav etter §§ 7-3, 12-5 og 24. Sterk skepsis til 'kommunens tillitsskapende arbeid'-anbefalingen som potensielt overstyrer pasientautonomi. Påpeker at retningslinjen mangler kunnskap om OECD-funn om langvarige helsekonsekvenser etter virusinfeksjoner."
27,"Privatperson (NLP-kritikk, Daratumumab-Haukeland-referanse)",,pasient_aktivist_biomedisinsk_orientert,,A_klar,False,15,egen_retningslinje;skille_me_utmattelse;trening_skadelig;biopsykososial_kritikk;lp_kritikk;nlp_kvasivitenskap_kritikk;tenk_seg_frisk_kritikk;psykologer_tjener_penger;biomedisinsk_forskning;haukeland_daratumumab;get_kritikk;prt_kritikk;støttebehandling_søvn_smerte;ingen_behandling_eksisterende;forskere_løsning_venter,"A_klar med aktivisme-tone og biomedisinsk orientering. Hovedanke: 'ME må skilles fra andre utmattelsestilstander. Det er mange forskjellige årsaker til utmattelse, alt fra kreftbehandling til depresjon. ME skiller seg fra andre utmattelsestilstander ved at trening og både fysiske og psykiske anstrengelser forverrer sykdommen'. **Sentral retorisk gripepunkt — NLP-kritikk**: 'For å legge retningslinjer for helsepersonell, må man være fullt oppdatert på internasjonal forskning, og ikke være fastgrodd i tenk deg frisk-metoden som er basert på den kvasi-vitenskapelige nevrolingvistisk programmering-metoden fra 70-tallet som noen psykologer tjener mye penger på på bekostning av desperat syke mennesker. En metode som er direkte skadelig for ME-pasienter'. Konkret fastlege-anbefaling: 'Fastlege må IKKE anbefale gradert treningsterapi eller LP/PRT til ME-pasienter. Fastlege må ta pasientene på alvor og være oppriktig med at det foreløpig ikke finnes behandling for ME'. **Forsknings-referanser**: 'Vi venter på resultater fra Haukeland (Daratumumab-studien) og resultater fra andre lands forskning'."
270,Norsk Covidforening,,,,A_klar,False,17,pem_kjerne;pem_definisjon;egen_retningslinje;skille_me_utmattelse;biopsykososial_kritikk;nevroplastisitet;nice_2021;aktivitet_pacing;kognitiv_terapi_kritikk;kunnskapsgrunnlag_smalt;kunnskapsgrunnlag_brukererfaring;alvorlig_syke;barn_og_unge;psykologisering;tilfriskning_håp;tvang_pasientvern;arbeidsgruppe_kritikk,"Tar dissens fordi utkastet sammenstiller tre adskilte ICD-11-diagnoser (8E49 post-COVID, RA02 ME/CFS, MG22 utmattelse) i én ramme uten faglig begrunnelse, mangler oppsummert biomedisinsk kunnskap, og marginaliserer pasienterfaringer. Mener utkastet avviker fra NICE 2021, WHO 2025 og nordiske forskningsanbefalinger. Sentrale internasjonale kilder (Mount Sinai/CoRE, NordForsk, Choutka, Davies, Greenhalgh) er utelatt, mens svake studier som Kysthospital-studien vies uforholdsmessig plass. Vil ha eget kapittel for alvorlig/svært alvorlig syke og barn."
271,Privatperson (frisklivssenter + Karlson + svensk litteratur),,pasient_eller_pårørende_oku_frisklivssenter,,pragmatisk,False,7,oku_karlsons_konkret;stress_utløst_utmattelse;frisklivssenter_mestringssentere;psykomotorisk_fysioterapeut;svensk_litteratur;erfaringsbaserte_anbefalinger;kommunal_tilbud_krav,**29. OKU-tilhenger**. Pragmatisk forslag om **frisklivs- og mestringssentere** for stressutløst utmattelse. Karlsons-erfaringer + svensk litteratur.
272,"Privatperson (mor til ME-barn, 'hysterisk mor'-stigma)",,pårørende_mor_me_barn,,A_klar,False,5,pårørende_mor_me_barn;hysterisk_mor_stigma;skole_lite_kunnskap;fastlege_avgjørende;aktivitetsregulering_støtte_pårørende,"Pårørende mor. **'Hysterisk mor'-stigma-beskrivelse**: 'Når barn blir syke, er det kompetansen til fastlegen som avgjør om man blir stemplet som hysterisk mor'."
273,"Privatperson (4 år utmattelse, refleksjon over personlighetstype og hjelp)",,pasient_pragmatisk_refleksiv,,pragmatisk,False,8,utmattelse_overbelastning;personlighetstype_tilpasning;fastlege_kontinuitet;anerkjennelse_validering;fastlege_selv_oppsøke;individuell_tilpasning;pushes_eller_holdes_igjen;stå_på_selv,"Pragmatisk pasient med 4 års utmattelseshistorie. Fastlegen sykmeldte 100 % 14 dager om gangen og la føring for tidlig retur til jobb. Etter 3 måneder 100 % sykmelding, jobbet innsender 20-25 %. Etter 1 år på AAP fikk innsender beskjed om at hen ikke trengte å komme til legen lenger — tolket som at hen var på riktig vei. Substantielt poeng om individuell tilpasning: 'Helsepersonell bør først og fremst bli kjent med den personen som søker hjelp. Forstå litt hvilken personlighetstype de har foran seg. Hva er det akkurat denne personen trenger av hjelp og støtte. Er det en person som trenger å pushes eller er det en person som trenger å bli holdt igjen?'. Vekt på anerkjennelse: 'Det er også viktig at helsepersonell anerkjenner utmattelsen og forklarer så godt de kan, slik at personen som søker hjelp [forstår sin egen situasjon]'."
274,"Privatperson (kort støttende, pakkeforløp-analogi)",,pasient_eller_pårørende_pragmatisk_støttende,,pragmatisk,False,5,lyttet_til_symptomer;raskere_henvisning;psykologtimer_tiltak;canadakriteriene_kognitiv;pakkeforløp_analogi,Pragmatisk støttende. Foreslår **pakkeforløp-analogi** for ME-utredning. Psykologtimer som tiltak.
275,"Privatperson (utbrent 4 mnd, psykolog-henvisning avvist)",,pasient_utbrent_pragmatisk,,pragmatisk,False,8,utbrenthet_altomfattende;hjernetåke;varierende_smerter;sykmelding_absolutt_behov;psykolog_henvisning_avvist;fastlege_tid_for_kort;knekk_etter_pem_aktig;sammenkomst_påfølgende_knekk,Pragmatisk utbrent pasient. 'Etter snart 4 måneders sykmelding er jeg fremdeles svært sliten'. PEM-aktig fenomenologi: 'Stort ubehag om jeg må presse meg... påfølgende knekk i flere dager etterpå. F. eks deltakelse i en sammenkomst'. Psykolog-henvisning avvist.
276,"Privatperson (kreft-utredningsmodell-forslag, fastlege-tillit)",,pasient_eller_pårørende_pragmatisk_modifisert,,A_modifisert,False,7,utredningsmodell_kreft_garantert;aap_unngå;fastlege_tillit_kjenner_best;helhetsvurdering_individuell;canadakriteriene_for_strengt_kritikk;spesialistteam_helhetsvurdering;1_ukes_innleggelse_observasjon,A_modifisert pragmatisk. Sentral idé: **kreft-utredningsmodell** med garantert ferdigstillelse innen 1 år. **Kritikk av Canadakriteriene som for strengt**: 'Jeg har samtlige symptomer med unntak av kognitive utfordringer og dermed fikk jeg ikke diagnosen me. Det må være rom for å se enkeltmennesket'. Forslag: 1 ukes innleggelse for helhetsvurdering.
277,"Privatperson (langvarig utmattelse, vikarlege-mangel, psykisk-ensidighet-kritikk)",,pasient_eller_pårørende_pragmatisk_tilfrisket,,A_modifisert,False,11,utmattelse_overbelastning;vikarlege_kontinuitetsproblem;psykisk_fokus_ensidig_skadelig;lav_energi_konkret_eksempler;hukommelse_problemer;språkfunksjon_kognitiv_svikt;samle_energi_aktivitet;fastlege_permisjon_vikar;depresjon_avkreftet;tiltak_skadelig;psykisk_kartlegging_balansert,"A_modifisert pasientstemme med langvarig utmattelse etter 'stort trykk over lengre tid'. Konkrete symptombeskrivelser: 'svimmelhet, delvis hukommelsestap, svært lav energi og utfordringer med å snakke vanlig... etter å ha levert på barnehage og handlet mat, lå jeg foran kjøleskapet uten å få inn maten før jeg hadde hvilt. Skulle jeg husk to oppgaver, husket jeg kun en. Jeg slet med å formulere meg'. **Vesentlig fastlege-kritikk**: 'Fastlegen min hadde permisjon, og legetimene var hos ulike vikareger. De hadde ulike meninger og fremgangsmåter. Det gjorde at jeg ble litt bedre og så tilbake. Det var og krevende mentalt og hardt psykisk og ikke kunne ha kontinuitet i behandling'. **Sentralt poeng om psykisk-fokus-balanse**: 'Flere leger har stort fokus på det psykiske. Jeg opplevde ikke å være deprimert eller manglende lyst til å gå på jobb/være sosial. Jeg ble dårligere av å skulle gjøre alle tiltakene. To av legene opplevede jeg som at alt knyttet seg til det psykiske uansett resultat. Det er bra å ha fokus på det + kartlegge, men det kan være ødeleggende å ha et så ensidig fokus'."
278,"Privatperson (uføre, diabetes1, yoga-instruktør, AiR Rauland-positiv)",,pasient_uføre_yoga_tilfrisket,,pragmatisk,False,10,utmattelse_overbelastning;diabetes_komorbid;arbeidsgiver_press_skadelig;yoga_medisinsk_hjalp;yoga_instruktør_egen;air_rauland_attføring_positiv;sosionom_papirer_behov;mor_dement_familiebelastning;fatigue_ingen_forstår_dårlig;faglig_team_møte_andre,"Pragmatisk uføre-pasient. Diabetes1 utløst av stress, deretter utmattelse. **Yoga medisinsk hjalp** + instruktør-utdanning. **AiR Rauland (attføring) positiv erfaring**: 'Ble møtt med forståelse for første gang'. Konkret forslag: 'Alle med ME burde fått en sosionom som tok hånd om alle papirer og alle møter'."
279,"Privatperson (ME/CFS-tilfrisket, støtter BPS-modell, MOT ME-foreningen)",,pasient_me_tilfrisket_b_side,,B_klar,False,15,biopsykososial_støtte;stressoverbelastning_årsak;aktivitetstilpasning_støtte;stressmestring_støtte;tilfriskning_egen_historie;me_foreningen_kritikk;biopsykososial_inkludere_psyke;ulike_pem_subgrupper;fastlege_kontinuerlig_oppfølging;institusjon_kritisk;anafranil_eksperimentell_behandling;dr_feet_ullevål;kortisol_dempes;individuell_tilpasning;støtter_fagdissens_b_side,"**Sjelden B_klar pasient-stemme**: ME/CFS-diagnostisert (etter kyssesyke og ekstremt arbeidspress) som var sengeliggende i periode, men nå tilbake i fulltidsjobb gjennom 'systematisk aktivitetstilpasning og stressmestring'. **Eksplisitt MOT ME-foreningens motstand mot biopsykososial-modellen**: 'Mine erfaringer stemmer godt med det hovedperspektivet som legges fram: at ME/CFS er en biospykososial lidelse, at det er like fruktbart å skille ME/CFS med og uten PEM, og at aktivitetstilpasning er en riktig behandling. Jeg sterkt uenig i ME-foreningens motstand mot at inkludere psykiske komponenter i årsak og behandling. ME/CFS er slik jeg har erfart det, en lidelse som skyldes stressoverbelastning'. Eksplisitt **mot ME-foreningens kampanje mot aktivitetstilpasning**: 'Jeg sterk motstander av ME-foreningens kampanje mot denne behandlingsmåten, som jeg synes ofte misforstår hva det innebærer'. Anbefaler systematisk aktivitetslogg. Innspillet inneholder også eksperimentell behandlingsanekdote: Anafranil (klomipramin/TCA) foreskrevet av overlege Feet ved Ullevål (psykiatri + fysiologi-spesialist) etter kortisol-måling. 'Umiddelbar positiv effekt' og 'vendepunkt på veien tilbake til å bli helt frisk'."
28,Privatperson (18. mal-instans + konstruktive forslag),,pasient_eller_pårørende_mal_pluss_konstruktiv,,A_klar,False,10,pem_kjerne;egen_retningslinje;stan_mal_setning;pem_objektiv_kartlegging;aktivitetsavpassing_tidlig;todelt_råd_pem_ikke_pem;strenge_kriterier_tidlig;symptomatisk_behandling_ventetid;infohefte_fastleger_tiltak;forutsigbar_koordinert_oppfølging,"**18. mal-instans** med substantielle konstruktive forslag: PEM objektivt kartlagt tidlig, todelt råd-løp for PEM vs ikke-PEM, infohefte til fastleger, symptomatisk behandling under diagnose-ventetid (søvn/smerter/kvalme)."
280,"Privatperson (fibromyalgi/polyartrose/lymføden/krystallsyken, MIKROTRENING-funn)",,pasient_fibromyalgi_polyartrose,,pragmatisk,False,9,fastlege_skal_ikke_bør;fastlege_yrkesstolthet_problem;spesialist_henvisning_blokkert;fibromyalgi_polyartrose_komorbiditet;mikrotrening_lillehammer_revmatisme;fri_journalflyt_pasientvennlig;intervall_livsstil_fibromyalgi;utmattelse_tilfeldig_term;nedadgående_spiral_dokumentert,"Pragmatisk pasient med ANDRE primærdiagnoser enn ME: fibromyalgi, polyartrose, lymføden, krystallsyken. Innspillet er primært et 'SKAL ikke BØR'-argument: 'Alle innspill som inneholder legen bør, må erstattes av SKAL, selvfølgelig!' Hovedanke: at fastleger med 'for høy misforstått yrkesstolthet' ikke videresender pasienter til spesialisthelsetjenesten når de selv kommer til kort. Beskriver dramatisk hvordan dette gir en 'nedadgående spiral' der pasienten leter alene i tåkelandskapet, blir stadig sykere med tilleggssymptomer (depresjon, isolering, anspenthet, økende utmattelse, fysiske smerter), inntil legen 'kan henvise pasienten for utredning uten å tape ansikt selv'. Personlig erfaring: utmattelses-sykmelding første gang 200..., kuropphold på revmatismeavdelingen i Lillehammer, fant 'den grundig utforskede metoden MIKROTRENING' som har 'reddet meg' siste året. Pragmatisk implementeringsforslag: 'fri flyt av pasientens runddans i systemet... fri journalflyt og informasjonsdeling vil hjelpe pasienten'. Avslutter med utmattelses-indikator: 'Nå orker jeg ikke mer...SKAL...' (i helsepersonell_barn-feltet)."
281,Privatperson (taxonomi-forslag inkl. OKU),,pasient_oku_inspirert_taxonomi,,pragmatisk,False,12,taxonomi_forslag;oku_karlsons_referanse;skille_undertyper;demens_parallell;mbd_parallell;fastlege_kapasitet;fastlege_kvalitet_variasjon;vikar_lis_problem;tverrfaglighet_krav;tilfriskning_håp;pem_ikke_pålitelig_alle;rune_karlson_kompetanse,"Pragmatisk-modifisert pasient-innspill som foreslår en TAXONOMISK omstrukturering av feltet. Foreslår 'Langvarig utmattelse' eller 'Kronisk utmattelse' (=CFS) som overordnet term, med undertermer: (1) Myalgisk encefalomyelitt (ME), (2) Overanstrengelsesutløst kronisk utmattelse (OKU, jfr. Rune Karlssons studier og behandlingsmetode), (3) Infeksjonsrelatert kronisk utmattelse (Long Covid, post-mononukleose mfl.). Refererer 2016-retningslinjens innledning der Hdir selv åpnet for at CFS/ME kan bli flere ulike diagnoser, og MBD som parallell (gikk fra én diagnose til flere). Demens-parallell: bekymret for at retningslinjen viderefører tankegang om at det 'ikke er viktig å avklare hvilken type det er snakk om så lenge det ikke fantes kurativ behandling'. Substantielt kritisk til at fastlegens rolle overdimensjoneres — virkeligheten er vikarer, fersk LIS, språklig/kulturell variasjon. Krever at fastlegen SKAL hente tverrfaglige tjenester. Egen erfaring: PEM er IKKE pålitelig indikator når symptomtrykket er konstant ('det utløses av faktorer som ikke nødvendigvis kan begrenses eller fjernes'). Henviser positivt til Rune Karlssons erfaringer for klinisk intervju med fokus på 'totale livssituasjon i tidsperioden som ledet frem til utmattelsen'."
282,Privatperson (utbrenthet etter dobbel omsorgsrolle + nedbemanning),,pasient_utbrenthet,,pragmatisk,False,8,utbrenthet_jobbstress;omsorgsrolle_dobbel_belastning;fastlege_for_rask_friskmelding;skjørhet_etter_friskmelding;egne_høye_forventninger;vegg_nr_2_tilbakefall;kognitiv_svikt;stillingsprosent_usikker,"Pragmatisk pasient-stemme med utbrenthet etter dobbel omsorgsrolle (far med sykdom + svigermor med sykdom + barn med diagnoser) kombinert med nedbemanning og merarbeid. Resultat: 'total utmattelse med diverse kroppslige plager og en ekstremt og ugjenkjennelig skjør versjon av meg selv'. Hovedanke: fastlegen ønsket raskt tilbake i jobb, ba om turer og gradvis aktivitetsøkning. Innsender fulgte rådene, ble 'på papiret friskmeldt' etter 7 måneder, men traff 'vegg nr 2' og har vært ute av arbeidslivet i 3 år. Refleksjon: 'Når jeg var blitt sånn at jeg klarte å stå opp av sengen og ikke bare gråte, og fastlegen da ønsket noe av meg, klarte jeg ikke annet enn å gjøre det som ble forventet av meg. Dette henger nok også sammen med egne svært høye forventninger til meg selv'. Mener noe i retningslinjen bør gjenspeile at pasienter med høyt selvbidrag-orientert personlighet er sårbare for å overskride egen kapasitet hvis fastlegen presser tilbake i jobb for tidlig."
283,Privatperson (deklarert psykomotorisk fysioterapeut),,fagperson_privat_identifisert_psykomotorisk_fysioterapeut,,pragmatisk,False,12,fagperson_psykomotorisk_fysioterapeut_egen;utmattelse_helt_liv_resultat;fastlege_tid_kunnskap_lydhør;ingen_to_utmattelsestilstander_like;fysioterapeut_inkludering_større_rolle;trening_anbefalt_skadelig;individuell_tilpasning_kjerne;kunnskapsmangel_fastleger;kursing_alminneliggjøring;kompetent_fastlege_eller_fysioterapeut_kjenner_pasient;økning_utmattelsestilfeller;ressurseffektivitet_unngå_overutredning,"**FAGPERSON_PRIVAT_IDENTIFISERT: psykomotorisk fysioterapeut**. Deklarert i generelle_kommentarer: 'Jeg er selv psykomotorisk fysioterapeut og opplevelser en drastisk økning i utmattelsestilfeller'. Hovedinngangsperspektiv: 'Utmattelse er et resultat av et helt liv. Det sier seg selv at kartleggingen bør være nøye og at man må investere i å etablere tillit og bli kjent med pasienten'. Pragmatisk-individuelt fokus: 'Ingen utmattelsesprosesser eller -tilstander er like'. **Fysioterapeut-rolle**: 'Fysioterapeuter må gjerne inkluderes mer i arbeidet for å bekjempe utmattelse'. Sentral kritikk: 'Mange leger anbefaler trening til pasienter med utmattelse!' (uten å spesifisere om dette er problematisk eller bra — kontekstuelt antyder problematisk). Anbefaler at fastlege eller fysioterapeut som kjenner pasienten godt skal ha hovedansvar, ikke nødvendigvis fastlegen. **Anerkjenner Canadakriteriene som utgangspunkt** men presiserer: 'noen av kriteriene vil ikke alle pasientene med utmattelse ha'. Tverrfaglig utredning er ofte unødvendig: 'Ofte er utmattelse så opplagt at man ikke trenger å bruke masse ressurser for å utrede tverrfaglig'."
284,"Privatperson (holistisk/alternativ behandling, 'kropp i krisemodus')",,pasient_holistisk_alternativ_medisin,,B_modifisert,False,11,helhetlig_kropp_psyke;alternativ_behandling_egen_studier;kropp_i_krisemodus_24_7;symptom_som_beskjed;egeninnsats_radikal_endring;offentlig_helsevesen_begrenset;alternativ_godkjenne_meditasjon;somatiske_øvelser;medisinfrie_metoder;automatske_reaksjonsmønster_endre;digital_gruppebehandling_forslag,"B_modifisert pasient med tydelig holistisk/alternativ medisin-orientering. Hovedanke: 'Helsevesenet må fornyes. Man må reagere raskt hvis man får pasienter med gjentagende plager. Man må tenke mer helhetlig, og åpne opp for andre behandlingsmetoder'. **Sentral fortolkning**: 'Et symptom er en beskjed. Utmattelse er en beskjed om at kroppen er i krisemodus'. Innsenders eget tilfriskningsforløp: 'Gjennom helhetlig tenking, har jeg endret helsetilstanden min radikalt' — via 'egeninnsats, egne studier som informasjon på nett, litteratur og utdannelse av alternativ behandling'. **Kritikk av symptomatisk behandling**: i innsenders tilfelle ble gjentagende betennelser møtt med betennelsesdempende medisiner istedenfor utforskning av årsaken — som var 'en kropp som levde i krisemodus 24/7'. **Implementeringsforslag**: 'Godkjenne meditasjon, somatiske øvelser og alternative medisinfrie behandlingsmetoder, som bidrar til endringer i kroppens fastlåste reaksjonsmønster'."
285,"Privatperson (støttende-pragmatisk, enkle retningslinjer-ønske)",,pasient_eller_pårørende_pragmatisk_støttende,,pragmatisk,False,6,fastlege_kunnskap_savnet;tid_med_pasient;helhetlig_kartlegging_støtte;tverrfaglig_bredt_bilde;enkle_klare_retningslinjer;ikke_avansert_system,Pragmatisk støttende. Krav om enkle/klare retningslinjer som ikke gjør systemet så avansert at folk faller utenfor.
286,"Privatperson (ME-pasient, vikarlege-skadelig, fastlege-tilbake-positiv)",,pasient_me_pragmatisk_positiv_oppfølging,,A_modifisert,False,11,pem_kjerne;vikarlege_skadelig;ryggsekken_smilebåndet_overkjøring;fastlege_kontinuitet_avgjørende;respekt_forståelse_avgjørende;små_aktiviteter_pauser;aksept_situasjon;økt_livskvalitet_realistisk_mål;ydmyket_av_lege;ønske_om_deltakelse_samfunn;kræsj_unngå,"Pragmatisk pasient med ME-fortelling. **Konkret negativ vikarlege-erfaring**: 'min fastlege ble syk... møtte en vikarlege som overkjørte meg. Han hørte ikke på meg, dro på smilebåndet og sa at jeg måtte ta ryggsekken på ryggen og komme meg på fjelltur'. **Positiv vendepunkt**: 'min fastlege kom tilbake og fortsatte utredningen — møtte meg med respekt og forståelse. Fastlegen gir meg konkrete tips som jeg jobber med — om f.eks. små aktiviteter, pauser, aksept for situasjonen, ha fokus på økt livskvalitet'. Tilfrisknings-status: ikke 'bra' men 'livskvalitet er mye bedre'. **Sentralt poeng om motivasjon**: 'Vi som får disse utfordringene ønsker ikke å bli sykemeldt. Vi ønsker å være en del av samfunnet på lik linje som andre'."
287,"Privatperson (refleksiv pasient-stemme, influensa-parallell)",,pasient_pragmatisk_refleksiv,,A_modifisert,False,10,individuell_tilpasning;hvile_essentiell;ansvarsfrihet_krav_fri;influensa_parallell;uforutsigbarhet_frykt;kropp_signaler_lytte;ulik_biologi_livserfaring;alarm_klokke_dårlig_søvn;press_normal_funksjon;for_ensidig_forklaring,"A_modifisert refleksiv pasient-stemme. Hovedanke: 'Det kan oppleves som at forståelsen av sykdom ofte blir for ensidig, med søk etter én forklaring og én behandling. Ved ME tolkes like symptomer ofte som samme årsak, selv om mennesker er ulike – både biologisk og i livserfaringer og belastninger'. Foreslår: 'vurdering og behandling være individuell og helhetlig, ikke standardisert ut fra symptomer alene'. Anerkjenner felles grunnprinsipp: 'En syk kropp har behov for hvile – ikke bare fysisk, men også fra ansvar og krav'. **Influensa-parallell** for utenforstående: 'Tenk deg influensa med høy feber, smerter i kroppen og ekstrem utmattelse. Du vet ikke hva som feiler deg, hvor lenge det varer, eller hvorfor du ikke blir bedre... du orker verken å stå opp, ringe sjefen eller ha sosial kontakt'. Uforutsigbarhet skaper frykt."
288,"Privatperson (Karlson-bok-tilfrisket, fastlege forstod ikke)",,pasient_oku_karlsons_tilfrisket,,B_modifisert,False,7,oku_karlsons_konkret;boka_utmattelse;overbelastningsforårsaket_utmattelse;fastlege_forstod_ikke;venner_familie_oppmerksom;mange_mislykkede_forsøk;verre_av_tiltak,**24. OKU/Karlsons-tilhenger**. Fastlegen forstod ikke. Familie/venner gjorde innsender oppmerksom. Mange mislykkede forsøk før Karlson-boka.
289,"Privatperson (Karlsons-bok-tilfrisket, komplekst PTSD)",,pasient_oku_karlsons_kompleks_ptsd,,B_modifisert,False,11,oku_karlsons_konkret;boka_utmattelse_rune_karlson;kompleks_ptsd_komorbiditet;traume_familie_tung;fastlege_kontakt_initiativ;psykomotorisk_støtte;kosthold_endring_støtte;sukker_avhengighet_egen;kommunale_avslag_pårørende;ansvarsfri_radikal_skjerming;selvmedisinering_sukker,"**SENSITIVT INNSPILL** med tungt familiært traume-bakgrunn. Innsender beskriver familie med komplekst PTSD-historikk. Har tilfrisket gjennom Karlsons-bok: 'etter jeg har fulgt ei bok ut av utmattelse av rune Karlson har jeg sakte blitt bedre'. **Anerkjenner Karlsons-rammeverkets begrensninger**: 'Denne måten å ta en ut av alt ansvar er ikke mulig for alle. Hadde vært fint om det kunne være et system som kunne avlaste ei mor, fikk avslag av kommunen'. **Konkret operativt forslag**: 'Helhetlig tilnærming fra fastlege der hode, kropp, fysisk å psykisk, å kosthold, og psykomotorisk hadde vært en vei å gå'. **Sentral systemkritikk**: 'Synes det er veldig dumt at fastlegen ikke kan ta kontakt med oss som pasient' — peker på passiv fastlegerolle som skadelig."
29,"Privatperson (104. mal-instans, ren)",,pasient_eller_pårørende_mal_ren,,A_klar,False,2,egen_retningslinje;stan_mal_setning,"104. mal-instans, ren standardmal."
290,Privatperson (21. mal-instans + Haukeland/Røysumtunet-krav),,pasient_eller_pårørende_mal_pluss_eksperter,,A_klar,False,11,pem_kjerne;egen_retningslinje;stan_mal_setning;long_covid_separat;internasjonal_forskning;nerli_referanse_strykes;haukeland_gruppen_eksperter;røysumtunet_eksperter;trippel_allianse_me_foreldrene;me_foreningen;g93_3_vs_a04,**21. mal-instans** + konkrete eksperter-krav: 'Jeg krever at våre fremste ME eksperter som Haukeland gruppen eller Røysumtunet innlemmes i arbeidsgruppen'. **Eksplisitt navngitt Nerli-kritikk**: 'svake forskningsresultater slik som Nerlis strykes fra kunnskapsgrunnlaget'.
291,"Privatperson (ME etter kyssesyken, 7 års forsinkelse til diagnose, treningspositiv erfaring)",,pasient_aktivitetsvindu_treningspositiv,,A_modifisert,False,17,pem_kjerne;canadakriteriene_støtte;kyssesyken_utløsning;kyssesyken_2_prosent_me;postviral_utmattelse;fastlege_byttekjede;fastlege_kunnskapsmangel_tidlig;egen_research_pasient;trening_individuelt_positiv;aktivitetsvindu_utvidet;rehabilitering_positiv_med_veiledning;alvorlig_grad_prioritering;tjenester_kan_hjelpe_savnes;nav_aktiv_behandling_krav;alvorlig_grad_skala_lenger_frem;differensialdiagnostikk_grundig;ung_alder_oppvekst_skade,"A_modifisert pasient med ME etter kyssesyken og 7 års forsinkelse til diagnose. Hovedhistorie: fastlege-byttekjede med ingen kompetanse om kyssesykens 2 % sjanse for ME-utvikling. Egen research førte til at innsender 'gjorde alt riktig' før hen endelig fikk lege som lyttet. Etter diagnose: 'enormt savn' av videre oppfølging, måtte selv ta initiativ til mestringskurs og rehabiliteringer. **Sjelden A-side-formulering om trening**: 'Trening er aldri så viktig som når det er vanskeligst. Som ME-syk mister man muligheten til alt'. Erfaring: 'Selv er trening det som har fått meg til å kunne bygge opp bredere aktivitetsvindu. Denne reguleringen savnet jeg og har arbeidet med individuelt helt fram til jeg fikk plass på rehabilitering som ga meg ytterligere forståelse. Veiledning ga meg livet mitt tilbake'. **Anerkjenner PEM**: 'Melkesyren treffer bare man reiser seg opp fra sengen, og før man spytter ut tannkremen kjenner man feberen inntreffe. ME er mye mer enn å være sliten'. Krever flere tjenester som KAN hjelpe — eksperimentell behandling tilgjengelig. Påpeker NAV-konflikt: 'krever at man er i aktiv medisinsk behandling' mens mange er for syke til å delta. Alvorlig grad: 'De som er alvorlig syke burde komme lenger frem i køen enn de som er moderat syke. Dessverre er praksisen omvendt'."
292,"Privatperson (Long Covid + omsorgsbelastning, nesten frisk etter 6 år)",,pasient_long_covid_omsorgsperson_tilfrisket,,pragmatisk,False,7,long_covid_corona;omsorgsperson_glemt;kontrollert_pasient_ikke_omsorgsgiver;3_timers_våkenhets_perioder;nesten_frisk_6_år_senere;advokathjelp_omsorgsperson;hjemmelaget_mat_omsorg,"Pragmatisk omsorgsperson + Long Covid-pasient. Beskriver dobbeltrolle: tok lang tid å innse at innsender selv var dårlig pga fokus på omsorgsrolle. **6 år LC, nå nesten frisk**. Sentral kritikk: 'Masse helsepersonell kontrollerte tilstand men når jeg spurte hva med meg ble det stille'. Forslag: 'Gi omsorgsperson noen timer advokathjelp'."
293,"Privatperson (FUNCAP-fokus, 'tenk om og start på nytt')",,pasient_eller_pårørende_aktivist,,A_klar,False,6,egen_retningslinje;funcap_spørreskjema;tillit_til_systemet_taps;symptomlindring_savnes;sykeste_pasienter_omtale;tenk_om_og_start_på_nytt,A_klar med 'tenk om og start på nytt'-krav. FUNCAP-spørreskjema referert. Krav om omtale av sykeste pasienter.
294,"Privatperson (sjelden 'egen forskning'-profil, opplevelses-basert)",,pasient_egenutviklet_pragmatisk,,pragmatisk,False,8,nav_kritikk;fastlege_kritikk;fagkamp_helsevesen;fastlege_lønnssystem;skjema_pasient_tilpassing;egen_forskning_på_symptomer;differensialdiagnostikk_systematisk;smile_helsepersonell,"Sjelden profil: pasient med mange traumatiske livshendelser (2014) som havnet hos psykolog, og etter en serie ekskluderende utredninger (diabetes, amalgamforgiftning, flåttbitt, jernmangel) og 5 fastleger over noen år (alle byttene var ikke valgt av innsender), valgte å kutte kontakten med helsevesen og NAV til et minimum. Hovedhistorie: redning gjennom egen 'forskning' på hva som utmattet innsender, mens fortsatt hadde økonomi og energi. Innspillet er kritisk til NAV som overprøver helsespesialister og krevde omskolering grunnet frozen shoulder (mot ekspertenes vurdering). Foreslår: (1) NAV må slutte å overprøve spesialister, (2) fastleger må over på lønnssystem der det rangerer raskt riktig hjelp, ikke antall pasienter per time, (3) skjema må tilpasses pasient, ikke omvendt, (4) styrking av lære om hjernen i grunnskole og helsefaglig utdanning ('hjernen styrer hele kroppen — en hjernetransplantasjon er en helkroppstransplantasjon'). Berører ikke ME-spesifikk diskusjon, men er en mer generell systemkritikk."
295,"Privatperson (CFS etter belastninger, timeout-ønske)",,pasient_cfs_overbelastning_pragmatisk,,pragmatisk,False,6,cfs_overbelastning;krav_om_deltakelse_skadelig;oppgaver_topp_av_alt;sykmelding_aap_nåde;timeout_uten_krav;raskere_bedring_ro,Pragmatisk CFS-pasient. Krav om timeout uten krav. 'Man er på et vis på nåde når man er sykmeldt/går på aap'.
296,"Privatperson (akutt syk januar 2020, multisymptom-bilde, mulig Covid-utløst)",,pasient_long_covid_mistenkt,,A_modifisert,False,10,pem_kjerne;covid_utløsning;akutt_sykdomsdebut;multisymptom_bilde;fastlege_uten_forklaring;verk_etter_aktivitet;kognitiv_svikt;hukommelse_problemer;fysisk_funksjonsfall;alene_med_funksjonsfall,"Pasient med akutt sykdomsdebut januar 2020 (sannsynlig Long Covid, ikke bekreftet pga manglende test-tilgjengelighet) etter stress jobbmessig og privat samt 'liten forkjølelse'. Innspillet er primært en kronologi over sykdomsutvikling: starter med visuelle symptomer (blå under øyne, strek nedover kinn), deretter høylydt hjertebank, øresus, ikke-uthvilende tretthet, dårlig koordinasjon/balanse, verk etter aktivitet (klassisk PEM-symptom), problemer med hukommelse, problemer med å forstå/løse oppgaver — alt på områder hvor innsender 'før januar 20.. hadde god kapasitet'. Sommer 20.. fullt sykemeldt fordi 'det ikke ble bedre ved å jobbe redusert'. Hovedanke: 'Fastegen hadde ingen forklaring på hva som skjedde med meg og jeg ble gående alene med tanker knyttet til det alvorlige funksjonsfallet jeg opplevde, noe som var krevende'. Plasseres som A_modifisert pga (1) eksplisitt PEM-aktig 'verk etter aktivitet' og (2) klassisk multisymptom-bilde forenelig med ME/long covid."
297,"Privatperson (kort 'einig'-svar til alle anbefalinger, nynorsk)",,pasient_eller_pårørende_pragmatisk_støttende,,pragmatisk,False,4,pragmatisk_støtte;fastlege_tid_lytte;nynorsk;kort_einig_svar,Pragmatisk støtte til alle anbefalinger med fokus på at fastlegen må få tid til å lytte.
298,"Privatperson (krav om egen retningslinje, fire kjerneprinsipper)",,pasient_eller_pårørende_aktivist,,A_klar,False,7,pem_kjerne;egen_retningslinje;biomedisinsk_kunnskap;pem_kjernefenomen;tydelig_skille;forverring_risiko;tryggere_behandling,A_klar med fire-punkts kjerneprinsipp-liste for egen retningslinje.
299,Privatperson (19. mal-instans + biologisk forskning-fokus),,pasient_eller_pårørende_mal_pluss,,A_klar,False,8,pem_kjerne;egen_retningslinje;stan_mal_setning;biologiske_faktorer_savnes;internasjonal_forskning;tålegrense_individuell;kort_lang_sikt_forverring;symptomlindring_påvente_behandling,**19. mal-instans** med biologisk forskning-fokus. Hovedanke: 'Internasjonalt finnes spennende forskning og fagfolk med kliniske kunnskap om hvordan man kan lindre symptombildet i påvente av tilgjengelig medisinsk behandling'.
3,"Privatperson (ME-pasient, BPA-fokus, CRPD-referanse, individuell behandling)",,pasient_me_pragmatisk_bpa_fokus,,A_modifisert,False,12,bpa_brukerstyrt_personlig_assistanse;ordinære_tjenester_skadelig_me;bpa_mistes_kritikk;nevroplastisk_arbeid_bpa_nødvendig;crpd_konvensjon_norsk_lov;fns_funksjonshemming_konvensjon;ekte_helsehjelp_definert_av_pasient;to_veis_tillit_pasient_apparat;takke_nei_til_helsehjelp;individuell_behandling_støtte;medikamenter_utprøving_pasient_kontrakt;kropp_psyke_konflikt,"A_modifisert ME-pasient med pragmatisk-individuell tilnærming. Hovedfokus på **BPA (Brukerstyrt personlig assistanse)** som kritisk hjelp: 'BPA idag er en veldig god hjelp for de aller fleste. Likevel mister mange nå BPA delvis eller helt'. Refererer **CRPD-konvensjonen** (FNs konvensjon om rettighetene til mennesker med nedsatt funksjonsevne) som ble inkorporert i menneskerettighetene fra 1. januar 2026: 'Dette burde virke inn på innvilging av BPA til ME-syke, -og sammen med en tydelig retningslinje kunne vi forhåpentligvis se en forandring i løpet av året'. **Sjelden anerkjennelse av nevroplastisk arbeid**: 'Om man feks skal kunne jobbe nevroplastisk, eller drive aktivitetsregulering, vil BPA være helt nødvendig for å få kapasitet til dette'. **To-veis-tillit-poeng**: 'min personlige erfaring er at hjelpeapparatet har mindre tillit til meg som (ME)syk, enn jeg har til dem. Jeg har erfaring med å måtte takke nei til helsehjelp fordi hjelpen som ble gitt har gjort meg veldig mye sykere'. Kropp-psyke-konflikt: 'Det som er bra for kroppen, er ofte dårlig for psyken, -og omvendt'. **Ønsker mer rom for medikament-utprøving**: 'gjerne skrive under på en kontrakt om at legen fratas ansvar e.l.'."
30,"Privatperson (63. mal-instans, egen-erfaring-langvarig-forverring)",,pasient_eller_pårørende_mal_pluss,,A_klar,False,3,egen_retningslinje;stan_mal_setning;langvarig_forverring_egen_erfaring,63. mal-instans. 63. mal-instans + egen erfaring med langvarig forverring.
300,"Privatperson (utbrent etter hjernerystelse + skjermjobb, tre private aktører)",,pasient_utbrenthet_post_hjernerystelse,,B_modifisert,False,12,utmattelse_overbelastning;post_hjernerystelse_skade;skjermjobb_100_prosent_killer;fastlege_eneste_verktøy_sykmelding;rune_karlsson_omsorgsbasert_utmattelse;ingri_bergin_solem_lege_utbrenhet;nina_fuglesang_optometrist_samsyn;private_tjenester_oversikt_mangler;kursing_selvbetalt;kartlegging_offentlig_henvisning;nav_fort_tilbake_ikke_varig;henvisning_til_private_aktører,"B_modifisert pasient med utbrenthet etter post-hjernerystelse + 100 % skjermjobb. **Hovedanke**: 'Min nåværende dyktige fastlege da han sa jeg måtte sykemelde meg 100% pga utmattelse/utbrenthet og jeg spurte hva gjør jeg nå: jeg vet ikke - det eneste verktøyet jeg har er sykemelding'. **TRE konkrete private aktører anbefalt**: (1) **Psyk Rune Karlsson** (omsorgsbasert utmattelse), (2) **Dr. Ingri Bergin Solem** (tidl. fastlege, hjelper folk tilbake etter utbrenthet), (3) **Optometrist Nina Fuglesang** (spesialist på hjernerystelser, samsynsproblematikk og utbrenhet). Hovedforslag: 'Hadde jeg blitt henvist direkte til flinke folk som disse tidlig, kunne jeg sikkert unngått flere år som sykemeldt'. **Substantielt operativt forslag**: 'Man må kartlegge disse tjenestene og fastlegene må få hjelp til å vite hvor de skal sende oss utmatta folk'. **NAV-kritikk**: 'NAV vil ha sånne som meg fort tilbake, ikke varig tilbake'."
301,"Privatperson (121. mal-instans, ren)",,pasient_eller_pårørende_mal_ren,,A_klar,False,2,egen_retningslinje;stan_mal_setning,"121. mal-instans, ren standardmal."
302,"Privatperson (etterlatt ektefelle, Karlson-bok via Facebook)",,pasient_etterlatt_oku_karlsons,,B_modifisert,False,7,oku_karlsons_konkret;facebook_bok_funn;kreft_overlever;ektefelle_død_50_år;sorg_utladethet;trene_aktivitet_sosial_råd_skadelig;fastlege_psykolog_psykomotorisk_ikke_kjent_bok,"**30. OKU/Karlsons-tilhenger**. Etterlatt-pårørende etter 50 års ekteskap. Sorg + kreft-egen sykdom → utladethet → ble fortalt å trene/være aktiv → fant Karlson-boka på Facebook. **Fastlege, psykolog OG psykomotorisk fysioterapeut kjente IKKE Karlson-boka**."
303,Privatperson,,pasient_aktivist,,A_klar,False,18,pem_kjerne;pem_definisjon;egen_retningslinje;skille_me_utmattelse;canadakriteriene_støtte;biopsykososial_kritikk;nice_2021;aktivitet_pacing;psykologisering;kunnskapsgrunnlag_smalt;kunnskapsgrunnlag_brukererfaring;kunnskapsgrunnlag_forskning;alvorlig_syke;barn_og_unge;tvang_pasientvern;tilfriskning_håp;nav_arbeidsliv;implementering_konkret,"Privatpersonen krever tre separate retningslinjer (utmattelse-symptom, ME/CFS-sykdom, postinfeksiøse tilstander/LC). PEM må defineres presist (12-72 timer forsinket, forlenget restitusjon, varig funksjonsfall-risiko). Sterk kritikk av DEFACTUM-rapporten som ikke er fagfellevurdert. Henviser til FAFO 1%-funn. Krever NKT lagt ned og erstattet av ny kompetansetjeneste. Foreslår FUNCAP som kartleggingsverktøy. Påpeker risiko for feilaktige barnevernsvurderinger ved uenighet om tiltak."
304,"Privatperson (utbrent sykepleier, DPS uten utmattelses-diagnose)",,pasient_utbrent_sykepleier,,pragmatisk,False,11,utmattelse_overbelastning;sykepleier_bakgrunn_egen;barn_tett_alder_belastning;sengeliggende_4_år;lavt_stoffskifte_komorbid;dps_ingen_utmattelses_diagnose;angst_depresjon_sekundær;mange_møter_hvile_hindrer;lytte_kroppens_signaler_lære;utbrenthet_motivasjon_kommer_tilbake;kartleggingsverktøy_skille_typer,"Pragmatisk utbrent-sykepleier-fortelling. Sengeliggende i 4+ år etter overbelastning, nå i bedring. **DPS-systemproblem**: 'DPS hadde ingen diagnose for utmattelse i sitt diagnosesystem enda, så angst og depresjons symptomene ble diagnosen. Sekundært til utmattelse?' Krav om kartleggingsverktøy for å skille ulike typer utmattelse."
305,Privatperson (20 års ME + OKU-bok-vendepunkt),,pasient_me_oku_karlsons_hybrid,,B_modifisert,False,7,me_diagnose_20_år;oku_karlsons_konkret;kostbare_metoder_uten_effekt;oku_bok_vendepunkt;kjente_seg_igjen;følger_råd_bedring;flere_med_meg_følger,"**34. OKU/Karlsons-tilhenger**. Hybrid: 20 års ME-diagnose, men nå tilhenger av Karlsons OKU-rammeverk. **Sjelden krysning A-leiren-pasient → B-leiren-tilfrisket**."
306,Privatperson,,pasient_aktivist,,A_klar,False,18,pem_kjerne;pem_definisjon;egen_retningslinje;skille_me_utmattelse;canadakriteriene_støtte;biopsykososial_kritikk;nice_2021;aktivitet_pacing;kognitiv_terapi_kritikk;lp_kritikk;kunnskapsgrunnlag_smalt;kunnskapsgrunnlag_brukererfaring;arbeidsgruppe_kritikk;alvorlig_syke;tvang_pasientvern;psykologisering;støtter_dissens;implementering_konkret,"Pasient-aktivist som krever egen retningslinje kun for ME G93.3. Sterk vekt på at FUNCAP 55 erstatter ICF for kartlegging fordi det fanger PEM-konsekvenser. Mener diagnosen ME/CFS skal stilles av spesialist med kompetanse på G93.3 – fastleger er presset på tid og varierende kompetanse gjør differensialdiagnostikk krevende. Identifiserer eksplisitt risiko for tvangstiltak: En kommune som mangler kunnskap om ME kan, i god tro og i tråd med utkastet, konkludere med at pasient som avviser skadelig hjelp mangler samtykkekompetanse, og utsettes dermed for overgrep. Refererer eksplisitt til Cathrine Abrahamsens samtaleverktøy som det utkastet henspiller på under «strukturerte samtaler» – og avviser dette grunnlaget. Henviser til IOM-rapporten (2015), Røysumtunets erfaringer, Kielland og Liu lønnsstudie om dårlig prognose ved voksen-debut. Forfatter foreslår at gjennomgangen av oppropet (3000+ underskrifter) representerer pasientgruppens samstemte krav. Mener Helsedirektoratet i praksis unngår å henvise til NICEs retningslinje for ME/CFS og refererer til en lite egnet dansk rapport. Krever at gjeldende veilederens pleieråd inkluderes og bygges videre på basert på Røysumtunets erfaringer. Avviser implementering: «Det nytter ikke å flikke på dette utkastet»."
307,"Privatperson (formell strukturert A_klar, hvile-frisk-distinksjon)",,fagperson_privat_sannsynlig,,A_klar,False,12,pem_kjerne;pem_forsinket;egen_retningslinje;skille_me_utmattelse;biomedisinsk_forskning;immunsystem_avvik;energimetabolisme_avvik;autonom_dysfunksjon;biopsykososial_kritikk;hvile_frisk_distinksjon;ulik_patofysiologi;varig_forverring_risiko,"Formell strukturert A_klar med biomedisinsk argumentstruktur. Hovedanke: 'Forslaget har en grunnleggende faglig svakhet ved at det samler tilstander med ulik patofysiologi og sykdomsforløp under én felles tilnærming'. **Sentral konseptuell distinksjon**: 'utbrenthet i mange tilfeller kan bedres gjennom hvile og tilrettelegging, mens ME ikke er en tilstand man kan hvile seg frisk fra. Tvert imot kan feilaktig behandling føre til betydelig forverring'. Refererer dokumenterte avvik: immunologiske mekanismer, energimetabolisme, det autonome nervesystemet, blodbaserte analyser. PEM beskrevet som forsinket og betydelig forverring av symptomer etter fysisk, kognitiv eller emosjonell belastning. Argumentstruktur er substantielt nær id 437 (Canada vs Oxford/CDC-Fukuda-kritikk) og id 374 (BPS som ramme ikke årsak)."
308,Privatperson,,fagperson_privat_sannsynlig,,A_klar,False,16,pem_kjerne;pem_definisjon;egen_retningslinje;skille_me_utmattelse;biopsykososial_kritikk;nice_2021;aktivitet_pacing;kognitiv_terapi_kritikk;kunnskapsgrunnlag_brukererfaring;kunnskapsgrunnlag_forskning;alvorlig_syke;tjenester_samhandling;implementering_konkret;kompetanseheving;nav_arbeidsliv;psykologisering,"Klinisk-orientert privatperson som henviser til Bateman Horne Center 2025 for ortostatisk intoleranse-testing (aktiv eller passiv ståtest i 10 minutter). Strukturelt skjema med Long Covid (LC) som likeverdig brukt term sammen med ME. Krever egne retningslinjer for både ME og LC: «Vi er et av få land som ikke har retningslinjer for LC». OECD-rapport om long covid-kostnader trekkes inn. Foreslår FUNCAP fremfor ICF fordi det fanger PEM-konsekvenser. Insisterer på at PEM-kartlegging skal være «skal», ikke «bør». Foreslår «skal» som styrende ord også for at fastlegen kartlegger PEM ved første konsultasjon. Mener rehabilitering bør frarådes for personer med PEM da det ikke finnes grunnlag for nytte og dokumentert risiko for forverring. Avviser dagens tverrfaglige poliklinikker fordi de har biopsykososial forståelse. Foreslår at tverrfaglige team bygges opp med biomedisinsk kompetanse på ME og LC. Foreslår at «få faste personer» skal forholde seg til pasienten, og at pleiepersonell må være kjent med PEM-fenomenet hvor forverring kommer forsinket."
309,"Privatperson (20 års utmattelseshistorie, positiv til høringsutkastet)",,pasient_pragmatisk_positiv,,pragmatisk,False,10,støtter_retningslinjen_hovedsak;tverrfaglig_utredning_positiv;funksjonskartlegging_støtte;tid_til_lege_viktig;aap_sykepenger_kostnad;kognitiv_atferdsterapi_integrasjon_positiv;ikke_press_tilbake_jobb;stressrespons_negativ;lege_henvisning_problem;individuell_tilpasning,"Sjelden positiv pasient-stemme: 20 års sykehistorie med 'ME/CFS/fatigue/PEM' og gjentatte sykemeldinger som beskriver tidligere helsevesen som motsatt av høringsutkastets ambisjon. Hovedinnstilling: 'Veldig fornøyd med det jeg har lest. Endelig blir pasienter med utmattelses symptomer tatt på alvor.' Spesielt fornøyd med (1) tverrfaglig utredning som 'endelig kommer', (2) funksjonskartlegging som tar opp aktivitet over tid og PEM, (3) tilbud om å teste ulike aktiviteter med 'kognitive atferdsterapeutiske elementer' — sitert som 'fantastisk forslag og tilbud til heldige som får det!'. Hovedbekymring er praktisk implementering: lege-tid, pasienter må ikke presses tilbake i jobb for tidlig, 'krav og forventninger er som bensin på stressresponsen', og 'trusler om å miste sykepenger eller trygd hvis en ikke forter seg med å bli frisk, gjør ingen ting helsefremmende'. Bruker konsekvent 'ME/CFS/fatigue/PEM' som overlappende kategorier uten skarp differensiering — skiller seg dermed fra A-leirens kjernekrav om eksplisitt ME-separasjon."
31,"Privatperson (82. mal-instans, ren)",,pasient_eller_pårørende_mal_ren,,A_klar,False,2,egen_retningslinje;stan_mal_setning,"82. mal-instans, ren standardmal."
310,"Poliklinikk for smerte og CFS/ME, Sykehuset Innlandet",,,,A_modifisert,False,8,pem_kjerne;egen_retningslinje;skille_me_utmattelse;canadakriteriene_støtte;kunnskapsgrunnlag_smalt;kunnskapsgrunnlag_forskning;alvorlig_syke;nav_arbeidsliv,"Spesialisert klinisk enhet med smerte/CFS/ME-fokus. Argumenterer for egen retningslinje for pasienter med ME/CFS, postviral utmattelse og long covid – skilt fra andre former for utmattelse. Etterlyser forskning om sykdomsmekanismer (mitokondriedysfunksjon, nevroinflammasjon, immunologiske avvik). Påpeker at kunnskapsgrunnlaget ikke fanger opp svært alvorlig rammede. Kritisk til omtalen av PEM som om man 'kan tenke seg ut av PEM'. Påpeker at NAV ofte henviser til rehabilitering med lite forventet nytte før uføretrygd."
311,"Privatperson (35. mal-instans, pårørende kone+datter 10 år)",,pårørende_kone_datter_me,,A_klar,False,8,egen_retningslinje;stan_mal_setning;pårørende_kone_datter;10_år_pårørende;tvunget_gjennom_behandling_skadelig;mistet_40_årene;ungdomsskole_videregående_tap;familie_clustering_me,35. mal-instans + pårørende-kontekst: kone+datter ME-syke i 10+ år. Familiær ME-clustering (6. instans).
312,"Privatperson (45. mal-instans, FAFO-Kielland-NICE)",,pasient_eller_pårørende_mal_pluss,,A_klar,False,7,egen_retningslinje;stan_mal_setning;pem_kjerne;nice_forankring;fafo_kielland_referanse;biomedisinsk_forskning;me_foreningens_brukerundersøkelser,45. mal-instans. 45. mal-instans + FAFO/Kielland + ME-foreningens brukerundersøkelser.
313,"Privatperson (tilfrisket overbelastning fra barndommen, gradvis opptrapping)",,pasient_tilfrisket_overbelastning_gradvis,,pragmatisk,False,14,utmattelse_overbelastning;barndoms_overbelastning_kompleks;ro_ansvarsfri_start_best;gradvis_aktivitet_opptrapping_positiv;kropp_signaler_respekt;rehabiliteringsopphold_positiv;fastlege_tillit_avgjørende;tidlig_anerkjennelse_tilstand;for_tidlig_jobb_for_lang_skadelig;14_dagers_oppmøte_uheldig;lege_tidspress_refusjonsordninger;kontinuitet_individuell_tilpasning;energiforvaltning_konkret_råd;tilfriskning_håp,"Pragmatisk-positiv pasientstemme: tilfrisket fra overbelastnings-utmattelse med røtter i barndommen. Symptombilde: 'én aktivitet gi behov for flere dagers hvile' (PEM-aktig fenomenologi men ikke eksplisitt referert til PEM/Canada). Sentralt: 'Ro og fri for ansvar var nok det beste i starten, for deretter gradvis mer aktivitet. Jeg i den perioden med opptrapping meget god hjelp av rehabiliteringsopphold'. Bekrefter at gradvis aktivitetsøkning med veiledning er hjelpsom. **Kritisk til fastlege-systemet**: 14-dagers konsultasjons-rytme skapte 'forventning med å komme meg raskest ut i jobb' som forlenget sykdomsforløpet. Foreslår at sykmeldingen er lengre i starten. Strukturert fire-punkts oppsummering: (1) anerkjenn tilstanden tidlig og tydelig, (2) gi konkret veiledning om energiforvaltning og gradvis opptrapping, (3) sikre rammebetingelser for nødvendig oppfølging, (4) ha tillit til pasientens egen opplevelse. Avslutter med takknemlighet til egen lege og håp om at flere kan få samme oppfølging."
314,"Privatperson (OKU-tilfrisket, viser til Karlsons høringsinnspill)",,pasient_oku_karlsons_tilfrisket,,B_modifisert,False,10,oku_karlsons_konkret;karlson_høringsinnspill_referanse_eksplisitt;optimal_unntakstilstand;skjermet_ansvar;boka_karlson_utmattelse;tilfrisket_egen_historie;opptrapping_jobb_etter_mange_år;forskjellige_metoder_prøvd_uten_effekt;stressmestring_pust_meditasjon_kosthold_trening_yoga_psykomotorisk;overbelastning_årsak,"**19. dokumenterte OKU/Karlsons-tilhenger** med eksplisitt referanse til Karlsons høringsinnspill. Innsender gjennomført 'optimal unntakstilstand' iht. Karlson-boka, tilfrisket. Tidligere prøvd uten effekt: stressmestring, pust, meditasjon, kosthold, trening, yoga, psykomotorisk fysioterapi. Tilbake til arbeidslivet."
315,Privatperson,,Pasient/pårørende med høy fagkompetanse,,A_klar,False,18,pem_kjerne;pem_definisjon;egen_retningslinje;skille_me_utmattelse;canadakriteriene_støtte;biopsykososial_kritikk;nice_2021;aktivitet_pacing;kognitiv_terapi_kritikk;kunnskapsgrunnlag_smalt;kunnskapsgrunnlag_forskning;alvorlig_syke;barn_og_unge;tvang_pasientvern;psykologisering;nav_arbeidsliv;kompetanseheving;implementering_konkret,"Omfattende A-side-innspill som dekker alle 13 anbefalinger systematisk. Hovedkrav: ME skilles ut i egen retningslinje basert på biomedisinsk og nevrologisk forståelse, med korrekt diagnosekode G93.3/8E49. Sterk kritikk av biopsykososial modell som dominerende forklaringsramme. Krever FUNCAP som standardisert PEM-sensitivt kartleggingsverktøy. Argumenterer at fastlegen kan utrede, men diagnosen bør sikres med spesialistvurdering for ME-koding. Krever konkrete pleietiltak for alvorlig ME etter Røysumtunet-modell, inkl. skjerming, ro ved stell, korte møter. Reagerer på bekymringsmeldinger til barnevern ved skolefravær. Refererer Tjenesten og MEg (FAFO), brukerundersøkelser, todagers CPET, NICE, CDC, NIH, og Erlend Bendiksen-saken i Bodø som eksempel på alvorlige konsekvenser."
316,"Privatperson (80 % ufør, fokus NAV-samhandling)",,pasient_selv,,A_modifisert,False,8,pem_kjerne;aktivitet_pacing;nav_kritikk;samhandling_problem;individuell_tilpasning;pasientstemme_vekt;implementering_konkret;tillit_kunnskap,"Pasient (80 % ufør) som leverer detaljert, systemkritisk innspill med ett gjennomgangstema: gapet mellom retningslinjens anbefalinger og NAVs praksis. Argumenterer at egen helsetilstand gradvis forverret seg over flere år fordi NAV tilsidesatte medisinske anbefalinger til fordel for 'standardiserte krav og tiltak'. Krever at retningslinjen eksplisitt forplikter NAV til å vektlegge fastlege/spesialistvurderinger, at stilt diagnose etter anerkjente kriterier skal være førende, at aktivitetsregulering anerkjennes som medisinsk prinsipp og at avslag på tiltak kan være medisinsk begrunnet. Foreslår syv implementeringstiltak: nasjonale føringer for NAV-samarbeid, kompetansehevende tiltak i NAV, felles veiledningsmateriell, individuell tilpasning som hovedprinsipp, vektlegging av erfaringsbasert kunnskap, koordineringsmekanismer, og ingen negative konsekvenser ved medisinsk begrunnet manglende gjennomføring."
317,"Privatperson (kriseklubber, yin-yoga, mediyoga, mindfulness)",,pasient_utmattelse_alternativ_tilbud,,pragmatisk,False,11,fastlege_kompetansemangel;lengre_sykmelding_én_gang;14_dagers_press;kriseklubber_likemenn;yin_yoga_mediyoga_yoga_nidra;mindfinness;ikke_kun_medisiner;rehabilitering_ventetid;ensomhet_isolasjon;støtte_likemenn;kurs_uten_ventetid,"Pragmatisk pasient med fokus på **alternativ-supplerende tilbud**: 'kriseklubber, yin-yoga/mediyoga/yoga nidra og mindfulness'. Kritisk til ventetid på rehabilitering. Foreslår 'kurs som ruller og går, uten ventetid'. Ensomhet-isolasjons-fokus."
318,"Privatperson (klient-terapeut perspektiv, holistisk-eklektisk)",,fagperson_privat_sannsynlig_holistisk,,pragmatisk,False,11,holistisk_tilnærming;klient_terapeut_perspektiv;ketogent_kosthold;lavgradig_inflammasjon;meditasjon_kjerneverdier;pulsklokke_bodybatteri;stress_kartlegging;tidsmoderne_helse_kritikk;individuell_tilpasning;ro_egenomsorg_vesentlig;moderne_livsstil_skadelig,"Sjelden pragmatisk-holistisk innspill, sannsynligvis fra fagperson som arbeider med klienter (terapeut, kostholdsveileder, helsecoach eller liknende). Bruker konsekvent termen 'klient' (ikke 'pasient'). Hovedanke: 'mange opplever ME/utbrenthet i vår tid. Det er viktig at det får fokus. Noe i vår tid påvirker helsen vår.' Holistisk-eklektisk behandlingsrammeverk: ro over lang tid, livssituasjonsendringer, selvutvikling, ketogent kosthold (mot lavgradig inflammasjon), tilpassede øvelser, kartlegging av stress, meditasjon, kjerneverdier-arbeid, pulsklokke med bodybatteri-funksjon. Reflekterer over moderne livsstil som problem: 'Vi er ikke født med utmattelse/ME. Omfanget har økt dramatisk. Det er ikke folk i seg selv som plutselig ikke er livskraftige nok. Det handler om mange faktorer i vår moderne måte å leve på'. For barn foreslås gjennomgang av: stress på skolen, sosialt miljø, ro hjemme, søvn, prestasjonspress, klær/kropp/teknisk utstyr-press, foreldrenes situasjon, meningsfulle fritidsaktiviteter vs. fritids-tid uten agenda."
319,"Privatperson (Lightning Process-tilfrisket etter 4 år ME, Recovery Norge-tilhenger)",,tidligere_pasient_lp_tilfrisket,,B_klar,False,12,lightning_process_konkret;recovery_norge_støtte;tilfriskning_håp;biopsykososial_støtte;frykt_for_pem_skadelig;kropp_hjerne_alarm;rehabiliteringsoptimisme;negative_historier_skadelig;barnevern_perspektiv_b_side;aktivitet_gradert;pasientorganisasjon_kritikk_a_side;retraining_systemet,"Tidligere ME-pasient (4 år syk i tiden 20..–20..) som beskriver tilfriskning gjennom Lightning Process-kurs og 'aktiv retrening' av nervesystemet over flere måneder. Innsender ble nesten sengeliggende (18-20 timer i døgnet, rullestol til sykehus) på grunn av streng aktivitetsregulering basert på PEM-frykt. Vendepunktet var å høre en konkret tilfriskningshistorie ('Frode'). Hovedanke: retningslinjens fokus på 'å unngå symptomer' og 'at det var farlig å få symptomer' holdt henne fastlåst — pasienter trenger 'håp og tro' basert på kunnskap om hvordan 'hjernen og kroppen jobber på spreng når alarmen står på'. Krever eksplisitt at 'Recovery Norge brukes aktivt overfor pasientene' og at gode tilfriskningshistorier formidles tidlig. Skiller mellom 'aktivitetsregulering basert på frykt for å bli verre' (skadelig) og 'gradvis opptrapping for å få mestring' (positivt). Kritisk til ME-foreningen som førte til mer sykdom: 'JEG fulgte pasientorganisasjonene sine råd og ble stadig verre'."
32,Privatperson (nevrologisk klassifisering-fokus),,pasient_eller_pårørende_aktivist,,A_klar,False,4,egen_retningslinje;pem_kjerne;nevrologisk_klassifisert;veileder_egen,Kort A_klar med nevrologisk-klassifisering-fokus.
320,"Privatperson (66. mal-instans, nynorsk)",,pasient_eller_pårørende_mal_pluss,,A_klar,False,3,egen_retningslinje;stan_mal_setning;nynorsk,"66. mal-instans. 66. mal-instans, nynorsk-variant."
321,Privatperson (kunnskapsgrunnlag-spekulativ setning-kritikk),,fagperson_privat_sannsynlig_metodologisk,,A_klar,False,7,spekulativ_setning_kritikk;troen_på_å_bli_frisk_kritikk;kognitive_teknikker_friske_setning;forskning_eller_synsing;selektiv_kunnskap_forskning;retningslinjer_bygge_på_kunnskap;manglende_vilje,"Substansielt metodologisk innspill med konkret kritikk: '""Pasienter som gjennom kognitive teknikker og testing av aktiviteter har blitt friske av ME/CFS (med PEM) beskriver at troen på å bli frisk har vært helt avgjørende"" — er dette hentet fra forskning?' Krever at setningen fjernes hvis ikke forskningsbasert."
322,Privatperson,,brukerrepresentant_sannsynlig,,A_klar,False,19,pem_kjerne;pem_definisjon;egen_retningslinje;skille_me_utmattelse;canadakriteriene_støtte;biopsykososial_kritikk;nice_2021;aktivitet_pacing;kunnskapsgrunnlag_smalt;kunnskapsgrunnlag_brukererfaring;arbeidsgruppe_kritikk;alvorlig_syke;barn_og_unge;tjenester_samhandling;psykologisering;kompetanseheving;implementering_konkret;støtter_dissens;tvang_pasientvern,"Tungtveiende, systemorientert kritikk. Krever egen retningslinje for Postviralt utmattelsessyndrom inkl. ME/CFS (G93.3/8E49) og Postinfeksiøs tilstand etter Covid-19 (U09.9), atskilt fra annen langvarig utmattelse uten PEM/PENE. Mener høringsutkastet bryter med Veileder for utvikling av kunnskapsbaserte retningslinjer (likeverdig vekting av forskningsbasert, erfaringsbasert og brukerkunnskap), og at alle tre brukerorganisasjonenes dissenser dokumenterer dette. Sterk kritikk av Nasjonal kompetansetjenestes biopsykososial-misjonering. Foreslår FUNCAP 55 som kartleggingsverktøy, henviser til NICEs multidisciplinary care, Røysumtunet for alvorlig syke, Skolepakken for barn og unge. Bruker Anne Kiellands begrep «systemisk vold» (Tjenesten og MEg, FAFO) til å omdefinere tillit – pasienters avvisning av tilbud er respons på traumatisering fra tjenestene. Mener høringsutkastet bør omarbeides i sin helhet før implementering."
323,"Privatperson (FUNCAP-orientert, NICE-systematisk)",,pasient_eller_pårørende_informert,,A_klar,False,20,pem_kjerne;egen_retningslinje;skille_me_utmattelse;canadakriteriene_støtte;icd_g93_3;nice_2021;funcap_verktøy;cpet_referanse;biopsykososial_kritikk;biopsykososial_fjernes;psykologisering;medisinsk_gaslighting;aktivitet_pacing;kognitiv_terapi_kritikk;arbeidsgruppe_kritikk;internasjonal_sammenlikning;kvinnesykdommer_historisk;long_covid_egen_retningslinje;spesialist_me_kompetanse;stan_mal_setning,"A_klar-innspill med tydelig NICE-/FUNCAP-orientert argumentasjon. Krever at retningslinjen endrer navn til ME etter Canadakriteriene, og at Long Covid får egen retningslinje. Hovedanke: avsnittet om biopsykososialt perspektiv må fjernes, fordi 'i ME-debatten er uttrykket ensbetydende med psykosomatisk, og bruken vil svekke tilliten og gjøre enkelte helsepersonell med psykosomatisk syn mer hovmodige og villige til å gaslighte pasientene'. Konkrete tiltak: (1) ME-spesialist (ikke fastlege) skal sette diagnose, (2) FUNCAP-verktøyet bør benyttes som funksjonskartlegging, (3) helsepersonell bør opplyses om todagers CPET som tyder på at PEM kan måles objektivt, (4) ordet 'aktivitetsregulering' byttes ut med 'aktivitetsavpasning' (godt innarbeidet hos ME-syke), (5) NICE 2021 brukes som forskningsgrunnlag fremfor egen norsk argumentasjon. Refererer at andre land (USA, Canada, Storbritannia, Tyskland, Nederland, Belgia, New Zealand) har grundigere retningslinjer. Foreslår nytt punkt for pasientsamtale: 'Vis ydmykhet og vær ærlig på at medisinvitenskapen fortsatt er i startgropa på dette feltet' og påpeker historisk psykologisering av 'særlig kvinnedominerte' sykdommer."
324,Privatperson,,Pasient/pårørende med forskningskompetanse (ME-foreningens brukerundersøkelser),,A_klar,False,17,pem_kjerne;pem_definisjon;skille_me_utmattelse;canadakriteriene_støtte;biopsykososial_kritikk;nice_2021;aktivitet_pacing;kunnskapsgrunnlag_brukererfaring;kunnskapsgrunnlag_forskning;alvorlig_syke;barn_og_unge;tvang_pasientvern;psykologisering;nav_arbeidsliv;kompetanseheving;implementering_konkret;tilfriskning_håp,"Tungt forskningsforankret innspill fra person involvert i ME-foreningens brukerundersøkelser siden 2011. Refererer detaljerte tall: bare 50 % av ME-syke fornøyde med fastlege (mot 80 % i befolkningen), gjennomsnittlig 5 år fra symptomdebut til diagnose hos voksne (8 år for barn), 75 % er husbundne eller sengeliggende. Tar utgangspunkt i 600-6000 respondenter per undersøkelse. Anbefalingens hovedfeil: ikke spesifiserer hva 'kompetanse på brukergruppen' og 'hensyn til PEM' konkret betyr - retningslinjen er 'vidåpen for tolkning'. Vil ha 'aktivitetsavpassing' (innarbeidet term) - ikke 'aktivitetsregulering' (NKT/Sunnaas-term). Refererer Saugstad 2026 (Røysumtunet), Eckey 2025, McGrath 2026, Lacerda 2019. Krever at NAV holdes ansvarlig: <1% kommer tilbake i arbeid etter NAV-tiltak."
325,Privatperson,,pasient_selv,,A_klar,False,11,pem_kjerne;egen_retningslinje;skille_me_utmattelse;canadakriteriene_støtte;nice_2021;aktivitet_pacing;kunnskapsgrunnlag_brukererfaring;kompetanseheving;implementering_konkret;tilfriskning_håp;biopsykososial_kritikk,"Pasient-stemme som bruker betegnelsen «ME-pasient PEM» konsekvent gjennom hele teksten – tydelig avgrensning fra det forfatter ser som vagt «utmattelse»-begrep. Sentralt budskap: For en ME-pasient PEM er «utmattelse» et tilnærmet innholdsløst begrep, og fortsatt sammenblanding med utmattelse er uheldig og medfører skade. Drastiske grep må iverksettes fra dag én ved klinisk mistanke om ME PEM – det er ingen tid for å «vente og se». Pasienten må radikalt ligge under tålegrenser over tid for å unngå PEM-sirkel. Mange pasienter har erfart at de blir presset til høyere aktivitet enn de tåler. Mener fastlegen har det primære ansvar og må ha god kunnskap om PEM. Foreslår utstrakt kursing/opplæring av førstelinjen og fastleger, og at retningslinjen blir det stedet klinikere kan gå til. Reflekterer over dissensene: «Hvilke pasienter forholder dissenterende medlemmer seg til? Gjør de forskjell på pasienter og viktige nyanser?». Skuffet over underfinansiering av feltet."
326,"Privatperson (strukturert A_klar med ICD-11 8E48, internasjonal referanse)",,fagperson_privat_sannsynlig,,A_klar,False,20,pem_kjerne;pem_kardinalsymptom;egen_retningslinje;skille_me_utmattelse;icd_g93_3;icd_11_8e48;canadakriteriene_støtte;biomedisinsk_forskning;biopsykososial_kritikk;kunnskapsgrunnlag_internasjonalt;fastlege_kompetansemangel;spesialistteam_utredning;ti_års_erfaring_skadelig;symbolsk_vold;evidensbasert_krav;internasjonal_konsensus_krav;alvorlig_grad_kompetanse;kronifisering_kritikk;trening_skadelig_undiagnosert;internasjonal_studie_referert,"Strukturert A_klar med substantielt fagteknisk argument og internasjonal forsknings-referanse (Medicina 2024). **Tre eksplisitte krav**: (1) opprettelse av egen separat retningslinje kun for ME ICD-10 G93.3 / ICD-11 8E48; (2) at denne separate retningslinjen legger til grunn evidensbasert forskning av høy kvalitet; (3) at den utarbeides av helsefagkyndige med omfangsrik klinisk kompetanse på ME, inkludert fagpersoner med inngående praktisk erfaring fra pleie av alvorlig- og svært alvorlig ME-syke. **Sentralt strukturelt poeng om fastlege-utredning**: 'Fastleger har sprikende kompetanse og forutsetninger... bør ikke være ansvarlig for utredning og diagnosering. Et tverrfaglig spesialistteam med inngående klinisk kompetanse på ME bør sørge for helhetlig utredning'. Konkret kritikk: 'Utkastet advarer ikke om den betydelige faren for forverring og forlenget sykdomsforløp dersom udiagnoserte ME-syke blir rådet til trening og aktivitet i frykt for kronifisering'. **'Symbolsk vold'-konsept**: 'Rådene i dette utkastet vil opprettholde og forsterke belastningene, marginaliseringen og den symbolske volden ME-syke erfarer i møte med hjelpeapparatet i dag'."
327,"Privatperson (118. mal-instans, ren)",,pasient_eller_pårørende_mal_ren,,A_klar,False,2,egen_retningslinje;stan_mal_setning,"118. mal-instans, ren standardmal."
328,Privatperson,,pasient_oku_karlsons,,B_modifisert,False,9,pem_kjerne;biopsykososial_støtte;tilfriskning_håp;kognitiv_terapi_støtte;kunnskapsgrunnlag_brukererfaring;nav_arbeidsliv;tjenester_samhandling;kompetanseheving;implementering_konkret,"Pasient som identifiserer seg som «OKU-pasient» – referer eksplisitt til Overbelastningsforårsaket Kronisk Utmattelse-modellen og Rune Karlsons bok. Beskriver et detaljert eget sykdomsforløp med flere «krasj» fra 2020 og fremover, opprinnelig diagnostisert som utmattelse og senere depresjonsfølelse. Foreslår en konkret «trappemodell» med 6+ trinn fra sengeliggende fase til 100% jobb, der pasienten kan «kaste ned» til lavere trinn ved PEM. Trappemodellen er tilpasset NAV/arbeidsgivers krav om tidlig retur til jobb, og forfatter erkjenner risiko for å falle ned igjen ved feilvurdering. Refererer også til en alternativ heisemodell (Karlson) der pasienten venter til full bedring før retur. Skiller pacing fra OKU-tilnærmingen, men anerkjenner PEM som reell respons på belastning. Foreslår teknologisk verktøy («TRY»-app med AI-støtte) som pasientens fleksible veileder mellom legetimer. Refererer til Justus Hirts «multisystemisk disregulasjon»-modell. Etterlyser at BHT (bedriftshelsetjenesten) tas inn som målgruppe og at ledere får bedre psykosomatisk-utdanning."
329,"Privatperson (Karlsons-bok-pasient, 5 års tilfriskning, flinkpike-tema)",,pasient_oku_karlsons_tilfrisket,,B_modifisert,False,12,oku_karlsons_konkret;boka_utmattelse_rune_karlson;fysiologisk_ubalanse_kjerneterm;angst_feildiagnose_kritikk;helseangst_sekundær;tilfriskning_5_år_egen_historie;psykolog_kognitiv_terapi_etter_fysiologi;alvorlig_utmattelse_usynlig;flinkpike_velferdssamfunn;samfunns_skjerm_problem_barn;kombinere_fysiologi_kognitiv;småbarnsforeldre_kursing_forebyggende,B_modifisert OKU-tilhenger med eksplisitt Karlson-bok-referanse. Hovedanke i bakgrunn_metode: 'I mitt tilfelle kom forståelsen av en fysiologisk ubalanse altfor sent. Kunne ønske at jeg kom på Rune K. sin Utmattelse 2-3 år tidligere'. Tilfrisket gjennom Karlsons-rammeverket: 'Det tok meg cirka 5 år for å bli nesten helt frisk'. **Hovedkritikk mot psykolog-først-tilnærming**: 'Kognitiv terapi i seg selv er ikke en løsning. Det må kombineres med forståelse av de fysiologiske faktorene... Psykolog kan ikke hjelpe deg hvis du er i en alvorlig fysiologisk ubalanse. Psykolog og kognitiv terapi bør være det siste steget i behandlingen'. **Anti-angst-misdiagnostisering**: 'Ikke veilede pasienten til angst når pasienten selv vet at dette er feil. Man får angst ved en senere fase når utmattelsen ikke er behandlet riktig... Helseangst er mest sannsynlig det første man opplever pga at man ikke får forståelse av tilstanden'. **Sosiologisk poeng om flinkpike-syndromet**: 'Velferdssamfunnet er ikke for flinkpiker'. Forslag om småbarnsforeldre-kursing som forebyggende tiltak. Kommentar om barn: 'La oss starte med å redusere skjermene i barnehager og på skoler'.
33,"Privatperson (55. mal-instans, ren)",,pasient_eller_pårørende_mal_ren,,A_klar,False,2,egen_retningslinje;stan_mal_setning,55. mal-instans.
330,Privatperson (NICE 2021-strukturert akademisk-systematisk),,fagperson_privat_sannsynlig,,A_klar,False,15,pem_kjerne;egen_retningslinje;skille_me_utmattelse;canadakriteriene_støtte;nice_2021;cdc_referanse;national_academy_of_medicine;biopsykososial_kritikk;psykologisering;aktivitet_pacing;barn_tidligere_diagnose;barn_skole_press;kunnskapsgrunnlag_internasjonalt;implementering_konkret;objektive_funn_mangler_ikke_utelukker,"Strukturert A_klar med konsekvent NICE 2021-referansering — innspill nær identisk i stilform med id 263. Hovedanke: ME/CFS er 'en egen diagnose med særskilt symptombilde' og 'klart adskilt fra generell eller uspesifikk utmattelse, særlig gjennom vektleggingen av post exertional malaise (PEM)'. Strukturert med to-til-tre nummererte punkter per felt. Refererer NICE 2021, CDC og National Academy of Medicine som primært kunnskapsgrunnlag. Lavmælt akademisk-systematisk stil uten emosjonell appel. Konkrete krav: (1) PEM som obligat kriterium etter Canadakriteriene, (2) faste graderte opptrappingsprogrammer ikke anbefalt, (3) tverrfaglighet betyr ikke automatisk rehabilitering, (4) barn: vurdering etter 3 måneder (mot utkastets 6), (5) at retningslinjen 'tydelig klargjør at psykosomatisk tilnærming ikke samsvarer med dagens internasjonale kunnskapsgrunnlag, både av hensyn til pasientsikkerhet og faglig kvalitet'."
331,Norsk Ergoterapeutforbund,,,,tjenestefaglig,False,5,alvorlig_syke;barn_og_unge;kompetanseheving;implementering_konkret;tjenester_samhandling,"Norsk Ergoterapeutforbund tar ikke stilling til de store konfliktlinjene (felles vs. egen retningslinje, Canadakriteriene, biopsykososial modell), men leverer omfattende profesjonsfaglig innspill: ergoterapeutens kjernekompetanse i ICF-rammeverk, aktivitetskartlegging og aktivitetsregulering må synliggjøres og navngis eksplisitt i retningslinjen. Anerkjenner PEM som viktig for aktivitetsregulering. Refererer til norsk forskning av Njølstad, Sveen og Wyller (2012) som viser at aktivitetsplan ikke fører til forverring. Anbefaler digitale aktiviteter (mobil/nettbrett) som energibelastning som ofte overses, og foreslår søsken som pårørendegruppe som må adresseres."
332,"Privatperson (utbrenthet etter mobbing, 'høytfungerende' pasient)",,pasient_utbrenthet,,pragmatisk,False,11,utbrenthet_jobbstress;mobbing_årsak;fastlege_tid_første_konsultasjon;fastlege_kompensasjon;fastlege_henvisning_oppdatert;kapasitet_tjenester_kritikk;høytfungerende_pasient_mangler_hjelp;kasteball_risiko;dps_avslag_for_frisk;nabokommune_hjelp_problem;relasjonelle_forhold_årsak,"Pragmatisk innspill fra pasient med utbrenthet etter mobbing/relasjonelle forhold på jobb. Fokus på praktisk-organisatoriske mangler i tjenestene. Hovedanke: (1) fastlegen må få mer tid og kompensasjon for første konsultasjon — '15 min hadde jeg kanskje klart å få frem 5% av mine utfordringer'; (2) fastlegen må sende utfyllende henvisninger (lik epikrise) til instanser slik at pasienten ikke må gjenta alt; (3) tjenestene må ha faktisk kapasitet før retningslinjen anbefaler henvisning. Eget tilfelle: 'utmattelsessyndrom' / 'utbrenthet'-bilde, mobbing/baksnakking/organisering/ugreie forhold på jobb. Substantielt poeng: 'Hva gjøres med og for de som ikke når helt opp til diagnosekriteriene for utmattelsessykdommer, men har tydelige og mangeårige plager? Gjerne kanskje de som er såkalt høytfungerende. Men kan ha et like stort behov for hjelp'. Avvist fra DPS som 'for frisk' (de behandlet kun psykisk sykdom). Vurderte ikke psykisk helse i egen kommune pga tidligere dårlige opplevelser. Trist at systemet ikke fungerer slik at man kan få hjelp i nabokommunen ved legitime grunner."
333,Oslo Chronic Fatigue Network,,,,B_klar,False,13,biopsykososial_støtte;canadakriteriene_kritikk;nocebo;tilfriskning_håp;psykologisering;kunnskapsgrunnlag_forskning;aktivitet_gradvis_økning;kognitiv_terapi_støtte;barn_og_unge;alvorlig_syke;nav_arbeidsliv;kompetanseheving;implementering_konkret,"OCFN avviser at ME/CFS bør behandles som en distinkt sykdomsenhet, og argumenterer for transdiagnostisk tilnærming der ME/CFS, fibromyalgi, langvarige smertetilstander, funksjonelle lidelser og long covid forstås som overlappende symptombaserte tilstander uten objektive biomarkører. Vil ha Canadakriteriene fjernet som nasjonal standard. PEM omtales som 'pasientrapportert og transdiagnostisk fenomen', ikke sykdomsspesifikt kjennetegn. Sterkt rehabiliteringsorientert med fokus på funksjonsoppbygging, nocebo-bevissthet og advarsel mot at aktivitetsregulering kan bli oppfordring til omfattende selvmonitorering og aktivitetsfrykt."
334,"Universitetssykehuset Nord-Norge HF, Barne- og ungdomsklinikken",,,,tjenestefaglig,False,0,,Klinikken støtter høringsforslaget uten kommentarer.
335,Helse Bergen HF,,,,pragmatisk,False,4,skille_me_utmattelse;tjenester_samhandling;implementering_konkret;kunnskapsgrunnlag_smalt,"Helse Bergen leverer pragmatisk ressursorientert kritikk. Hovedinnvending: målgruppen er for bredt og lite presist avgrenset, særlig sammenlignet med tidligere ME/CFS-veileder. Påpeker at retningslinjen kan utløse store volumer henvisninger til spesialisthelsetjenesten uten klar prioriteringsindikasjon. Krever klargjøring av primær- vs. spesialisthelsetjenestens ansvar og tydeligere kobling til prioriteringsforskriften. Uheldig miks av ME/CFS (mer definert) og 'langvarig utmattelse' (udefinert) i samme retningslinje."
336,"Privatperson (tredje sekundærmal-tvilling med id 349, 339)",,pasient_eller_pårørende_sekundærmal,,A_klar,False,14,pem_kjerne;egen_retningslinje;skille_me_utmattelse;canadakriteriene_støtte;nice_2021;biomedisinsk_forskning;who_diagnosekoder;brukerundersøkelser_ignorert;biopsykososial_kritikk;todelt_løp;alvorlig_grad_egne_føringer;alvorlig_grad_pleieråd;icpc_2_kode;sekundærmal_variant,"**TREDJE SEKUNDÆRMAL-TVILLING** — identisk innholdsmessig og strukturelt med id 349 og id 339. Standard fire-punkts kritikkstruktur av høringsutkastets formålsoppfyllelse: (1) ikke kunnskapsbasert, (2) utydelige råd pga sammenblanding, (3) ikke lyttet til brukerkunnskap, (4) operative krav om PEM-kunnskap, todelt løp, alvorlig grad-pleieråd, ICPC-2 koder. Stilforskjell mot id 339 og 349: bruker punkt-tegn (·) som introduksjon istedenfor strek (–) eller punktum (•) — minimal stilvariant."
337,Privatperson (full nevrologisk screening-modell),,pasient_eller_pårørende_nevrologi_screening,,A_klar,False,9,pem_kjerne;egen_retningslinje;canadakriteriene_støtte;nevrologisk_avdeling_lede;innleggelse_testperiode;full_screening_blod_vev_muskler_hormoner_gener;tverrfaglig_diskusjon;kjent_årsak_avklare;rask_avklaring,"A_klar med substansielt forslag om **full nevrologisk screening-modell**: Alle som passer Canadakriteriene legges inn for fortløpende testing — blod, vev, muskler, hormoner, gener osv. — diskuteres tverrfaglig."
338,"Privatperson (kildebruk-kritikk, psykiatrisering-advarsel)",,fagperson_privat_sannsynlig,,A_klar,False,13,pem_kjerne;egen_retningslinje;skille_me_utmattelse;canadakriteriene_støtte;aktivitetsavpassing_vs_regulering;kildebruk_forskningsetisk_tvilsom;nice_2021;biomedisinsk_forskning;who_diagnosekoder;brukerundersøkelser_ignorert;kollisjonskurs_pasientorganisasjoner;psykiatrisering_kritikk;ikke_dokumentert_behandling,"A_klar med substansiell **kildebrukkritikk**: 'Kildebruken i kapitlet om aktivitetsregulering er mangelfull og forskningsetisk tvilsom'. Hovedanke: 'kollisjonskurs med de store pasientorganisasjonene'. Sentralt poeng om psykiatrisering: 'Man må unngå psykiatrisering av ME-pasienter, det er feilslått og kan være farlig å skape tillit hos pasienten til behandlingsformer det ikke finnes noen medisinskfaglig dokumentert historikk for'."
339,Privatperson (identisk-strukturert tvilling med id 349),,pasient_eller_pårørende_informert_tvilling_349,,A_klar,False,15,pem_kjerne;egen_retningslinje;skille_me_utmattelse;canadakriteriene_støtte;nice_2021;biomedisinsk_forskning;who_diagnosekoder;brukerundersøkelser_ignorert;biopsykososial_kritikk;alle_til_lags_forsøk_mislykket;todelt_løp;alvorlig_grad_egne_føringer;alvorlig_grad_pleieråd;icpc_2_kode;fastlege_pem_kunnskap_krav,"A_klar identisk-strukturert tvilling-innspill med id 349. Innledning i bakgrunn_metode: 'Bakgrunn, metode og prosess har vært et forsøk på å gjøre alle til lags og har ført til retningslinjer som ingen er fornøyd med'. Sentral generelle_kommentarer-tekst er bokstavelig talt IDENTISK med id 349 — fire-punkts kritikk av høringsutkastets formål-oppfyllelse: (1) ikke kunnskapsbasert, (2) utydelige råd pga sammenblanding, (3) ikke lyttet til brukerkunnskap, (4) operative krav om PEM-kunnskap, todelt løp, eget kapittel om alvorlig ME, ICPC-2 koder."
34,"Privatperson (60. mal-instans, Canada-SKAL)",,pasient_eller_pårørende_mal_pluss,,A_klar,False,3,egen_retningslinje;stan_mal_setning;canadakriteriene_skal_obligatorisk,60. mal-instans. 60. mal-instans + Canada-SKAL-formulering.
340,"Privatperson (analytisk BPS-modell-kritikk, primær vs sekundær årsak)",,fagperson_privat_sannsynlig_analytisk,,A_klar,False,12,pem_kjerne;egen_retningslinje;skille_me_long_covid_utmattelse;biopsykososial_kritikk;biopsykososial_bagatelliserer_biologi;kat_ukritisk_kurativ;psykososial_primær_vs_sekundær;ulik_patofysiologi;retningslinjer_for_utydelige;tilstanden_forverres_pem_ignorert;kurative_behandling_kritikk;subjektiv_tolkning_brukerguide,"A_klar med substansiell **analytisk kritikk av biopsykososial-modellens praktiske anvendelse i utkastet**. Hovedanke: 'Retningslinjene baserer seg på en biopsykososial modell som kan oppfattes å utelukke eller sterkt bagatelliserer den biologiske komponenten som årsak. En rent psykososial forståelse forsterkes av at kognitiv adferdsterapi (KAT) anbefales ukritisk som kurative behandling'. **Sentral analytisk distinksjon**: 'Det er også allment akseptert at psykososiale forhold får betydning ved langvarig og ofte svært funksjonsnedsettende lidelser, men da som en sekundær og ikke primær årsak. Totalt skaper framstillingen usikkerhet om det faglige grunnlaget for retningslinjene, og mulighet til å bruke den forståelse som man selv synes mest om'. Sentrale konsekvenser: retningslinjen er 'for utydelige og for lite spesifikke til å være et nyttig verktøy. Det kan medføre at tilknyttede lidelser ikke diagnostiseres og behandles tidlig og adekvat og at spesielle røde flagg (PEM) ikke tas hensyn til slik at tilstanden forverres'. Refererer 'patofysiologisk' og 'kurative behandling' — fagteknisk presis."
341,"Privatperson (12 nevroplastiske kurs, tilfrisket)",,pasient_oku_nevroplastisk_selvkurs,,B_modifisert,False,7,selvundersøkelse_google_facebook;12_nevroplastiske_kurs;nevroplastisk_hjerne;leger_medisinering_kritikk;kropp_hjerne_sinn;skole_kunnskap_forebyggende;facebook_rekruttering,"**25. B-leiren-tilhenger**. Selvtilfrisket gjennom 12 kurs om 'kropp, hjerne og sinn'. Nevroplastisk-rammeverk uten direkte Karlson/Recovery Norge-referanse. Facebook-rekruttering implicit."
342,"Privatperson (OKU-tilhenger, fire spesifiserte privat-tjenester anbefalt)",,pasient_oku_karlsons,,B_modifisert,False,14,utmattelse_overbelastning;ro_hvile_ansvarsfrihet;oku_karlsons_konkret;karlsonpsykologene_no;dringrid_no;funkmedlivet_com;aterhamtningsportalen_se;dobbeltimer_konsultasjon;19_symptomer_på_utmattelse;sverige_diagnose;utmattelse_egen_diagnose_krav;kroppens_signaler_lytte;4_uker_sykmelding_minimum;fastlege_kompetansemangel,"B_modifisert OKU-tilhenger med konkrete operative tjenesteforslag. Hovedanke: 'Utmattelse må bli en diagnose, slik det er i Sverige og WHO'. **Hovedforslag**: 'For utmattelse forårsaket av for stor belastning over tid er det beste tiltaket være ro, hvile og ansvarsfrihet over en lenger periode'. **Refererer FIRE konkrete privat-tjenester** som henvisningsmuligheter for fastleger: (1) **dringrid.no** (har 19-symptom-liste for utmattelse), (2) **funkmedlivet.com**, (3) **karlsonpsykologene.no**, (4) **aterhamtningsportalen.se** (svensk). Konkrete operative forslag: (a) dobbel-timer for konsultasjon (15 min er for kort), (b) minimum 4 ukers sykmelding av gangen, (c) veiledning av kompetent helsepersonell, (d) lytte til kroppen — spise når sulten, sove når trøtt, hvile når sliten. **Strukturelt argument**: 'Utmattelse forårsaket av overbelastning må bli en diagnose, slik at lege og NAV kan gi den hjelpen som trengs for å bli bra. (Til nå har ikke lege og NAV kunnet hjelpe fordi utmattelse ikke har vært en diagnose)'."
343,"Privatperson (CFS/ME etter langvarig overbelastning, restitueringssenter-forslag, nynorsk)",,pasient_overbelastning_oku_inspirert,,B_modifisert,False,11,utmattelse_overbelastning;lys_lyd_lukt_intoleranse;fastlege_nav_press_skadelig;tilbakefall_etter_press;restitueringssenter_forslag;lydisolert_rom;gradert_skjerming;naturen_lett_turmuligheter;fritak_alt_ansvar;private_program_brukt;implementering_konkret,"Nynorskspråklig pasient med 'CFS/ME på grunn av langvarig overbelastning på arbeid og privat'. Sykdomshistorie: traff veggen med 'total intoleranse for lys, lyd og lukt, søvnløyse, utmatting, kognitiv svikt og ei rekke andre symptom'. Press fra lege/NAV førte til retur i 40% leiarstilling, deretter tilbakefall og 'fleire år husbunden ofte med alvorleg utmatting'. Dei siste åra: 'prøvd ulike private program for CFS/ME og har blitt bedre, men ikkje stabil'. **Hovedforslag**: 'restitueringssenter spesifikt for CFS/ME' med disse spesifikasjonene: (1) ingen kognitiv/sosial/fysisk aktivitet, (2) fritak for alt ansvar, ingen møter/krav, (3) plassering i naturen med lette turmuligheter, (4) god avstand fra eget nærmiljø, kort reisevei, (5) lydisolert rom, (6) gradert skjerming av lys, (7) selvbetjening av mat med tilpasning til fordøyelsesproblem (allergier, ustabilt blodsukker), (8) nødvendige hjelpemidler for utmatting, (9) god lettfattelig informasjon om utmatting og behov for ro, (10) muligheten å ringe kompetent person for støtte. Argumenterer at med dette tilbudet umiddelbart 'kunne eg ha blitt heilt frisk og arbeidsfør etter 1-2 år'."
344,Folkehelseinstituttet,,,,B_klar,False,9,biopsykososial_støtte;canadakriteriene_kritikk;kunnskapsgrunnlag_forskning;kognitiv_terapi_støtte;aktivitet_gradvis_økning;nocebo;tilfriskning_håp;psykologisering;tvang_nødvendig,"FHI er den klareste statlige eksponenten for B-posisjonen. Støtter eksplisitt felles retningslinje for langvarig utmattelse og ME/CFS, og anker seg til Brurberg 2014 og Asprusten 2021 for å hevde at det ikke er forskningsmessig grunnlag for at ME er en spesifikk diagnose som krever andre tiltak enn langvarig utmattelse generelt. Er i tvil om Canadakriteriene bør anbefales fremfor andre kriteriesett. Mener kunnskapsgrunnlaget ikke støtter aktivitetsregulering som primær anbefaling – kognitiv terapi og gradert treningsterapi har bedre dokumentert effekt (refererer PACE-trial White 2011, Cochrane Larun 2024, Casson 2023, DEFACTUM 2025). Advarer mot at retningslinjen kan gi nocebo-effekter gjennom symptomovervåking og aktivitetsbegrensning. Foreslår tillitsskapende tiltak også for foreldre som avviser behandling for barn."
345,Pasient- og brukerombudet,,,,tjenestefaglig,False,6,alvorlig_syke;barn_og_unge;nav_arbeidsliv;tjenester_samhandling;kompetanseheving;psykologisering,"Pasient- og brukerombudet tar ikke stilling til de store faglige konfliktlinjene, men leverer et tungt rettssikkerhetsperspektiv. Mener retningslinjen blander lovpålagte plikter og anbefalinger ved bruk av 'bør'-formuleringer – etterlyser klart skille mellom rett/plikt etter lovverk og anbefaling. Etterlyser tydeligere ansvarsplassering, særlig for samhandling mellom fastlege, spesialisthelsetjeneste og kommune. Vil ha klarere omtale av kontaktlege, barnekoordinator, personlig assistanse, pasientmedvirkning og 'barnets beste' som grunnleggende hensyn (Grunnloven § 104, FNs barnekonvensjon)."
346,"Privatperson (Karlsons-pasient, 'alarm-alarm'-symptombilde)",,pasient_oku_karlsons,,B_modifisert,False,12,oku_karlsons_konkret;rune_karlson_spesialist;overbelastning_jobb_privat;alarm_kropp_nervesystem;lyd_overfølsomhet;tinitus_hjertebank_svimmelhet;fastlege_for_generelle_råd;kroppen_kollapset_totalt;si_fra_seg_alt_ansvar;reise_bort_isolere_seg;slette_sosiale_medier;leid_leilighet_alene,"**Ellevte dokumenterte OKU/Karlsons-tilhenger** og tredje eksplisitt referent til Rune Karlson. Sykdomshistorie: mange år med overbelastning i ansvarsfull jobb + stor privat belastning ift barn, svigerbarn og ektefelle. Gradvis utvikling: tretthet → lydoverfølsomhet → søvnproblemer → smerter overalt → tinitus → hjertebank → svimmelhet → emosjonell instabilitet → isolering. **Sentralt 'kropp-i-alarm'-formulering**: 'Jeg taklet ikke store belastninger før det ble det alarm, alarm i min kropp og mitt nervesystem' — direkte parallelt til LP/Recovery Norges konseptualisering. Fastlegen ga konvensjonelle råd (slappe av, trene mer, spise sunnere, være sosial, regelmessig søvn) — ingen hjalp. Etter total kollaps: 'jeg bestemte meg for at jeg nå ville følge behandlingen og tilnærmingen som psykolog Rune Karlson har utarbeidet til personer som har blitt kronisk utmattet over tid pga overbelastning og for stort ansvar'. Implementering av Karlsons-metoden: si fra seg alt jobb og ansvar, reise bort, slette alt av sosiale medier, leie leilighet alene."
347,"Privatperson (ME-syk siden 2009, ICC-orientert, NKT-kritisk)",,pasient_ICC_orientert,,A_klar,False,23,pem_kjerne;pem_definisjon;pem_forsinket_12_72t;pem_pene_terminologi;egen_retningslinje;skille_me_utmattelse;canadakriteriene_støtte;icc_kriterier_støtte;energikonvolutt;icd_g93_3;nice_2021;cdc_referanse;biopsykososial_kritikk;psykologisering;kognitiv_terapi_kritikk;lp_kritikk;nkt_kritikk;nytt_kompetansesenter;ambulerende_team_sykeste;funcap_verktøy;røysumtunet_referanse;egen_erfaring_forverring;stan_mal_setning,"A_klar-innspill fra pasient som har vært ME-syk siden 2009. Strukturert ved bruk av gjennomgangsformelen 'Svarer utfra krav om egen retningslinje for ME-pasienter' i hvert felt. Hovedanke: 'ME/CFS is a biological illness, not a psychologic disorder' (sitat fra CDC). Krever NYTT nasjonalt kompetansesenter med NY kompetansetjeneste — 'Dagens kompetansetjeneste ser på ME som en funksjonell lidelse, i strid med gjeldende oppfatning hos WHO, NICE og CDC'. Foretrekker ICC-kriteriene over Canada-kriteriene for biomedisinsk forskningsspesifikk konsistens. ICC bruker PENE-terminologi (post-exertional neuro-immune exhaustion). Krever ambulerende team for de sykeste pasientene, refererer Røysumtunet for pleieråd. Foreslår at NICE og amerikanske helsemyndigheters anbefalinger om kognitiv terapi og LP 'kopieres direkte' inn i retningslinjen. **Selv-rapportert skade fra anbefalt behandling**: 'Egen erfaring (ME-syk siden 2009) med anbefalte behandlinger, som gradert trening, kognitiv terapi og opphold på rehabiliteringssenter; VARIG FORVERRING og et funksjonsnivå mye lavere enn det hadde vært uten disse behandlingene'. Avslutter med standardmal-sluttsetningen: 'Jeg krever en egen retningslinje for ME-pasienter'."
348,"Privatperson (utbrent etter overbelastning, 'kropp-i-overaktivering')",,pasient_utbrent_kropp_overaktivering,,B_modifisert,False,12,utbrenthet_jobbstress;overbelastning_årsak;gradert_tilbake_for_tidlig;tilbakefall_helt_utmattet;kropp_overaktivering_uro;positive_ting_trigger_reaksjon;lav_toleranse_belastning;individuell_tilpasning;tett_oppfølging_over_tid;nav_forståelse_mangler;réell_sykdom_anerkjennelse;tap_aktivitetsnivå_golf_trening,"B_modifisert pasient med utbrenthets-/overbelastnings-fortelling. Sykdomshistorie: overbelastning på jobb 20...-20.., diagnose 'utbrent', sykmelding, gradert tilbake til 100 %, men 'aldri helt frisk når jeg startet å arbeide for fullt igjen og ble gradvis dårligere og helt fullstendig utmattet (sengeliggende i en periode)'. **Sentralt symptom-poeng**: 'Kroppen min reagerer med uro og overaktivering, ofte i forkant av avtaler, reiser eller når jeg gleder meg til noe' — beskrivelse som konseptuelt ligner LP/Recovery Norges 'nervesystem-i-alarm'-modell. Detaljerte erfaringer: lav toleranse for stress, vanskelig å forutsi hva som tåles fra dag til dag, måtte kutte ut golf og trening (5-7 dager/uke). Etterlyser: forståelse for helhet, konkret veiledning på regulering av belastning, forståelse for at 'positive ting og forventninger kan trigge reaksjoner', tett og forutsigbar oppfølging, leger og NAV som anerkjenner sykdommen som réell."
349,"Privatperson (strukturert A_klar, ICPC-2-spesifisering)",,pasient_eller_pårørende_informert,,A_klar,False,19,pem_kjerne;egen_retningslinje;skille_me_utmattelse;canadakriteriene_støtte;nice_2021;biomedisinsk_forskning;who_diagnosekoder;brukerundersøkelser_ignorert;biopsykososial_kritikk;psykologisering;tenk_seg_frisk_kritikk;aktivitet_pacing;fastlege_kompetansemangel;todelt_løp;alvorlig_grad_egne_føringer;alvorlig_grad_pleieråd;icpc_2_kode;infeksjonsutløst_kode;pasient_pårørende_aktivitetsavpassing_styre,"Strukturert A_klar med substantielle metodologiske og operative argumenter. Hovedanke i fastlege_igangsette: 'Høringsutkastet oppfyller ikke sitt eget formål' — fire kritikkpunkter: (1) **ikke kunnskapsbasert** — ser bort fra NICE 2021, biomedisinsk forskning, WHO-diagnosekoder, store brukerundersøkelser; (2) **utydelige råd** pga sammenblanding av diagnoser; (3) **ikke lyttet til brukerkunnskap** — kollisjonskurs med de store pasientorganisasjonene; (4) **konkrete operative krav**: fastleger må ha PEM-kunnskap, kartleggingen må føre til todelt løp med egen retningslinje for ME, eget kapittel om alvorlig/svært alvorlig ME med pleieråd. **Substantielt nytt argument**: 'Rydd opp i diagnosekodene. Det må opprettes systemer og retningslinjer som ivaretar ICPC-2s koder for infeksjonsutløst...' — refererer ICPC-2-kategoriene som fastlegene bruker (i tillegg til ICD-10/11 for spesialisthelsetjenesten). I generelle_kommentarer: 'MC/CFS er en biologisk livshemmende sykdom som tar hverdagen fra den det gjelder og de uunnværlige pårørende'. Sentralt: 'Aktivitetsavpassing er spesielt og det er det kun den syke og dennes pårørende som skal styre, ikke helsepersonell'. Avslutningsargument: 'Det er INGEN som tenker/ønsker seg ME/CFS. Hør på oss som har stått i dette i flerfodige 10 år, ikke tenke seg frist-proffitørene'."
35,"Privatperson (58. mal-instans, WHO+NICE-forankring)",,pasient_eller_pårørende_mal_pluss,,A_klar,False,5,egen_retningslinje;stan_mal_setning;who_forankring;nice_guidelines;ikke_motsatt_internasjonal_forskning,58. mal-instans. 58. mal-instans + WHO+NICE-forankring.
350,"CFS/ME-senteret, OUS (klinisk ernæringsfysiolog)",,,,tjenestefaglig,False,2,alvorlig_syke;kompetanseheving,"Innspill fra én klinisk ernæringsfysiolog ved CFS/ME-senteret OUS med over 20 års klinisk erfaring. Hovedbudskap: ernæring og kosthold er underspesifisert i retningslinjen. Pasientgruppen har høy forekomst av IBS, matintoleranser og spiseproblemer som kan eskalere til sondeernæring uten kvalifisert oppfølging. Tidlig intervensjon er kritisk. Tar ikke stilling til konfliktlinjene."
351,"Privatperson (FUNCAP 55-orientert, HABU-/NKT-kritisk)",,pårørende_eller_pasient_informert,,A_klar,False,19,pem_kjerne;egen_retningslinje;skille_me_utmattelse;canadakriteriene_støtte;icd_g93_3;nice_2021;funcap_55_verktøy;biopsykososial_kritikk;psykologisering;føre_var_do_no_harm;habu_kritikk;habu_skadelige_råd;me_og_skole_verktøykasse;nkt_kritikk;rehabilitering_kritikk;fafo_arbeidsdeltakelse;alvorlig_grad_pleieråd;pårørende_belastning;tjenesten_og_meg,"A_klar-innspill med kraftig HABU- og NKT-kritikk. Hovedanke: 'Det MÅ skilles tydelig mellom ME/CFS (og til en viss grad Long Covid) og andre typer utmattelse. Resten av høringsutkastet får følgefeil på alle områder ved at dette blandes sammen.' Konkrete krav: (1) FUNCAP 55 må benyttes for funksjonskartlegging, (2) ME-spesialister setter diagnose, (3) føre var / do no harm-prinsippet, (4) ordet 'aktivitetstilpassing' (innsenders foretrukne ord) — 'vi legger nesten alltid lista for høyt'. **Eksplisitt HABU-kritikk**: 'I dag oppfordrer HABU til økt aktivitet, gjør gøye ting og ikke kjenn etter symptomer. Disse rådene får både unge syke og deres foreldre. Det er svært alvorlig'. **Eksplisitt NKT-kritikk**: 'Kompetansetjenesten vil ikke ha [ME OG SKOLE-verktøykassen] på sine nettsider, men kommer ikke opp med noen som helst grunn til hvorfor. Mange unge har hatt god bruk av dette og skolene gir samme tilbakemelding'. Refererer FAFO, ME-foreldrenes uttalelse. Avslutter med STORE BOKSTAVER: 'LAG EGNE RETNINGSLINJER FOR ME'."
352,"Privatperson (utmattelse = overbelastning, 'kun erfarte vet')",,pasient_tilfrisket_overbelastning,,B_modifisert,False,9,utmattelse_overbelastning;avlastning_belastning_medisin;kun_erfarte_vet;tilfriskning_håp;nav_kritikk;objektive_funn_mangler_ikke_utelukker;individuell_tilpasning;manglende_etterlevelse_kritikk;tjenestesamhandling_gap,"B_modifisert pasient med overbelastning/utmattelse-rammeverk. Hovedanke: 'avlastning fra belastning er selve medisinen, ikke arbeidsutprøving og krangling med NAV'. Mener at lege, NAV og hjelpeapparat må forstå at 'utmattelse skjer fordi belasting over tid har vært for stor' og at man uten denne forståelsen 'vil fortsette å påføre ytterligere belastning, og bedring vil utebli'. Spesielt poeng om Canadakriteriene: 'ja, fordi symptomene faktisk stemmer. Det er dette som skjer med en menneskekropp ved utmattelse' — implicit kollapser ME-spesifikke kriterier til generell utmattelses-fenomenologi. Krever at aktivitetsavpasning kun kan veiledes 'fra mennesker som har levd tilstanden selv, og ikke fra mennesker som ikke vet hva utmattelse er'. Avslutter med radikal posisjon i implementering: 'Kun mennesker som har levd med utmattelse selv vet hva det innebærer, og hva som hjelper!' Substansielt poeng i generelle_kommentarer: praksis-gap mellom retningslinjens intensjon og NAV/hjelpeapparat — 'manglende objektive funn ikke er lik manglende sykdom'."
353,"Privatperson (ektefelle til utbrent kone, Karlson+Linda)",,pårørende_oku_karlsons_kone,,B_modifisert,False,6,oku_karlsons_konkret;rune_linda_metode;kone_utbrent_3_år_sengeliggende;fram_opphold_prøvd;individuell_tilpasning;aksept_alvorlig_lidelse,**27. OKU/Karlsons-tilhenger**. Pårørende til kone utbrent i 3 år. **Refererer 'Rune og Linda'** — Linda er sannsynlig ektefelle/medforfatter til Karlson eller medarbeider ved Karlsonpsykologene. FRAM-opphold (rehabilitering) prøvd uten effekt.
354,Recovery Norge,,,,B_klar,False,10,nevroplastisitet;biopsykososial_støtte;tilfriskning_håp;nocebo;kognitiv_terapi_støtte;psykologisering;barn_og_unge;alvorlig_syke;kompetanseheving;implementering_konkret,"Recovery Norge mener veilederen mangler forklaringsmodeller for hvorfor symptomene oppstår og opprettholdes. Argumenterer sterkt for nevroplastisk forklaringsmodell (allostase, prediktivt kodende hjerne), kritiserer at biomedisinske og psykologiske forklaringsmodeller er utelatt. Hevder at vedvarende fokus på symptomer uten alternativ forståelse forsterker symptomidentitet og nocebo. Henviser til at mange medlemmer har blitt friske gjennom nevroplastisk trening, og kritiserer ME-diagnosen som 'overgrep' mot barn så lenge den er omstridt. Vil ha regionale kompetansesentre for funksjonelle/nevroplastiske lidelser."
355,"Stavanger Universitetssykehus, samhandlingslegene",,,,pragmatisk,False,4,kunnskapsgrunnlag_smalt;implementering_konkret;tjenester_samhandling;nav_arbeidsliv,"Samhandlingslegene leverer ressurskritisk pragmatisk innspill. Mener faglige retningslinjer bør være forskningsbasert; når det er lite solid forskning, bør ordet 'retningslinje' erstattes med 'anbefaling'. Påpeker at fastleger har lite erfaring med diagnosen – 1500-2000 nye tilfeller per år fordelt på 5000+ fastleger. Forventer at retningslinjen i praksis vil generere uendret eller økt henvisningsmengde. Vil ha kartleggingsteam og dedikerte ressurser etter mal fra demensteam-funksjonen."
356,Privatperson,,Pasient/pårørende med høy forskningskompetanse,,A_klar,False,15,pem_kjerne;pem_definisjon;egen_retningslinje;skille_me_utmattelse;canadakriteriene_støtte;biopsykososial_kritikk;nice_2021;aktivitet_pacing;kognitiv_terapi_kritikk;kunnskapsgrunnlag_smalt;kunnskapsgrunnlag_forskning;alvorlig_syke;barn_og_unge;psykologisering;implementering_konkret,"Akademisk-orientert systematisk gjennomgang av retningslinjens kunnskapsgrunnlag. Hovedinnvending: PICO-strukturen ikke konsekvent brukt - den brede PICOen for 'langvarig utmattelse av uklar årsak' blandes med PEM-PICOen uten metodisk avgrensning. Refererer Kuut 2024 og Nerli 2024 som basert på enkeltspørsmål om symptomøkning uten reell PEM-operasjonalisering. Vil ha tydelig forankring i NICE NG206 1.6.1-1.6.4, Chou/AHRQ 2023, IQWiG 2023, EUROMENE (Nacul et al. 2021). Foreslår strukturerte algoritmer fra Mayo Clinic (Seltzer 2026) og DePaul Symptom Questionnaire (Jason). Påpeker at retningslinjen henviser til Hestevik et al. (2025) og Asprusten (2021) som ikke vurderer PEM. Krever Canada-kriteriene som krav, ikke anbefaling. Bruker konsekvent 'aktivitetsavpassing'."
357,"Privatperson (pårørende til flere ME-syke familiemedlemmer, sykehus-flytte-skandale)",,pårørende_flere_familiemedlemmer_me,,A_klar,False,16,pem_kjerne;egen_retningslinje;canadakriteriene_støtte;fastlege_kunnskapsmangel;familie_flere_me_pasienter;fastlege_blodtrykk_generelle_råd;digitalt_hjelpemiddel_forslag;fastlege_tidssparing_verktøy;grafisk_oppfølging_over_tid;nasjonalt_me_senter_østlandet;kunnskapsgrunnlag_for_lite;fire_sykehus_én_uke;transport_uverdig_kvalitet;personvern_tredjepart_hensyn;anonym_innsamling_nasjonal;alvorlig_grad_synlig,"A_klar pårørende-stemme til flere familiemedlemmer med ME/utmattelse. **Konkret dramatisk hendelse beskrevet**: 'Ett familiemedlem ble akutt dårligere sist mandag. Fra mandag 27. til lørdag 2. mai var pasient ved fire sykehus, og før ble brått sendt hjem lørdag 2. mai. Frakten mellom sykehusene og hjem var av varierende kvalitet. Ved et tilfelle havnet med hode utenfor båren og beina oppetter skapdørene hjemme'. Eksplisitt anerkjennelse av helsetjenesten ('Vi er veldig takknemlig for all hjelp'), men sterkt krav om bedring. **To konkrete implementeringsforslag**: (1) **digitalt hjelpemiddel for fastlegen**: utviklet av eksperter på ME, med grafisk framstilling av blodprøver, blodtrykk, puls — enkelt å bruke, sparer legen tid, gir oversikt over pasientens utvikling; (2) **Nasjonalt senter for ME og utmattelse på Østlandet** med ansvar for kunnskapsgrunnlag gjennom forskning og direkte pasientoppfølging. Fastlege-kritikk: 'Mine familiemedlemmer får f.eks. generelle råd som å drikke mer når de har lavt blodtrykk, noe de allerede gjør, og så kommer man ikke videre derfra'."
358,Norsk Fysioterapeutforbund,,,,tjenestefaglig,False,6,pem_definisjon;canadakriteriene_støtte;barn_og_unge;tjenester_samhandling;kompetanseheving;implementering_konkret,"Norsk Fysioterapeutforbund leverer pragmatisk profesjonsfaglig innspill. Støtter Canadakriteriene som standard, men mener formuleringen 'anbefales' er for svak – det bør være krav. Foreslår at fysioterapeut i kommunehelsetjenesten kobles tidligere på i forløpet for barn og unge for å forhindre langvarig skolefravær. Etterlyser bedre samarbeid spesialist-/primærhelsetjeneste, særlig BUP-fysioterapi. Vil ha PEM beskrevet som 'anstrengelsesutløst økt utmattelse og økte symptomer'."
359,"Privatperson (Long Covid postviral, Karlsons-tilfrisket)",,pasient_oku_karlsons,,B_modifisert,False,10,utmattelse_overbelastning;tilfriskning_håp;oku_karlsons_konkret;fastlege_kritikk;frisklivssentral_skadelig;vaksineutløst_long_covid;spesialist_anbefaling;ansvarsfrihet_pasient;praktisk_hjelp_hjemmet;økonomisk_trygghet,"Pasient med utmattelse etter Covid (og første vaksine) som beskriver svært vanskelig veiledning fra fastlege og frisklivssentral. Hovedhistorie: fastlegens råd og frisklivssentralens kurs gjorde innsender progresivt sykere fram til hen gråt 'sammenhengende I 7 dager'. Vendepunkt: tok kontakt med 'spesialist I utmattelse, Rune Karlson' (etter lege-avvisning av Karlson). Kjøpte videokurs, fikk 'endelig forklaring' og håp. Sentralt konsept: 'ansvarsfrihet til pasienten' — pasienten skal slippe å organisere hjelp, ha minst mulig møter/avtaler, få praktisk hjelp og økonomisk trygghet for å bli bedre. Hjemmebasert behandling er en sentral kvalitet. Diagnose bør settes av spesialist (ikke fastlege). Innspillet skiller ikke aktivt mellom ME og generell utmattelse — bruker konsekvent termen 'kronisk utmattelse', og Karlsons referanseramme er overbelastning/utmattelse snarere enn G93.3-ME med PEM."
36,"Privatperson (70. mal-instans, ren)",,pasient_eller_pårørende_mal_ren,,A_klar,False,2,egen_retningslinje;stan_mal_setning,70. mal-instans.
360,Privatperson,,pårørende_svært_alvorlig_syke,,A_klar,False,17,pem_kjerne;pem_definisjon;egen_retningslinje;canadakriteriene_støtte;biopsykososial_kritikk;nice_2021;aktivitet_pacing;alvorlig_syke;tvang_pasientvern;kunnskapsgrunnlag_smalt;kunnskapsgrunnlag_forskning;nav_arbeidsliv;tjenester_samhandling;kompetanseheving;implementering_konkret;arbeidsgruppe_kritikk;dårlig_prognose,"Pårørende til svært alvorlig ME-syk krever separate retningslinjer for ME/CFS (G93.3/8E49) og uspesifikk utmattelse, eget kapittel om alvorlig/svært alvorlig ME, operasjonalisering av ICPC-2 A04.0008, og CRPD-vurdering. Viser til Wold-registerstudie (1904 pasienter), Saugstad et al. 2026 om Røysumtunet, Fafo/SINTEF, Kolbjørn Gulating lagmannsrett mars 2026. Sterkt kritisk til kommune-tillit-anbefalingen som døråpner for tvang."
361,"Fagområdet for allmennmedisin, Institutt for global helse og samfunnsmedisin, UiB",,,,B_modifisert,False,6,biopsykososial_støtte;canadakriteriene_støtte;aktivitet_gradvis_økning;nocebo;tilfriskning_håp;kunnskapsgrunnlag_forskning,"Allmennmedisinsk fagmiljø ved UiB støtter felles retningslinje og biopsykososial tilnærming. Støtter at fastlege får hovedansvar og at Canadakriteriene velges. Eksplisitt kritisk til at retningslinjen legger for mye vekt på å unngå belastninger – kan forsterke unngåelsesatferd og redusere håp om bedring. Mener det er kontinuum i klinisk grad av utmattelse, og ikke kvalitativ forskjell mellom de som fyller Canadakriterier og de som ikke gjør det."
362,"Privatperson (medisinsk-substansielt, POTS/betablokker-erfaring)",,fagperson_privat_sannsynlig,,A_klar,False,23,pem_kjerne;seid_kriterier;egen_retningslinje;skille_me_utmattelse;canadakriteriene_støtte;biopsykososial_kritikk;psykologisering;historisk_psykologisering_ms_svangerskap;tjenesten_og_meg;kunnskapsgrunnlag_forskning;biomedisinsk_forskning;utprøvende_behandling_blårsept;naltrekson_lavdose;abilify_lavdose;rituximab_cyklofosfamid;saltvannsinfusjon;pots_komorbiditet;betablokker_pots;recovery_norge_kritikk;lightning_process_skadelig;barnevernsskandale_nrk;fafo_arbeidsdeltakelse_0_2;me_senter_aker,"A_klar-innspill med detaljert biomedisinsk kunnskap og spesifikke behandlingsforslag. Hovedanke: ME med PEM (også kalt SEID) må ikke blandes med langvarig utmattelse av andre årsaker — 'tilnærmingen ofte er motsatt og det fører til feilbehandling og skade'. Refererer Fafo-studien som viser at 0,2 % av ME-pasienter kommer tilbake i fullt lønnet arbeid. Refererer NRK-saken om 13-årig gutt som forsøkte selvmord etter 'tenk-deg-frisk'-kurs. Substansiell kritikk av Recovery Norge som lobbyorganisasjon: 'knappe 200 medlemmer, ingen krav til diagnose, bruker historier om igjen og fra utlandet'. Konkrete behandlingsforslag (foreslår at ME med PEM behandles som sjelden sykdom med lavere terskel for utprøvende behandling etter blåreseptordningen): saltvannsinfusjoner, lavdose Abilify, lavdose naltrekson, mikrobiom-orienterte dietter, cellegift (rituximab og cyklofosfamid for undergrupper), betablokker mot POTS-symptomer (innsender har egen positiv erfaring etter arytmiutredning hos kardiolog). Krever styrket utredning i spesialisthelsetjenesten (ME-senteret ved Aker sykehus). Krever at sekulær brukermedvirkning får reell innflytelse over forskningsmidler — 'midler [bør] gå til biomedisinsk forskning som gir pasientene håp'. Historisk parallell: MS som tidligere 'fakers disease', svangerskapskvalme som tegn på uønsket barn."
363,Privatperson (34. mal-instans + 'frykt'-stigmatisering),,pasient_eller_pårørende_mal_pluss,,A_klar,False,7,pem_kjerne;egen_retningslinje;stan_mal_setning;biomedisinsk_forskning;frykt_for_aktivitet_stigmatisering;respektløst_ignorant;mange_behandlinger_prøvd,**34. mal-instans** + 'frykt'-stigmatisering-kritikk. **Konkret kritikk av framstilling**: 'Forutinntatte holdninger om ME pasienters frykt for aktivitet mm. håner og bidrar til stigmatisering'.
364,"Privatperson (Karlsonpsykologene-pasient, DPS-historie)",,pasient_oku_karlsons_psykiatrisk_historie,,B_modifisert,False,11,oku_karlsons_konkret;karlsonpsykologene_klinikk_referanse;møtte_veggen_utbrenthet;kasteball_mellom_instanser;dps_behandling_kontinuitetsbrudd;pappapermisjon_terapeut;rehenvisning_avslag;diagnose_dystymi_uten_dialog;psykiatrisk_historie;adhd_utredning_referert;helsetjenester_fragmentert,"B_modifisert pasient som har vært Karlsonpsykologene-pasient. Sentral utsagn: 'Jeg har ikke følt meg forstått før jeg kom til Karlsonpsykologene i begynnelsen av desember 20...'. Hovedanke: 'Alt jeg var innom siden 20... til slutten av 20... har fått meg til å føle meg som en kasteball mellom diverse instanser som ikke visste og forstod hva de skulle gjøre'. **Detaljert DPS-historie**: behandler ved DPS gikk i pappapermisjon, måtte avslutte og rehenvises, fastlege rehenviste etter 6 mnd-pause, men ble avslått gang på gang. Dystymi-diagnose ble satt uten dialog. Møte med ambulant kriseteam etter [sensitivt indre referanse], hvor team ikke kjente pasientens bakgrunn."
365,Privatperson (anonymisert),,pasient_alvorlig_vaksineutløst,,A_klar,False,11,pem_kjerne;egen_retningslinje;canadakriteriene_støtte;biopsykososial_kritikk;aktivitet_pacing;alvorlig_syke;kunnskapsgrunnlag_brukererfaring;tvang_pasientvern;kompetanseheving;implementering_konkret;dårlig_prognose,"Alvorlig syk ME-pasient (95% funksjonsfall, sengeliggende), tilkom etter Astra Zeneca-vaksinering. Krever helt nye retningslinjer. Sterk personlig fortelling: 16 ulike fastleger på ett år, brudd på taushetsplikt fra fastlege, NAV-saksbehandler invitert hjem til første legetilsyn. Påpeker at produsenten har innrømmet i retten at Astra Zeneca kan utløse ME, men 'Norske staten ønsker ikke å godta dette'. Henviser til Facebook-gruppe med 6200 helsepersonell med varige vaksineskader. Kostnad: ca 4000 NOK/mnd egne medikamenter etter betydelig inntektsnedgang."
366,Privatperson,,pårørende_eller_pasient,,A_klar,False,16,pem_kjerne;pem_definisjon;egen_retningslinje;canadakriteriene_støtte;biopsykososial_kritikk;nice_2021;aktivitet_pacing;alvorlig_syke;tvang_pasientvern;kunnskapsgrunnlag_smalt;kunnskapsgrunnlag_forskning;nav_arbeidsliv;tjenester_samhandling;kompetanseheving;arbeidsgruppe_kritikk;dårlig_prognose,"Tilnærmet identisk tekst som id 360 – samme krav om separate retningslinjer for ME/CFS (G93.3/8E49) og uspesifikk utmattelse, eget kapittel om alvorlig/svært alvorlig ME, operasjonalisering av ICPC-2 A04.0008, CRPD-vurdering. Henviser til Saugstad et al. 2026, Fafo/SINTEF, Kolbjørn Gulating lagmannsrett mars 2026. Bruker 'vi' i stedet for 'jeg' og store bokstaver i seksjonsoverskrifter. Mangler implementering-seksjon som id 360 har."
367,"Privatperson (108. mal-instans, ren)",,pasient_eller_pårørende_mal_ren,,A_klar,False,2,egen_retningslinje;stan_mal_setning,"108. mal-instans, ren standardmal."
368,"Privatperson (to-veis-tillit, bruker-vurderingsevne-styrkes)",,pasient_eller_pårørende_pragmatisk_to_veis_tillit,,pragmatisk,False,5,to_veis_tillit;brukerens_vurderingsevne;språk_uttrykke_behov;selvkunnskap_premiss;ikke_få_riktig_hjelp,Pragmatisk innspill om to-veis-tillit. Premiss: 'brukeren er den eneste som kjenner seg selv og sine behov'. Krever språkhjelp for å formidle behov.
369,Privatperson ('skrotes i sin helhet'-krav),,pasient_eller_pårørende_aktivist,,A_klar,False,4,egen_retningslinje;skrotes_i_sin_helhet;nyere_forskning_savnes;start_helt_på_nytt,Sterk A_klar: 'utkastet bør skrotes i sin helhet og arbeidet startes helt på nytt'.
37,"Privatperson (109. mal-instans, ren)",,pasient_eller_pårørende_mal_ren,,A_klar,False,2,egen_retningslinje;stan_mal_setning,"109. mal-instans, ren standardmal."
370,"Privatperson (FUNCAP-/Jasons-orientert, ME OG SKOLE-detalj)",,pårørende_eller_pasient_informert,,A_klar,False,22,pem_kjerne;egen_retningslinje;skille_me_utmattelse;canadakriteriene_støtte;biopsykososial_kritikk;biopsykososial_bio_glemmes;mups_funksjonell_lidelse_kritikk;funcap_verktøy;jasons_barnekriterier;aktivitetsavpasning_terminologi;innsykningsfasen_kritisk;alvorlig_grad_pleieråd;alvorlig_grad_sondeernæring;veileder_2014_pleieråd;me_og_skole_verktøy;statped_veiledning_ppt;pleiepenger_foresatte;barnekoordinator_individuell_plan;barn_skole_helse_prioritering;me_foreningen_me_foreldrene_alliert;melatonin_smertestillende;kursing_helsepersonell,"A_klar med detaljert kunnskap om norske ME-aktivismekjernen og praktiske verktøy. **Bio-glemmes-poenget**: '""Biopsykososialt perspektiv"" er blitt et veldig negativt ladet begrep for de fleste ME-pasienter. Mange er feilbehandlet med begrunnelse at helsepersonell har et biopsykososialt syn på sykdom. Når biopsykososialt møter ME, blir bio-delen glemt helt bort, og man sitter igjen med psykososial lidelse, eller enda mer feil: MUPS eller funksjonell lidelse'. Spesifikke krav: (1) Canadakriteriene + FUNCAP for utredning; (2) Jasons barnekriterier for barn (Pediatric ICC); (3) byte 'aktivitetsregulering' med 'aktivitetsavpasning'; (4) pleieråd fra 2014-veileder for de aller sykeste; (5) sondeernæring som tilbud; (6) tilbud til foresatte: pleiepenger, barnekoordinator, individuell plan; (7) 'ME og Skole'-verktøy for lærere; (8) Statped må veilede PPT-kommunene; (9) prioritering ved barn: helse → sosialt → skole (ikke omvendt). Pårørende-perspektiv: 'Å få et barn med ME er en langsom katastrofe for hele familien'. Alliert med Norges ME-forening og ME-foreldrene."
371,"Privatperson (alliansetekst med ME-foreldrene, Kolbjørn-refererer)",,pasient_eller_pårørende_me_foreldrene_alliert,,A_klar,False,17,pem_kjerne;egen_retningslinje;icd_11_8e49;icd_g93_3;skille_me_utmattelse;skille_me_long_covid;canadakriteriene_støtte;biomedisinsk_forskning;brukerundersøkelser_me_foreningen;brukermedvirkning_kritikk;kompetansetjeneste_burde_drevet_undersøkelser;kolbjørn_seier_referanse;buried_alive_video;individuell_plan_koordinator;ansvarsgrupper;frambu_referanse;me_foreldrene_alliert,"A_klar med klar allianse til ME-foreldrenes innspill — konsekvent 'Viser til svaret fra ME-foreldrene' i flere felter. Hovedanke i bakgrunn_metode: 'Å blande ME/CFS med langvarig utmattelse gir ingen mening. ME/CFS er en egen sykdom, mens utmattelse kan være så mangt.' Etterlyser kvantitativ oversikt over forholdet mellom ME/CFS og generell utmattelse — 'dette burde ha vært undersøkt'. Refererer at brukerundersøkelser av ME-foreningen 'burde egentlig blitt foretatt av kompetansetjenesten' (implisitt NKT-kritikk). Refererer Hdir's egen brukermedvirkningsside som standard ('Brukermedvirkningen vises ikke mye i dette utkastet'). I generelle_kommentarer brukes substansielle argumenter: PEM som kardinalsymptom, sykdomsspesifikt rammeverk. Refererer eksternt: Kolbjørns rettssak (me-foreldrene.no), 'Buried alive with ME'-video (YouTube). I virksomhetsleder/lege_ansvar_barn/helsepersonell_barn refererer kommunenes plikt til individuell plan, koordinator og ansvarsgrupper (Hdir's egen veileder), og Frambu.no."
372,Privatperson,,fagperson_privat_sannsynlig,,pragmatisk,False,5,pem_kjerne;pem_definisjon;aktivitet_pacing;kunnskapsgrunnlag_forskning;implementering_konkret,"Pragmatisk innspill med originalt analytisk rammeverk: tre aktivitetskategorier (basalaktivitet, kognitiv, fysisk). Foreslår Maslow-pyramide som prioriteringsverktøy: pasientens begrensede kapasitet bør prioriteres mot selvrealiseringsbehov (tegning, musikk, Lego) framfor basisaktiviteter (smøre brødskiver). Refererer Olympiatoppens regulering av aktivitetsnivå hos idrettsutøvere som modell. Foreslår biomedisinske målekriterier som hs-CRP og laktatnivå ved hvile. Inkluderer ernæring som regulert faktor."
373,"Privatperson (Karlson-bok-tilfrisket, søvnproblemer)",,pasient_oku_karlsons_tilfrisket,,B_modifisert,False,8,oku_karlsons_konkret;boka_karlson_lese_anbefaling;veien_ut_av_utmattelse_bok;unntakstilstand_metode;100_prosent_ansvarsfri;flere_uker;kurere_utmattelse;behandlere_fastleger_psykologer_kunnskap,"**21. dokumenterte OKU/Karlsons-tilhenger**. Tilfrisket gjennom Karlsons bok 'Veien ut av utmattelse'. Detaljert beskrivelse av Karlsons metode: '100% ansvarsfrihet fra jobb, familie og sosial kontakt fysisk og digitalt i flere uker'. Krav: 'Denne metoden bør bli kjent av alle behandlere, fastleger, psykologer og andre'."
374,"Privatperson (biomedisinsk argument, ME som ikke 'mangel på vilje')",,pasient_eller_pårørende_informert,,A_klar,False,14,pem_kjerne;egen_retningslinje;skille_me_long_covid_utmattelse;biomedisinsk_forskning;immunsystem_avvik;mitokondrier_dysfunksjon;nevroinflammasjon;energiproduksjon_avvik;biopsykososial_kritikk;biopsykososial_ramme_ikke_årsak;psykologisering;helseangst_kritikk_bortforklaring;mangel_vilje_kritikk;alvorlig_grad_egne_føringer,"A_klar med substantielt biomedisinsk argument. Sentralt: 'ME er ikke mangel på vilje'. Tre hovedforslag: (1) retningslinjene må følge et biomedisinsk syn på ME og fremme forskning på feltet — referer immunsystem-avvik, mitokondrier, nevroinflammasjon, energiproduksjon; (2) ME og LC må tydelig skilles fra annen utmattelse, hver med egen retningslinje; (3) tydeligere beskrivelse av alvorlighetsgrad og hjelpebehov ved PEM. **Substantielt presisering om biopsykososial-modellen**: 'Det må tydeliggjøres at biopsykososial forståelse bare skal brukes som en ramme for helhetlig behandling og støtte. Det skal ikke brukes som årsaksforklaring på ME/CFS og LC'. Refererer at det fremdeles er mange ME-pasienter som møter helsepersonell som uttrykker at de 'ikke tror på ME' eller bortforklarer sykdommen med 'mangel på vilje, overdreven symptomfokus eller helseangst'."
375,Privatperson,,fagperson_privat_sannsynlig,,A_klar,False,16,pem_kjerne;pem_definisjon;egen_retningslinje;skille_me_utmattelse;canadakriteriene_støtte;biopsykososial_kritikk;nice_2021;aktivitet_pacing;kognitiv_terapi_kritikk;kunnskapsgrunnlag_smalt;kunnskapsgrunnlag_forskning;psykologisering;alvorlig_syke;implementering_konkret;kompetanseheving;nav_arbeidsliv,"Forskningstyngst enkeltinnspill etter id=219. Anerkjenner at arbeidsgruppen har lagt ned betydelig arbeid, at Canadakriteriene anbefales og at PEM omtales. Men det grunnleggende strukturelle problemet er at ME/CFS og uspesifisert langvarig utmattelse behandles innenfor samme rammeverk. Identifiserer at retningslinjen blander pacing slik begrepet brukes i ME/CFS-sammenheng (innenfor Energy Envelope) med pacing slik det er brukt i rehabiliteringslitteraturen (gradvis aktivitetsøkning mot forhåndsbestemt mål – altså GET under nytt navn). Introduserer konseptet «Rolling PEM» – kontinuerlig PEM uten mulighet til å stabilisere seg – som forfatter mener er den «farligste» formen og største sjanse for varig funksjonsfall. Sentrale referanser: Kielland et al. 2023 (94% av CCC-pasienter fikk forverring av arbeidsavklaring), Brown og Jason 2020 (PEM 10,4 ganger mer prevalent), Sanal-Hayes et al. 2025 (systematisk gjennomgang av pacing), Melby og Nair 2023 (pasienters tilbaketrekking som beskyttelsesmekanisme), Tschopp et al. 2024 (psykosomatisk fortolkning som sterkeste enkeltfaktor for suicidalitet), Walitt et al. 2024 (NIH), Glass et al. 2025 (biologisk vevsskade ved PEM-induksjon), Fanó-Illic et al. 2026 (mitokondriell dysfunksjon). Foreslår obligatorisk PEM-kartlegging med DSQ-PEM og/eller FUNCAP ved første konsultasjon, lenge før seks måneder."
376,Privatperson,,fagperson_privat_sannsynlig,,A_klar,False,16,pem_kjerne;pem_definisjon;egen_retningslinje;canadakriteriene_støtte;biopsykososial_kritikk;nice_2021;aktivitet_pacing;kognitiv_terapi_kritikk;psykologisering;kunnskapsgrunnlag_smalt;kunnskapsgrunnlag_forskning;alvorlig_syke;nav_arbeidsliv;tjenester_samhandling;implementering_konkret;arbeidsgruppe_kritikk,"Privatpersonen krever separate veiledere fra og med del 3 i dokumentet, og påpeker mangler ved litteratursøk (ikke gjennomført på årsaker, biologiske markører, sykdomsmekanismer, medikamentell intervensjon). Identifiserer NKT-CFS/ME's reverserte navnerekkefølge (CFS/ME) som signal om psykosomatisk tilnærming. Foreslår nummerert avsnitt-struktur etter NICE-modell. Krever definisjonsliste i appendiks for 14 sentrale begreper (PEM, pacing, GET, KAT-varianter, POTS, ortostatisk intoleranse mv.). Påpeker Bakken/Krabbe 2023-referansene bygger kun på tilfrisknedes subjektive opplevelse."
377,"Privatperson (71. mal-instans, ren)",,pasient_eller_pårørende_mal_ren,,A_klar,False,2,egen_retningslinje;stan_mal_setning,71. mal-instans.
378,"Privatperson (nynorsk, sengeliggende-koordinator)",,pårørende_alvorlig_sengeliggende,,A_modifisert,False,6,skille_cfs_me;sengeliggende_bundet_hjemme;kommunal_koordinator_krav;gynekolog_tannlege_optikar_hjemme;vaksine_hjemmeleverte_savnet;val_hjemme_levert_positiv,Nynorsk innspill fra pårørende til sengeliggende. **Konkret operativt forslag**: kommunal koordinator for sengeliggende + gynekolog/tannlege/optiker hjemme.
379,Privatperson,,fagperson_privat_sannsynlig,,A_klar,False,13,pem_kjerne;pem_definisjon;egen_retningslinje;biopsykososial_kritikk;nice_2021;aktivitet_pacing;lp_kritikk;alvorlig_syke;barn_og_unge;kunnskapsgrunnlag_smalt;kunnskapsgrunnlag_forskning;kompetanseheving;implementering_konkret,"Innspill fokusert på NICE NG206 som metodisk benchmark. Argumenterer at PEM er objektivt målbart i 2-dagers CPET med målbare avvik i oksygenopptak, arbeidskapasitet, ventilasjon og hjerte-kar-respons på dag 2. Detaljert referanseapparat: Keller 2024, Lim 2020, Snell 2013, Stevens 2018, VanNess 2007, Lien 2019. Krever ICF erstattet/supplert med FUNCAP for funksjonsvurdering – ICF fanger ikke PEM. Spesifikt kapittel om barn: 'prøving og feiling' kan gi varig funksjonstap. Krever ambulerende ME-team med spesialkompetanse."
38,"Privatperson (39. mal-instans, ren)",,pasient_eller_pårørende_mal_ren,,A_klar,False,2,egen_retningslinje;stan_mal_setning,39. mal-instans.
380,"Privatperson (pårørende, NKT-mistillit, Gulating-rettsaks-referanse)",,pårørende_informert_nkt_kritisk,,A_klar,False,9,pem_kjerne;egen_retningslinje;skille_me_utmattelse;nkt_kritikk_troverdighet;nkt_selektiv_kunnskapsgrunnlag;gulating_lagmannsrett_dom;kolbjørn_sak_rettskraftig;pasientsikkerhet_kjerne;pem_forverring_ikke_litt_sliten,"A_klar pårørende-stemme. Hovedanke: krav om egen nasjonal retningslinje for ME. **NKT-mistillit**: 'NKT har på grunn av sin praksis og selektive holdning til kunnskapsgrunnlag og forskning, ingen troverdighet blant pasientene'. Refererer **Gulating-rettssaken** med ME-sykes seier som ble rettskraftig dagen før innsendelsen. PEM presist artikulert: 'PEM innebærer forverring, ikke at man blir litt ekstra sliten'."
381,"Privatperson (PEM/PESE-presisjon, juridisk-prosess-orientert)",,fagperson_privat_sannsynlig,,A_klar,False,20,pem_kjerne;pem_definisjon;pem_pese_terminologi;egen_retningslinje;skille_me_utmattelse;canadakriteriene_støtte;biopsykososial_kritikk;psykologisering;aktivitet_pacing;helsepersonelloven_4;pasient_brukerrettighetsloven;rettssikkerhet;arbeidsgruppe_kritikk;dissens_korrekt_telling;kolbjørn_seier_referanse;buried_alive_video;alvorlig_grad_egne_føringer;barn_sårbar;barn_barnevern_risiko;implementering_avvis,"Strukturert A_klar-innspill med høyt juridisk og terminologisk presisjonsnivå. Bruker PEM/PESE-terminologi (post-exertional malaise / post-exertional symptom exacerbation). Hovedanke: ME plasseres i en generell utmattelses-retningslinje, hvilket vil 'lede til et felles kompetansemiljø for langvarig utmattelse og ME/CFS og et felles pasientforløp dersom dette blir realisert'. Refererer **helsepersonelloven § 4 og pasient- og brukerrettighetsloven §§ 3-1, 3-2 og 4-1** for å argumentere at uten tydelig informasjon om risiko for PEM-forverring 'kan verken medvirkning eller samtykke bli reelt informert'. **Korrekt telling av dissensene**: 3 brukerrepresentanter (ME-foreningen, ME-foreldrene, Covidforeningen) PLUSS '4 fagpersoner med diametralt motsatt syn av de 3 brukerrepresentantene har tatt dissens. Dette viser klart at høringsutkastet har en strukturell uenighet'. Bruker eksterne referansepunkter: **Kolbjørns seier** (rettssakssaken om barn med ME, lenket til me-foreldrene.no), **'Buried alive with ME'-videoen**. Konkrete minimumskrav for retningslinjen: (1) PEM som gjennomgående beslutningspremiss, (2) aktivitetsavpassing/pacing skilles tydelig fra aktivitetsøkning, gradert aktivitetsutforskning og rehabilitering med progresjonsmål, (3) alvorlig og svært alvorlig ME får egne tydelige føringer, (4) pasient- og pårørendeerfaringer tillegges reell vekt særlig der de beskriver forverring etter tiltak."
382,Privatperson (30. mal-instans + barneavdeling-kritikk),,pasient_eller_pårørende_mal_pluss_barn,,A_klar,False,7,egen_retningslinje;stan_mal_setning;barneavdeling_funksjonelle_team_kritikk;barn_mister_ungdomstid;skadelige_råd_barn;30_år_gamle_anbefalinger;ungdom_alvorlig_syke,"**30. mal-instans** + barneavdeling-kritikk: 'Stopp dagens praksis v/barneavdelingene. Barna med mistanke om ME, blir langvarig sykere, av deres behandling'."
383,"Privatperson (fjerde sekundærmal-tvilling med id 349, 339, 336)",,pasient_eller_pårørende_sekundærmal,,A_klar,False,14,pem_kjerne;egen_retningslinje;skille_me_utmattelse;canadakriteriene_støtte;nice_2021;biomedisinsk_forskning;who_diagnosekoder;brukerundersøkelser_ignorert;biopsykososial_kritikk;todelt_løp;alvorlig_grad_egne_føringer;alvorlig_grad_pleieråd;icpc_2_kode;sekundærmal_variant,"**FJERDE SEKUNDÆRMAL-TVILLING** — identisk innholdsmessig og strukturelt med id 349, 339 og 336. Standard fire-punkts kritikkstruktur av høringsutkastets formålsoppfyllelse: (1) ikke kunnskapsbasert, (2) utydelige råd pga sammenblanding, (3) ikke lyttet til brukerkunnskap, (4) operative krav om PEM-kunnskap, todelt løp, alvorlig grad-pleieråd, ICPC-2 koder."
384,"Privatperson (utbrenthet etter 10 års våken nattetid, ansvarsbevisst)",,pasient_utbrenthet,,pragmatisk,False,8,utbrenthet_jobbstress;omsorgsrolle_dobbel_belastning;lite_søvn_kronisk;ansvarsbevissthet_selvkrav;kroppslige_symptomer_eksklert_enkeltvis;individuell_tilnærming_ros;angstanfall_jobb_brå_start;egen_verdimåling_ytelse,"Pragmatisk pasient-stemme med utbrenthet etter dobbel omsorgsrolle (egne barn + barn med diagnoser på jobb) + 10 års redusert nattesøvn. Selvkarakterisering som 'ansvarsbevisst person, som har lett for å måle min verdi etter hvor mye jeg kan gjøre for andre'. Også frivillige verv i tillegg. Konsekvent overgåing av egen kapasitet ga ulike symptomer over tid: virusinfeksjoner inkl. corona, betennelser, øresus, lydsensitivitet, hudeksem, smerter i muskler og ledd, søvnproblemer. Symptomene ble håndtert enkeltvis med 'krafttak for å opprettholde effektiviteten'. Vendepunkt: angstanfall på jobb 'som lyn fra klar himmel'. Innsender uttrykker eksplisitt at hen 'kjenner meg igjen i at det ikke finnes én løsning som passer alle' — pragmatisk tilslutning til retningslinjens individuelle tilnærming."
385,"Privatperson (fysioterapeut i kommunen, mange års CFS/ME-erfaring)",,fagperson_privat_identifisert,,A_modifisert,False,10,pem_kjerne;pem_definisjon;egen_retningslinje;biopsykososial_kritikk;aktivitet_pacing;psykologisering;alvorlig_syke;barn_og_unge;kunnskapsgrunnlag_smalt;implementering_konkret,"Identifisert fagperson (fysioterapeut i kommunen med mange års erfaring i oppfølging av barn og unge med CFS/ME i alle grader inkl. svært alvorlig). Krever eget kapittel eller egen retningslinje for CFS/ME. Detaljert klinisk-faglig kritikk: foreslår 'bør' erstattet med 'kan' om aktivitetsutprøving for pasienter med PEM, kritisk til at adferdsterapeutiske elementer foreslås integrert i fysioterapeut/ergoterapeut-veiledning. Foreslår 'aktivitetsavpassingsplan' i stedet for 'aktivitetsreguleringsplan'. Påpeker at setning om 'restitusjon og hvile er ikke nødvendigvis å være i ro' kan føre til skyldfølelse og stigmatisering. Anbefaler at familier ofte trenger jevnlige støttesamtaler hver 3 uke."
386,"Privatperson (egne retningslinjer-krav, biomedisinsk forskning)",,pasient_eller_pårørende_aktivist,,A_klar,False,6,egen_retningslinje;nevrologisk_sykdom;sammenblanding_risiko;biomedisinsk_forskning;forsvarlig_helseomsorg;positiv_individuell_tilnærming,"A_klar med eget formulert tekst (ikke standardmal). Anerkjenner positivt med individuell tilnærming, men krav om egen retningslinje for ME."
387,"Privatperson (OKU-tilhenger med edderkopp-metafor, NAV-koordinering)",,pasient_pragmatisk_koordineringsbyrde,,B_modifisert,False,10,utmattelse_overbelastning;oku_terminologi_brukt;edderkopp_metafor_koordinering;tverrfaglig_tidlig_forløp;nav_aktivitetskrav_motsatt_behov;hjernetåke_hverdag;hjernen_henter_seg_inn;papirarbeid_byrde;individuell_tilpasning_implementering;samarbeid_på_tvers_lettere,"Pragmatisk-B_modifisert pasient med oku-terminologi. Hovedanke: prinsippet om individuell vurdering er 'en veldig god tanke, men hvordan dette faktisk lar seg gjennomføre i hverdagen kan være en helt annen sak'. **Sentral edderkopp-metafor**: 'Ofte blir pasienten som en edderkopp som selv på holde i alle trådene og virke som en koordinator mellom de ulike instansene. For en allerede utmattet person, ofte med hjernetåke i tillegg, er dette svært krevende'. Eksplisitt OKU-terminologi: 'Ofte trenger en person som har fått kronisk utmattelse og/ eller overbelastningsforårsaket kronisk utmattelse nettopp det motsatte — man trenger tid for å la hjernen få hente seg inn igjen'. **Krav til tverrfaglig**: 'Dette mener jeg er viktig å få gjennomført tidlig i forløpet'."
388,Privatperson,,pårørende_svært_alvorlig_syke,,A_klar,False,16,pem_kjerne;egen_retningslinje;skille_me_utmattelse;biopsykososial_kritikk;nice_2021;aktivitet_pacing;kognitiv_terapi_kritikk;kunnskapsgrunnlag_brukererfaring;alvorlig_syke;tjenester_samhandling;psykologisering;nav_arbeidsliv;kompetanseheving;implementering_konkret;tvang_pasientvern;dårlig_prognose,"Pårørendes systemorienterte kritikk av et utkast som etter forfatters vurdering ikke kan brukes som verktøy i klagesaker om forsvarlig helsehjelp. Sentrale poenger: Veilederen er gjennomgående uklar og overlater for mye til skjønn og god vilje. De aller sykeste pasientene (sengeliggende, tåler ikke ordinære konsultasjoner) er knapt nevnt. Ordinære sykehjemsplasser og hjemmetjenester er ikke egnet for alvorlig ME-syke fordi de mangler forutsetninger som få faste pleiere med kompetanse, forutsigbare rutiner, sensorisk skjerming og lavstimulus-miljø. Manglende kompetanse i felten erkjennes, men hvor slik kompetanse finnes og hvordan den skal spres adresseres ikke. Det er en skam at finansieringen til Røysumtunet ikke sikres når kompetansen ellers er skrikende mangelvare. Mener tidlig fase med ukyndige fastleger og krav fra NAV gjør pasienten betydelig sykere innen helhetlig utredning igangsettes – «mye skade på seks måneder». For de aller sykeste er all aktivitet i strid med restitusjon, og hele ideen om å finne et passende aktivitetsnivå er et blindspor – utfordringen er å etablere en bo- og omsorgssituasjon uten kontinuerlige overbelastninger."
389,"Privatperson (analytisk kritikk av begge hovedlinjer, foreslår tredje vei)",,pasient_pragmatisk_analytisk_brobygger,,pragmatisk,False,12,pem_kjerne;biomedisinsk_linje_mangler_bedring;psykososial_linje_forverring;begge_linjer_utilstrekkelig;tredje_vei_forslag;me_foreningen_rapport;fafo_forskning_referanse;rehabilitering_to_modeller;kognitiv_terapi_individuell_tilpasning_mangler;biologiske_faktorer_forståelse_dyper;energikonvolutt_undervisning;stor_andel_pasienter_ingen_nytte,"**Substansielt analytisk-pragmatisk innspill** med strukturell kritikk av begge hovedlinjer i ME-behandling. Hovedanke: 'En tidligere rapport fra ME-foreningen, og nyere forskning fra FAFO, viser at en skremmende stor andel av ME-pasienter får lite eller ingenting ut av de behandlingsformene og tiltakene de blir tilbudt i dag, og i mange tilfeller gjør det dem faktisk dårligere'. **Eksplisitt todelt analyse** av rehabiliteringssentrenes tilnærminger: (1) **Biomedisinsk linje**: 'Fokus på å ikke skape symptomforverring ved å utløse PEM og å lære om energikonvolutt. Dette gjør at pasientene rapporterer en mindre grad av forverring, men metoden stopper gjerne ved å ikke forverre, og mangler ofte gode verktøy for bedringsprosess'. (2) **Psykososial linje**: 'Hovedfokus på en form for kognitiv terapi og på aktivitetsopptrapping. Her ser vi at mange opplever forverring, tilsynelatende fordi det mangler rom for individuell tilpasning og en dypere forståelse av de biologiske faktorene'."
39,"Privatperson (47. mal-instans, kort-tilleggsmerknad)",,pasient_eller_pårørende_mal_pluss,,A_klar,False,3,egen_retningslinje;stan_mal_setning;minimum_innspill,47. mal-instans. 47. mal-instans + kort tilleggsmerknad: 'Det er kanskje ikke nødvendig å skrive så mye mer'.
390,Foreningen Trygg Barndom,,,,A_klar,False,9,pem_kjerne;egen_retningslinje;skille_me_utmattelse;barn_og_unge;alvorlig_syke;nav_arbeidsliv;psykologisering;tvang_pasientvern;kunnskapsgrunnlag_brukererfaring,"Trygg Barndom arbeider med rettssikkerhet for barn og unge i møte med barnevernet. Mest aktiv kritikker av rettssikkerhetsperspektivet. Refererer FAFO/SINTEF 'Tjenesten og MEg' og dokumenterer at 1 av 10 ME-syke har vært i kontakt med barnevernet, 70 % opplevde kontakten som sykdomsfremmende, rutinemessige bekymringsmeldinger ved skolefravær, og at 9 av 10 opplever å bli sykere av NAV-arbeidsutprøving. Bruker begrepet 'systemisk vold' (ikke intensjonell skade, men strukturer/rutiner som påfører belastning) for å beskrive tjenesteapparatets behandling av barn med ME."
391,"ME-forskningsgruppen, Haukeland universitetssykehus og UiB",,,,A_klar,False,11,pem_kjerne;egen_retningslinje;skille_me_utmattelse;canadakriteriene_støtte;biopsykososial_kritikk;nice_2021;aktivitet_pacing;kognitiv_terapi_kritikk;kunnskapsgrunnlag_smalt;kunnskapsgrunnlag_forskning;dårlig_prognose,"Den tyngste fagvitenskapelige stemmen på A-siden. Gruppen rundt Tronstad, Fluge, Mella og Rekeland argumenterer for at ME/CFS er en distinkt klinisk tilstand med karakteristisk symptombilde, og at retningslinjen har en strukturell feil ved å ikke skille langvarig utmattelse som symptom fra ME/CFS som klinisk tilstand. Mener evidensgrunnlaget i retningslinjen er smalt (begrenset til aktivitetsbaserte intervensjoner og kognitiv atferdsterapi). NICE 2021 trekkes frem som modell. Kritiserer at biopsykososial modell fremheves uten gjennomgang av biologiske funn – kan føre til 'forenklet og potensielt misvisende forståelse'. Refererer Kielland og Liu (2025) om dårlig prognose hos voksne ME-pasienter."
392,Akershus universitetssykehus HF (Ahus),,,,pragmatisk,False,5,pem_definisjon;skille_me_utmattelse;alvorlig_syke;kunnskapsgrunnlag_forskning;tjenester_samhandling,"Ahus mener retningslinjen i hovedsak er velegnet, men mangler tydeligere skille mellom anbefalinger for langvarig utmattelse og ME/CFS. Påpeker viktig fagklinisk poeng: pasienter med begynnende nevrologiske sykdommer kan falle inn under Canadakriteriene. Illustrerer med to konkrete pasientkasus med 5-7 års sykdomsforløp, der ad-hoc tverrfaglig rehabilitering kunne vært igangsatt tidligere hvis retningslinjene ikke ekskluderte dem fra spesialiserte institusjoner. Foreslår eksplisitt formulering om risiko for symptomforverring ved PEM."
393,Arbeids- og velferdsdirektoratet,,,,B_modifisert,False,6,biopsykososial_støtte;nevroplastisitet;tilfriskning_håp;kunnskapsgrunnlag_forskning;nav_arbeidsliv;implementering_konkret,"NAV-direktoratet vurderer retningslinjene som grundige og gjennomarbeidede og positivt at PEM tas på alvor, men anbefaler videreutvikling for å inkludere nyere kunnskap, særlig knyttet til nevroplastisitet og regulering av nervesystemet. Mener retningslinjen bør tydeliggjøre valg av forklaringsmodell (eksplisitt biopsykososial), legge større vekt på forventningsavklaring, tidlig intervensjon og formidling av håp om bedring. Vil ha klarere føringer for hva som anses som anbefalt behandling – kritisk for NAVs saksbehandling om uføretrygd. Mener at forskningsbasert kunnskap bør gis klart større vekt enn ikke-vitenskapelig dokumentasjon."
394,"DPS Lister, Sørlandet sykehus",,,,B_klar,False,8,biopsykososial_støtte;nevroplastisitet;kognitiv_terapi_støtte;aktivitet_gradvis_økning;tilfriskning_håp;psykologisering;kunnskapsgrunnlag_forskning;implementering_konkret,"DPS Lister team 1 har siden 2021 drevet et pilotprosjekt med 12-ukers behandlingsprogram for langvarig utmattelse basert på metakognitiv terapi og 'Return to Work'-intervensjoner. Behandlet ca. 50 av 100 utredede pasienter. Bygger på Mind-Body-Teori-miljøet ved UiO. Programmet er bevisst basert på opptrapping av fysisk, sosial, kognitiv og emosjonell aktivitet – pasienter måtte signere samtykke til dette. Refererer Owe et al. (2016) som viste at 47 % av ME/CFS-mistanke-pasienter hadde psykiatrisk diagnose og bare 17 % oppfylte ME/CFS-kriteriene. Argumenterer for at langvarig utmattelse er en 'bivirkning' av at kroppslige symptomer over tid blir møtt med avlastning og hvile. Mener pasientene kan bli mye bedre eller helt friske og at dette må formidles tidlig."
395,Helse Midt-Norge RHF,,,,B_modifisert,False,7,biopsykososial_støtte;tilfriskning_håp;tjenester_samhandling;kompetanseheving;barn_og_unge;implementering_konkret;nav_arbeidsliv,"Helse Midt-Norge leverer felles innspill basert på bidrag fra Helse Nord-Trøndelag, Helse Møre og Romsdal, St. Olavs hospital (smertesenter og barneklinikk). Støtter eksplisitt én samlet retningslinje for langvarig utmattelse inkl. ME/CFS. Eksplisitt bekymret for at retningslinjen åpner for at en svært stor gruppe pasienter får rett til spesialisthelsetjeneste-utredning som ikke kan håndteres ressursmessig. Barneklinikken ved St. Olavs påpeker at teksten 'legger for mye vekt på å unngå belastninger, noe som potensielt kan virke opprettholdende av plagene'. Etterlyser styrket biopsykososial forståelse med håp om tilfriskning. PEM hos barn og unge omtales som klinisk krevende å vurdere."
396,Helse Sør-Øst RHF,,,,pragmatisk,False,5,tilfriskning_håp;kunnskapsgrunnlag_forskning;implementering_konkret;tjenester_samhandling;kompetanseheving,"Helse Sør-Øst RHF leverer en pragmatisk midt-posisjon på overordnet nivå. Anerkjenner spenningen i feltet: 'I Helse Sør-Øst rapporterer helsepersonell og en del pasienter om bedring gjennom strukturerte og aktive tiltak' – men samtidig at andre pasienter har opplevd forverring. Mener utfordringen handler mindre om enkelttiltak og mer om hvordan anbefalingene utformes og tas i bruk. Etterlyser klarere struktur (skille anbefaling/begrunnelse/praktisk informasjon), tydeligere kobling anbefaling-evidensgrunnlag, og aktiv implementeringsstøtte. VIKTIG: Brukerutvalget (vedlegg 2) inntar en helt annen og tydelig A-nær posisjon, og uttrykker bekymring for at brukerorganisasjoner og fagpersoner har trukket seg / tatt dissens."
397,Karlsonspsykologene,,,,B_klar,False,6,biopsykososial_støtte;kognitiv_terapi_støtte;tilfriskning_håp;psykologisering;kunnskapsgrunnlag_forskning;nav_arbeidsliv,"Karlsonspsykologene presenterer en tredje, distinkt forklaringsmodell: 'Overbelastningsforårsaket Kronisk Utmattelse' (OKU). Klinikken hevder at OKU er et fysiologisk problem der hjernen ikke får tilstrekkelig restitusjon ved langvarig høyt ansvarsnivå – analogt til søvndeprivasjon. Hevder at majoriteten av CFS/ME-tilfeller faktisk er OKU, og at den kurative behandlingen er 'ansvarsfrihet' i en periode. Sterkt kritisk til Canadakriteriene som de mener fanger en uensartet gruppe. Vil ha klart skille mellom OKU og andre CFS/ME-tilstander. Argumenterer for at samfunnsutviklingen (digitalisering, økte krav til foreldre/lærere/helsearbeidere) har skapt OKU som folkesykdom."
398,ME-foreldrene,,,,A_klar,False,17,pem_kjerne;pem_definisjon;egen_retningslinje;skille_me_utmattelse;canadakriteriene_støtte;biopsykososial_kritikk;nice_2021;aktivitet_pacing;kognitiv_terapi_kritikk;alvorlig_syke;barn_og_unge;psykologisering;dårlig_prognose;kunnskapsgrunnlag_smalt;kunnskapsgrunnlag_brukererfaring;arbeidsgruppe_kritikk;tvang_pasientvern,"Det 40 sider lange innspillet (med 18 deler) argumenterer for at det som beskrives som 'to ulike syn på ME' i realiteten er to ulike kunnskapsgrunnlag basert på forskning på heterogene utvalg vs. forskning på pasienter med dokumentert PEM. Krever en egen retningslinje for ME/CFS, eller som minimum en tydelig todeling innenfor foreliggende retningslinje basert på PEM-status. Anbefaler føre-var-prinsipp, NICE 2021 som referansegrunnlag, og at retningslinjen forankres i Canadakriteriene (Jason-kriteriene for barn) med konkret operasjonalisering av PEM."
399,"Norges ME-forening, Aust-Agder regionlag",,,,A_klar,False,5,pem_kjerne;egen_retningslinje;skille_me_utmattelse;kunnskapsgrunnlag_smalt;alvorlig_syke,"Kortfattet (1 side) innspill: krever at ME/CFS med PEM får egen retningslinje, eventuelt grupperes med andre infeksjonsutløste sykdommer med PEM (Long Covid). Henviser til Open Medicine Foundation, Solve ME, samt The Cell Metabolism group ved UiB og ResetME-studien ved Haukeland som relevant biomedisinsk forskning. Mangler omtale av alvorlig/svært alvorlig ME."
4,"Privatperson (strukturert NICE-orientert, kritisk til GET/CBT-evidens)",,fagperson_privat_sannsynlig,,A_klar,False,18,pem_kjerne;egen_retningslinje;skille_me_utmattelse;skille_pem_status;canadakriteriene_støtte;aktivitet_pacing;autonom_dysfunksjon;ortostatisk_intoleranse;søvnforstyrrelser;smerteproblematikk;sensorisk_overfølsomhet;get_cbt_kritikk;internasjonal_sammenlikning_get_cbt_forlatt;kat_støtte_ikke_kur;implementering_konkret;kliniske_beslutningsstøtter;kvalitetsindikatorer;webinar_savnet,"A_klar med strukturert akademisk tilnærming uten aktivismespråk. Innleder med praktisk prosess-kritikk: 'Det ble presentert et webinar i denne høringsprosessen. Høringsutkastet ble utsatt og når det endelig nå kom er det ikke satt opp tid for webinaret?'. Sentrale faglige forslag: (1) tverrfaglig kartlegging ved ME/CFS-mistanke som inkluderer autonom dysfunksjon, ortostatisk intoleranse, søvnforstyrrelser, smerteproblematikk, sensorisk overfølsomhet og belastningsintoleranse; (2) **klart skille ME/CFS med PEM vs annen utmattelse**; (3) kritisk evaluering av GET/CBT-evidens: 'Tas det hensyn til nyere internasjonal forskning som peker på lav eller ingen effekt av gradert trening (GET) og kognitiv behandling (CBT)? Flere land har i sine retningslinjer gått bort fra disse'; (4) kognitive eller rehabiliterende tilnærminger må presiseres som **STØTTE** til mestring, ikke som **KUR** av selve sykdommen. Substansielt implementeringsforslag: (a) kompetanseheving, (b) tydelige kliniske beslutningsstøtter med handlingsalgoritmer og differensialdiagnostiske sjekklister, (c) strukturert tverrfaglig samarbeid med avklarte henvisningsløp, (d) systematisk involvering av pasient- og erfaringskompetanse, (e) kvalitetsindikatorer, faglige revisjoner og tilbakemeldingssystemer."
40,"Privatperson (69. mal-instans, ren)",,pasient_eller_pårørende_mal_ren,,A_klar,False,2,egen_retningslinje;stan_mal_setning,69. mal-instans.
400,"Norges ME-forening, Rogaland fylkeslag",,,,A_klar,False,8,pem_kjerne;egen_retningslinje;skille_me_utmattelse;kunnskapsgrunnlag_smalt;barn_og_unge;alvorlig_syke;psykologisering;nav_arbeidsliv,"Fylkeslag med 600 medlemmer og 23 års erfaring. Konsis posisjon: krever egen retningslinje for ME/CFS G93.3, anker seg til at WHO klassifiserer ME som nevrologisk sykdom. Kritisk til at biomedisinsk forskning er for lite reflektert i kunnskapsgrunnlaget. Beskriver at ungdomsgruppen i fylkeslaget er 'traumatisert' av møte med hjelpeapparatet."
401,Samarbeid mellom bydel Søndre Nordstrand og OUS,,,,A_klar,False,9,pem_kjerne;skille_me_utmattelse;biopsykososial_kritikk;nice_2021;aktivitet_pacing;kognitiv_terapi_kritikk;kunnskapsgrunnlag_forskning;tjenester_samhandling;kompetanseheving,"Samarbeidsenhet mellom Bydel Søndre Nordstrand og OUS (long covid-fagfelt). Sterk A-side-stemme med internasjonal sammenligning som hovedargument. Påpeker at retningslinjen vil sette Norge utenfor internasjonal konsensus (WHO, CDC, NICE 2021, Tyskland, Nederland, Sverige, Canada, Australia, New Zealand). Refererer 'Nat Comms 2024' (muskelcelleskade etter PEM) og 'PNAS 2025' (Harvard-studie der 70 % av ME/CFS og long covid-pasienter rapporterte forverring etter GET). Vil ha tydelig skille mellom ME/CFS, senfølger covid-19 og uspesifikk fatigue."
402,"Privatperson 1 (e-post-innsendelse, mor)",,pårørende_alvorlig_ung,,A_klar,False,10,pem_kjerne;pem_definisjon;egen_retningslinje;biopsykososial_kritikk;aktivitet_pacing;psykologisering;alvorlig_syke;barn_og_unge;tvang_pasientvern;implementering_konkret,Mor til ung voksen med ME (syk fra 20 år). Forteller om Munchausen by proxy-mistanke fra barnevernet etter at sønnen ble sengeliggende etter ørebetennelse. Barnevernet hadde undersøkelsesprosess over 1 år (langt utover ordinær frist). Beskrevet som 'det mest nedverdigende og belastende' hun har opplevd. Bekymringsmelding utløst av skolefravær ble senere fastslått å være uten lovgrunnlag. Krever at høringsforslaget revurderes.
403,Privatperson 2 (e-post-innsendelse),,fagperson_privat_sannsynlig,,A_klar,False,16,pem_kjerne;pem_definisjon;egen_retningslinje;skille_me_utmattelse;biopsykososial_kritikk;nice_2021;aktivitet_pacing;kognitiv_terapi_kritikk;lp_kritikk;lp_kommersielt;psykologisering;kunnskapsgrunnlag_smalt;kunnskapsgrunnlag_forskning;nav_arbeidsliv;arbeidsgruppe_kritikk;implementering_konkret,"E-post-innsender stiller tre konkrete krav: (1) Ta ME ut av behandlingsveilederen og opprett separat kompetansetjeneste basert på Haukeland-miljøet (Fluge, Mella, Tronstad); (2) Bruk NICE 2021 som mal og sørg for symptomlindring, ikke kognitive teknikker uten klart pasientønske; (3) Strengere forskningskrav – ikke aksepter spørreskjemaer som eneste utfall, krev objektive data (blodprøver, kondisjonstest) fritt nedlastbart. Detaljert definisjonskritikk av biopsykososial, PEM, Recovery Norge, klinisk erfaring, spørreskjemaer. Spesifikk kritikk av Bakken et al. 2023: 14 intervjuede pasienter, 1 historie gjenfortalt – 'ukebladshistorie' med skiftende navn (NLP, TFT, Gupta, LP, MBRT)."
404,Privatperson 3 (Riksrevisjonen 3:7 2020-2021-referanse),,fagperson_privat_sannsynlig_riksrevisjon_referanse,,A_klar,False,11,pem_kjerne;egen_retningslinje;uklar_diagnostisk_avgrensning;klinisk_verktøy_nytte;10000_20000_me_pasienter_norge;folkehelseinstitutt_anslag;funksjonstap_årevis;riksrevisjon_3_7_2020_2021;cfs_me_barn_undersøkelse;ressursbruk_økt;gjentatte_konsultasjoner,"A_klar fagperson-stil med sjeldne konkrete kildereferanser: **Folkehelseinstituttet-anslag** (10 000-20 000 ME-pasienter i Norge), **Riksrevisjonen Dokument 3:7 (2020-2021)** om tilbudet til barn med CFS/ME. Tar konsekvensargumentet om uklar diagnostisk avgrensning og helseøkonomiske kostnader."
405,"Privatperson 4 (engelsk e-post 10. mars, siterer Nina E. Steinkopf)",,pasient_engelsk_steinkopf_referanse,,A_klar,False,8,pem_kjerne;egen_retningslinje;stan_mal_setning;nina_steinkopf_aktivist_referanse;melivet_blogg;engelsk_skrevet;internasjonal_kontakt;eldre_aktivist,Engelsk-skrevet e-post som siterer Nina E. Steinkopfs standardmalsetning. Innsender beskriver seg som eldre person ('older person'). 22. mal-instans (engelsk-oversatt versjon).
406,"Privatperson 5 (e-post-innsendelse, strukturert A_klar)",,pasient_eller_pårørende_informert,,A_klar,False,14,pem_kjerne;pem_kardinalsymptom;egen_retningslinje;skille_me_long_covid_utmattelse;icd_g93_3;biopsykososial_kritikk;aktivitet_pacing;toleransegrenser_individuell;biomedisinsk_dokumentasjon_krav;faglig_svekkelse_ikke_forenkling;rehabilitering_kritikk;videreføring_tidligere_feil;tap_arbeidsevne;tap_skolegang,"Strukturert A_klar e-post-innsendelse. Fire eksplisitte krav: (1) **En egen, selvstendig nasjonal retningslinje for ME (G93.3)**; (2) tydelige diagnostiske avgrensninger mellom ME, Long Covid og øvrige utmattelsestilstander; (3) eksplisitt anerkjennelse av PEM som kardinalsymptom ved ME og styrende prinsipp for behandling og tilrettelegging; (4) at behandlingsanbefalinger som innebærer økt belastning eller aktivitetsopptrapping ikke anvendes på ME uten solid biomedisinsk dokumentasjon for sikkerhet. Sentrale argumenter: å samle disse sykdomsgruppene i én retningslinje er 'ikke en faglig forenkling, men en faglig svekkelse'. Slik tilnærming 'risikerer å videreføre tidligere feil i forståelse og behandling av ME, fremfor å korrigere dem'. Beskriver konkrete konsekvenser av feil behandling: 'tap av arbeidsevne eller skolegang, økt behov for helse- og omsorgstjenester'."
407,"Privatperson 6 (svært alvorlig ME med PTSD, dobbel-erfaring)",,pasient_svært_alvorlig_selv_ptsd,,A_klar,False,13,pem_kjerne;egen_retningslinje;biopsykososial_kritikk;biopsykososial_skadelig_praksis;psykologisering;ptsd_me_forskjell_egenerfaring;alvorlig_grad_synlig;motivasjon_intakt_argument;fysiske_smerter_intense;lyd_lys_sensitivitet;kognitive_funksjoner_nedsatt;hobby_kan_ikke_utføre;biomedisinsk_forskning,"**Pasient med svært alvorlig ME-grad og PTSD-komorbiditet** — dobbel-erfaring som brukes som direkte argument mot biopsykososial forklaringsmodell. Sentralt poeng: 'Det er helt tydelig fysisk forskjell på det å være redd og bli sliten av det, og det å bli sykelig utmattet, få fysiske smerter og kollapse for eksempel av lyd eller lys uten å kjenne noe som helst frykt eller angst i forkant av kollapsen'. **Argumentet 'motivasjon intakt'**: 'Den største forskjellen er at motivasjon, viljen og interesse ikke forsvinner ved ME, men ME-syke kroppen setter stopper for å gjøre ting og være sosial' — sentralt punkt mot psykologisering. Anekdotisk illustrerer: hobbyer som tegning og maling kan ikke utføres pga 'fysiske og kognitive funksjonene er så nedsatte'. Krever egen retningslinje for ME. Påpeker at biopsykososial modell på 'den biologiske ME-sykdommen er helseskadelig i praksis'. Avstår fra å referere biomedisinsk forskning ('Foreningene og de andre ME-syke er mer flinkere til å gjøre det') og bidrar i stedet med egen erfaringsbasert argumentasjon."
408,"Privatperson 7 (e-post, 7-punkts strukturert m/ Røysumtunet)",,pasient_eller_pårørende_informert,,A_klar,False,12,bpa_organisering;røysumtunet_helfo_godkjenning;tidlig_diagnose_rett_hjelp;kommunal_saksbehandlingstid;tvungen_kat_nei;stressmestringskurs_nei;funcap_adl_standard;skjerming_lyd_lys_lukt;ernæring_intoleranser;lav_medisin_toleranse;smittevern_hjemmetjeneste;aktivitetsavpassing_kunnskap,"Strukturert syv-punkts A_klar fra e-post-innsendelse. Konkrete operative forslag: (1) **BPA-organisering** av hjelpen; (2) **Røysumtunet Helfo-godkjenning + flere slike tilbud** — eneste samlede tilbud for alvorlig ME-syke; (3) tidlig diagnose + rett hjelp; (4) **NEI til tvungen KAT/stressmestringskurs** slik NAV praktiserer; (5) FUNCAP/ADL-skjema som standard; (6) **sykehus/institusjons-tilrettelegging**: skjerming (lyd/lys/lukt), ernæring (intoleranser/IBS/diett), lav medisin-toleranse, smittevern, aktivitetsavpassing-kunnskap. **Syv konkrete krav** med høy operativ presisjon."
409,Privatperson 8,,Pasient med høy fagkompetanse,,A_klar,False,16,pem_kjerne;pem_definisjon;egen_retningslinje;skille_me_utmattelse;canadakriteriene_støtte;biopsykososial_kritikk;nice_2021;aktivitet_pacing;kognitiv_terapi_kritikk;kunnskapsgrunnlag_smalt;kunnskapsgrunnlag_forskning;alvorlig_syke;dårlig_prognose;psykologisering;nav_arbeidsliv;implementering_konkret,"Krever at hele utkastet skrotes og at ME/SEID får egen retningslinje basert på vitenskapelig metode. Alternativt: oversett NICE NG206. Leverer omfattende biomedisinsk beskrivelse av ME med 80+ referanser (Nakatomi PET-scan, Younger neuroinflammasjon, van Campen extracranial doppler, 2-day CPET, mitokondriedysfunksjon, autoantistoffer mot cardiolipin, hypoperfusjon). Argumenterer juridisk at GET/CBT er ulovlig ved ME (helsepersonelloven §57) fordi tiltakene er motbevist, ikke bare udokumentert. Krever NAV-relaterte rettsregler om at hensiktsmessig behandling må være dokumentert å øke arbeidsevne. Sterk kritikk av biopsykososial modell som 'høyrepolitisk retorikk'. Refererer Tuller & Vink 2023 om at GET/CBT ikke bedrer arbeidsevne. Leverer egen kritikk av Nerli-studien som metodisk svak. Krever ME-gradering, pleieråd, hjemmehjelpsråd, akutthjelp."
41,"Privatperson (72. mal-instans, ren)",,pasient_eller_pårørende_mal_ren,,A_klar,False,2,egen_retningslinje;stan_mal_setning,"72. mal-instans, ren standardmal."
410,"Privatperson 10 (e-post, paradigmeskifte-bekreftelse)",,pasient_eller_pårørende_mal_pluss,,A_klar,False,7,egen_retningslinje;stan_mal_setning;biomarkører_eminmgen;paradigmeskifte_referanse;biologiske_funn_avvik;internasjonale_veiledere;forsiktighet_pasient_møte,E-post-innsendelse 22. mars 2026. **31. mal-instans** med paradigmeskifte-argument.
411,"Privatperson 9 (britisk senior pediater, internasjonalt foredragsholder)",,fagperson_internasjonal_pediater,,A_klar,False,10,egen_retningslinje;skille_me_utmattelse;internasjonal_fagperson_vitnemål;barneretning;get_kritikk;kat_kritikk;barnevern_threats_internasjonalt;alvorlig_grad_dødsfall;medical_neglect;neglect_internasjonalt,"**INTERNASJONAL FAGSTEMME** — engelskspråklig brev fra en britisk senior pediater med internasjonalt foredragsholder-erfaring (Europa: Norge, Sverige, Holland, Island, Australia). Innsender har vitnet i ankesaker om ME i Norge, Tyskland, Frankrike og Storbritannia. Adressert direkte til Mona Svanteson i Helsedirektoratet (20/3/26), saksnr 24/13487. Innsender uttrykker takk for at direktoratet er åpent for internasjonale synspunkter. Hovedanke: 'I am writing to express my concern at the fact that the draft guideline proposes to merge ME/CFS with other causes of long term fatigue. ME/CFS is a unique condition which requires specific approaches.' Refererer sentralt: 'For too long, ME patients in both our countries have been subjected to disbelief, neglect, mismanagement in terms of Graded Exercise Therapy (GET) and CBT, undue emphasis on alternative psychological issues and at worst threats by social services to remove children from their families. At the very severe end of the spectrum we have had a tragic series of deaths due to medical neglect and mismanagement'. Innsenders pediater-spesialisering gjør innspillet særlig relevant for retningslinjens barne-anbefalinger."
412,Privatperson 3 (samlet innsendelse med vedlegg),,Fagperson (skrevet under privat),,uklar,False,5,arbeidsgruppe_kritikk;kunnskapsgrunnlag_smalt;alvorlig_syke;implementering_konkret;nice_2021,"Strukturert AGREE II-basert metodeinnspill - eksplisitt avgrenset til prosessuelle, metodiske og dokumentasjonsmessige forhold, ikke fagvurderinger av kliniske anbefalinger. Sammenligner Hdir-utkastet med NICE NG206 (2021). Domeneskårer viser at Hdir-utkastet ligger 22-42 prosentpoeng lavere enn NG206 på tre domener (Rigour of Development, Applicability, Editorial Independence). Leverer syv konkrete forbedringspunkter: (1) Todelt dissens i arbeidsgruppen er ubalansert dokumentert - fagdissenser i kap. 1, brukerdissenser kun publisert i ZIP-fil og ikke omtalt i retningslinjen; (2) Individuelle habilitetsskjemaer for 21 arbeidsgruppemedlemmer er ikke publisert; (3) Oppdraget fra HOD er ikke referert, og tittelavvik mellom oppdrag ('av uklar årsak') og leveranse; (4) Populasjonsbredde uten konsekvent differensiering; (5) Prosedyre for fremtidige revisjoner ikke spesifisert; (6) Implementeringsverktøy, monitoring-kriterier og ressursestimater fraværende (Domain 5 = 37,5 %); (7) Strukturell differensiering av alvorlig syke mindre tydelig enn i NG206 - foreslår dedikert seksjon etter NG206 1.17. Innspillet konkluderer at samtlige punkter kan adresseres før publisering uten at anbefalingene endres."
413,"Privatperson 4-1 (mor til ME-pasient, USA/England/Tyskland-mal)",,pårørende_mor_me_barn,,A_klar,False,8,pem_kjerne;egen_retningslinje;skille_me_utmattelse;biomedisinsk_lidelse;usa_england_tyskland;nyere_forskning;mor_pårørende;katastrofe_feilbehandling,Pårørende-mor til ME-pasient. Krever separat retningslinje for ME med PEM (G93.3).
414,"Privatperson 4-2 (e-post-innsendelse, prosess-strukturkritikk)",,fagperson_privat_sannsynlig,,A_klar,False,19,pem_kjerne;egen_retningslinje;skille_me_utmattelse;canadakriteriene_støtte;icd_g93_3;nice_2021;iom_referanse;who_referanse;arbeidsgruppe_kritikk;prosess_kritikk;brukermedvirkning_svak;biopsykososial_kritikk;kreft_43_retningslinjer;alvorlig_grad_synlig;alvorlig_grad_bpa;kompetansetjeneste_nedlegges;termkatalog_savnes;støtter_dissens;restart_anbefaling,"Strukturert prosess-kritisk innspill med tydelig fagperson_privat-stil. Hovedanke: 'Hvorfor gis det ut et høringsutkast som 4 «arbeidsgruppe»-deltakere tar dissens fra før det er kommet ut? Og som ytterligere 3 tar dissens fra i løpet av kort tid?' Krever at høringsutkastet trekkes og retningslinjearbeidet restartes, med en ny gruppe og aktiv referansegruppeinvolvering før neste høring. Substantielt: hvis felles sekk skal beholdes, må den ha 'ulike rom' som skiller mellom 'ME etter strenge kriterier med PEM og diagnosekode G 93.3, og de som ikke har ME etter strenge kriterier med PEM'. Refererer NICE, IOM (Institute of Medicine) og WHO som internasjonalt grunnlag, advarer mot 'noe særnorskt'. Eksplisitt foreslår at: (1) Kompetansetjenesten for CFS/ME (omdøper det til 'inkompetansetjenesten') legges ned umiddelbart, (2) det utarbeides en termkatalog, (3) 'Biopsykososiale ressurser skal ikke være med på å utarbeide retningslinjene for ME med PEM', (4) PEM behandles som målbar, biomedisinsk reaksjon på overbelastning, (5) ME-pasientforeningene gis betalt oppdrag for å lage utkast. Refererer kreft-argumentet (43 retningslinjer) som motbevis mot direktoratets påstand om at felles sekk forenkler for fastleger."
415,"Privatperson 4-4 (e-post, WHO 50 år + FAFO + komorbiditets-liste)",,pasient_eller_pårørende_informert_komorbiditeter,,A_klar,False,11,pem_kjerne;egen_retningslinje;who_50_år_klassifisering;fafo_rapport;fysiologiske_endringer_dokumentert;komorbiditets_liste_lang;søvn_restitusjon;migrene_fibromyalgi;mage_tarm;næringsstoff_opptak;lys_lyd_intoleranse,"A_klar e-post 4. mai 2026. Hovedanke: 'WHO har hatt en klar oppfatning av sykdommen i over 50 år noe som Norge nekter for'. Refererer FAFO-rapport. Lister opp omfattende komorbiditets-spektrum: søvn-problemer, migrene, fibromyalgi, hjerteproblemer, svimmelhet, mage/tarm, næringsopptak, lys/lyd-intoleranse."
416,"Privatperson 4-5 (e-post, somatisk utredning-fokus)",,pasient_eller_pårørende_informert,,A_klar,False,8,pem_kjerne;egen_retningslinje;grundigere_somatisk_utredning;unge_kvinner_fokus;ekg_test_minimum;nice_forankring;biopsykososial_utdatert;helhet_se_etter,"A_klar e-post. **Krav om grundigere somatisk utredning, spesielt unge kvinner. EKG-test som minimum**. Nice-forankring + (bio)psykososial avvisning."
417,Privatperson 4-6,,Pasient,,A_klar,False,14,pem_kjerne;egen_retningslinje;skille_me_utmattelse;canadakriteriene_støtte;biopsykososial_kritikk;nice_2021;aktivitet_pacing;kognitiv_terapi_kritikk;lp_kritikk;kunnskapsgrunnlag_forskning;alvorlig_syke;barn_og_unge;psykologisering;tvang_pasientvern,"Pasient leverer detaljert kritikk og endringsforslag. Krever egen retningslinje for ME med PEM (eventuelt med Long Covid i adskilte kapitler), og en separat for generell utmattelse som henviser til ME-retningslinjen. Avviser argumentet om fastlegenes bekvemmelighet. Kjernekrav: pasienter som ønsker biomedisinsk tilnærming skal ha krav på å få hjelp fra helsepersonell med slik tilnærming - fastlege, NAV, barnevern eller PPT skal ikke overprøve dette. Påpeker at 'tenk positivt'-tilnærminger gir stor fare for forverring via PEM. Anerkjenner at noen enkeltkasus rapporterer bedring fra 'reprogrammering av hjernen' eller alternative midler, men disse er for få til å vises i arbeidsstatistikken."
418,"Privatperson 4-7 (e-post-innsendelse, svært alvorlig grad)",,pasient_svært_alvorlig_selv,,A_modifisert,False,12,alvorlig_grad_synlig;alvorlig_grad_bpa;alvorlig_grad_pleieråd;fastlege_kritikk;nav_kritikk;system_hat_opplevelse;medisin_uten_indikasjon;egenfinansiering_uholdbar;immunsvikt_komorbiditet;assistent_mangel;lidelsestrykk_dokumentert;fastlege_hjemmebesøk_problem,"Svært alvorlig grad ME-pasient med immunsvikt-komorbiditet og dokumentert dramatisk forverring av tilstanden over 2 år. Innspillet er fritt-formulert og fragmentarisk, fokusert på konkret elendighet: assistent 6 timer i uken som er sykmeldt, fastlege som ikke dukker opp ved hjemmebesøk men krever betaling, leger som ikke svarer på e-konsultasjoner, avslag på fornyelse av slittsate hjelpemidler, betalt over 2 millioner i private tjenester uten lenger lånekapasitet. **Innsender beskriver eksplisitte tanker om å avslutte livet** ('Ser det å forlate verden som snart eneste løsning, helt reelt, planlegger for det, gjort det lenge nå') — innspillet dokumenterer både lidelsestrykk og systemets manglende respons. Hovedanke om retningslinjen: legene må få lov til å skrive ut medisiner som kan hjelpe selv om det mangler indikasjon for det, og det må tas hensyn til alvorlig ME. Selv-rapportert opplevelse av 'hat' fra leger og myndigheter etter at man har fått ME-diagnose."
419,Privatperson 4-8 (e-post),,pasient_eller_pårørende_informert,,A_klar,False,4,pem_kjerne;egen_retningslinje;nice_forankring;biopsykososial_utdatert_motbevist,"Standard A_klar e-post, samme struktur som id 448, 444, 439."
42,"Privatperson (78. mal-instans, ren)",,pasient_eller_pårørende_mal_ren,,A_klar,False,2,egen_retningslinje;stan_mal_setning,"78. mal-instans, ren standardmal."
420,"Privatperson 4-9 (e-post-innsendelse, WHO/biopsykosomatikk-kritisk)",,pårørende_eller_pasient_informert,,A_klar,False,17,pem_kjerne;ortostatisk_intoleranse;who_referanse;who_fraråder_get_kat;egen_retningslinje;skille_me_utmattelse;canadakriteriene_støtte;biopsykososial_kritikk;psykologisering;kognitiv_terapi_kritikk;lightning_process_skadelig;tjenesten_og_meg;kielland_liu_fafo_sintef;haukeland_fluge_mella;biomedisinsk_forskning;arbeidsgruppe_kritikk;støtter_dissens,"Strukturert A_klar med WHO som ankerstilling. Åpner med listede WHO-referanser: WHO fraråder kognitiv terapi og gradert trening/aktivitet ved ME, holder PEM og ortostatisk intoleranse som røde flagg i oppfølging av både ME og LC. Refererer at USA og Storbrittania støtter WHO-linjen og har egne veiledere for ME og post-virale utmattelsessykdommer. Britiske helsemyndigheter fraråder Lightning Process. Eksplisitt påstand: 'Helsedirektoratet velger å se på ME som en psykosomatisk sykdom'. Refererer fire kjernekilder som direktoratet ikke har lyttet til: (1) nyere biomedisinsk forskning, (2) Fafo/Sintef-rapporten ved Kielland og Liu om dårlig prognose med dagens terapeutiske tilbud (10-20 år), (3) ME-foreningens brukerundersøkelser, (4) Haukeland-forskergruppen. Kritisk til arbeidsgruppesammensetning: 'Flertallet i gruppen har en biopsykosomatisk tilnærming til ME. Hvordan kan det forsvares ved fysisk sykdom?'. Implisitt støtte til brukerdissensene."
421,"Privatperson 4-10 (e-post, opportunistiske aktører-anklage, 16 referanser-kritikk)",,pasient_eller_pårørende_informert,,A_klar,False,11,pem_kjerne;egen_retningslinje;icd_g93_3;long_covid_pem_kombineres;skille_me_utmattelse;uklare_anbefalinger;16_referanser_for_tynt;opportunistiske_aktører_tjener_på_sårbare;studier_utmattelse_ikke_overførbar_me;nyere_forskning_ignorert;evidensgrunnlag_inkonsistent,"A_klar e-post-innsendelse sendt 3. mai 2026. Hovedanke: 'Det må lages en egen retningslinje for ME, G93.3 evt sammen med Long covid med PEM'. **To substansielle kritikkpunkter**: (1) **16 referanser er for tynt**: 'Det har i arbeidet vært vist for liten interesse til nyere forskning og kun tatt med 16 referanser, det er tynt'; (2) **opportunistiske aktører-anklage**: 'At retningslinjen er utydelig og blander sammen ME med utmattelse er å legge til rette for at opportunistiske aktører kan tjene på sårbare pasienter. Det er i så fall Helsedirektoratet sitt valg'. **Metodologisk argument identisk med id 437 og id 97**: 'Studier på utmattelse kan ikke brukes som begrunnelse for behandlingsråd for pasienter med ME med pem'."
422,Privatperson 4-11 (6 privatpersoner samlet),,"Pasienter, ektefeller og foreldre til pasienter (samlet innspill)",,A_klar,False,13,pem_kjerne;egen_retningslinje;skille_me_utmattelse;canadakriteriene_støtte;biopsykososial_kritikk;nice_2021;aktivitet_pacing;kognitiv_terapi_kritikk;kunnskapsgrunnlag_smalt;kunnskapsgrunnlag_forskning;alvorlig_syke;psykologisering;arbeidsgruppe_kritikk,"Samlet innspill fra seks privatpersoner (2 pasienter, 2 ektefeller, 2 foreldre). Sterk A-side-stemme. Krever at biopsykososialforståelse kun brukes som ramme for støtte, ikke som årsaksforklaring. Vil ha CDC-formulering: 'ME/CFS is a biological illness, not a psychologic disorder'. Refererer Hanson, Rowe & Visser (2021) om cellulær og mitokondriell dysfunksjon. Hovedforslag: egen retningslinje for ME og long covid, eller tydeligere strukturell adskillelse. Påpeker at arbeidsgruppen er ubalansert: 'En representant fra stor organisasjon som ME-foreningen, mens man gir to plasser til en liten organisasjon som RN' - klart kritikk av Recovery Norges innflytelse. Refererer Kielland-publikasjon (PubMed 37114822) som viser at PEM-score er en sterk determinant for behandlingstoleranse."
423,Privatperson 4-12 (e-post-innsendelse),,pasient_selv,,A_klar,False,18,pem_kjerne;pem_definisjon;egen_retningslinje;skille_me_utmattelse;canadakriteriene_støtte;biopsykososial_kritikk;nice_2021;aktivitet_pacing;kognitiv_terapi_kritikk;lp_kritikk;lp_kommersielt;psykologisering;nocebo;dårlig_prognose;alvorlig_syke;tjenester_samhandling;kunnskapsgrunnlag_brukererfaring;tilfriskning_håp,"Pasient med Canadakriterie-diagnose gjennom mange år som krever egne retningslinjer for ME/CFS med PEM. Felles retningslinjer for all langvarig utmattelse risikerer å gi uvirksomme og potensielt skadelige råd til begge grupper. Mest fyldige LP-kritikk i hele materialet: dokumenterer Phil Parkers alternativmedisinske bakgrunn (healing, NLP), siterer NICE 2021 NG206 kap. 1.12.27 om at LP ikke skal tilbys, og NAFKAMs klassifisering av LP og NLP som alternativbehandling. Insisterer på informert samtykke ved CBT/GET/LP og at slike intervensjoner kun skal gis av kvalifisert helsepersonell. Avviser «håp»-retorikken som urealistisk; viser til at solskinnshistorier ofte handler om LP der det å si at man er frisk er del av metoden. Personlig erfaring beskriver hvordan helsepersonell ofte må «se det selv» før de tror på PEM-forverring, noe som krever stadig gjentatt forklaring og forsterker behovet for tydelige retningslinjer."
424,Nina E. Steinkopf (melivet.com),"Privatperson — navngitt (Nina E. Steinkopf, bekreftet via melivet.com 2. mai 2026)",kjent_aktivist_identifisert,,A_klar,False,20,pem_kjerne;pem_definisjon;egen_retningslinje;skille_me_utmattelse;canadakriteriene_støtte;biopsykososial_kritikk;nice_2021;aktivitet_pacing;kognitiv_terapi_kritikk;lp_kritikk;lp_kommersielt;kunnskapsgrunnlag_smalt;kunnskapsgrunnlag_brukererfaring;arbeidsgruppe_kritikk;alvorlig_syke;psykologisering;nav_arbeidsliv;tjenester_samhandling;støtter_dissens;implementering_konkret,"25-siders sterkt dokumentert protestinnsendelse fra ME-aktivist (innholdet kobles til Nina E. Steinkopfs domene melivet.com gjennom flere selvreferanser i fotnotene). Krever en egen retningslinje kun for ME (G93.3). Sentral argumentasjon: Helse- og omsorgsdepartementets oppdrag fra 2018 om pakkeforløp er en videreføring av MUPS-tenkning (medisinsk uforklarte plager/symptomer), som ME aldri har vært. Bygger på Eva Stormorkens utredning fra 2008 om at ME ikke hører hjemme i MUPS. Helsedirektoratets evaluering fra 2018 fant at Nasjonal kompetansetjeneste for CFS/ME ikke hadde dokumentert effekt. Mener flertallet av arbeidsgruppens 21 medlemmer har psykosomatisk tilnærming – kun ca. 1 lege og 3 brukerrepresentanter med biomedisinsk tilnærming. Detaljert kritikk av kunnskapsgrunnlaget: 16 referanser (mot 234 for hjerte-kar og 503 for diabetes), unngår NICE 2021 referert i stedet til omdiskutert dansk rapport, SIPCOV-studiens Y-akse-feil dokumentert, ME-foreningens brukerundersøkelser ikke inkludert. Støtter alle tre dissensene (Schei, Thorsen, Mørch-Storstein) og oppropet om egen ME-retningslinje (3034 underskrifter). Refererer Kielland & Lius lønnsstudie som dokumenterer at under 1% blir friske nok til fullt arbeid. Krever Kompetansetjenesten nedlagt eller med ny biomedisinsk ledelse."
425,"Privatperson 4-14 (strukturert seks-punkts-innspill, NICE-mal)",,fagperson_privat_sannsynlig_metodologisk,,A_klar,False,9,pem_kjerne;egen_retningslinje;nice_get_lp_frarådes;intervensjon_risiko_eksplisitt_frarådes;pasientsikkerhet;alvorlighetsgrad_funksjonstap;biomedisinsk_evidens;internasjonal_harmonisering;pacing_strengt_symptomstyrt,"Substansielt 6-punkts strukturert A_klar. Eksplisitt krav om at GET og LP eksplisitt frarådes, parallel NICE. 'Pacing strengt symptomstyrt'."
426,"Privatperson 4-15 (e-post, NICE+IOM-forankring)",,pasient_eller_pårørende_aktivist,,A_klar,False,6,egen_retningslinje;stan_mal_variant;biomedisinsk_forskning;nice_iom_kunnskapsoppsummering;faglig_forsvarlig_term;alvor_ansvar_hdir,E-post 3. mai 2026. Mal-variant ('ikke faglig forsvarlig' istedenfor 'ikke hensiktsmessig'). NICE+IOM-forankring.
427,"Privatperson 4-18 (e-post, pårørende + helsepersonell dobbeltrolle)",,fagperson_privat_pårørende,,A_klar,False,10,pem_kjerne;egen_retningslinje;skille_me_utmattelse;fagperson_pårørende_dobbeltrolle;tjenesten_og_meg_referanse;fafo_sintef_kvalitativ;helhetlig_oppfølging_mangler;kunnskap_helsetjenester_mangler;tillit_trygghet_formål_ikke_oppfylt;formål_kollisjon,"A_klar e-post-innsendelse fra **pårørende-helsepersonell dobbeltrolle**: 'Jeg er pårørende, men også helsepersonell som ønsker å komme med innspill'. Hovedanke: krav om egen retningslinje for ME med separasjon fra langvarig utmattelse. Refererer **Tjenesten og MEg (Fafo/Sintef)**-prosjektet: 'Prosjektet... sine kvalitative intervjuer og spørreundersøkelser fant man utfordringer som manglende helhetlig oppfølging, varierende tilgang til støtte og manglende kunnskap i tjenestene'. Argumenterer at retningslinjen IKKE oppfyller sitt eget formål (helsepersonell skal oppleve å ha tydelige råd, tillit og trygghet). Sentralt poeng: 'Slik jeg ser det er det uklart hvordan gi rett helsehjelp til ME syke uten å gjøre de sykere, det vil tvert imot ikke skape tillit mellom partene'."
428,"Privatperson 4-19 (pårørende alvorlig ME-syk sønn, 15 år omsorgserfaring)",,pårørende_alvorlig_syke,,A_klar,False,14,pem_kjerne;egen_retningslinje;skille_me_utmattelse;canadakriteriene_støtte;icd_g93_3;alvorlig_grad_synlig;alvorlig_grad_bpa;biopsykososial_kritikk;psykologisering;aktivitet_pacing;kompetansetjeneste_me_forening;brukermedvirkning_svak;implementering_konkret;diagnoseforsinkelse_skade,"Pårørende med 15 års omfattende omsorgsansvar for alvorlig ME-syk sønn. Krever egen retningslinje for ME etter WHO ICD-10 G93.3. Refererer eksplisitt og siterer Norges ME-forenings assisterende generalsekretær Trude Scheis artikkel 'Gode intensjoner, men ingen konkrete råd', og ME-foreningens brukerundersøkelse 'De alvorligste ME-syke: Sykdomsbyrde og hjelpetilbud — Når nøden er størst er hjelpen nærmest borte' (nær 600 respondenter). Innsenders egen sønn er én av disse. Hovedanke om brukermedvirkning: innspill fra Norges ME-forening, ME-foreldrene og Norsk Covidforening ikke 'tatt tilstrekkelig på alvor — brukermedvirkningen synes å være et spill for galleriet'. Detaljerer egne erfaringer: forsinket diagnose, sen aktivitetsavpasning, fastleger og sykehus uten PEM-kunnskap, ME-syke barn risikerer skade i 6-måneders ventetid før diagnose. Krever at PEM forklares og kartlegges tidlig."
429,"Privatperson 4-20 (e-post, ME-pasient + Long Covid-pårørende)",,pasient_me_pårørende_long_covid,,A_klar,False,8,pem_kjerne;egen_retningslinje;skille_me_utmattelse;skille_me_long_covid_utmattelse;biomedisinsk_forskning;feilbehandling_livslange_konsekvenser;makten_ansvar;pasientsikkerhet_kjerne,"A_klar e-post 3. mai 2026. Innsender er ME-pasient + pårørende til Long Covid-pasient. Hovedanke: 'Det finnes veldig mange sykdommer og tilstander som har utmattelse som et viktig symptom, men som naturlig nok allikevel ikke blir blandet sammen'. Refererer makt-ansvar-asymmetri: 'Dere har nå makten til å forme livene og fremtiden til veldig mange mennesker, og med den makten følger det et enormt ansvar'."
43,"Privatperson (habilitet-/prosess-kritikk, 'konverteringsterapi'-anklage)",,fagperson_privat_sannsynlig,,A_klar,False,11,recovery_norge_kritikk;recovery_norge_konverteringsterapi;recovery_norge_kurssalg;habilitet_kritikk;interessekonflikter;biopsykososial_kritikk;biopsykososial_særskilt_bruk;reevaluering_diagnose_kritikk;amputasjon_parallell_satire;diagnose_livslang_svingende;webinar_27_2_26_kritikk,"A_klar med strukturerte punkter rettet mot habilitet og prosess i retningslinjearbeidet. Refererer eksplisitt webinaret 27.2.26 og utsagn derfra. **Tre konkrete kritikkpunkter**: (1) **Recovery Norge — 'konverteringsterapi'-anklage**: 'Recovery Norges metode innebærer at syke skal si stopp til sykdommen og erklære seg friske gjennom tanke- og atferdsendring. Dette ER konverteringsterapi rettet mot syke mennesker. Organisasjonen selger kurs til desperate pasienter. Når en aktør som tjener penger på slike kurs inkluderes i arbeidet med nasjonale retningslinjer for samme pasientgruppe, reiser det alvorlige spørsmål om habilitet og interessekonflikter'. (2) **Biopsykososial modell — selektiv bruk**: 'Er denne modellen grunnlag i alle somatiske retningslinjer, eller brukes den særskilt ved ME? Hvis den brukes selektivt her, må det begrunnes'. (3) **Reevaluering**: Prosjektleder sa at pasienter diagnostisert for lenge siden bør reevalueres. Innsender bruker USA-amputasjon-parallell som satirisk illustrasjon på hvor absurd dette kan bli ('trygdeetaten kontrollerte om en mann fortsatt manglet et bein'). Argumenterer at 'ME er for mange livslang, men svinger i alvorlighetsgrad'."
430,"Privatperson 4-21 (e-post, IOM 2015-referanse)",,pasient_eller_pårørende_informert,,A_klar,False,10,pem_kjerne;egen_retningslinje;iom_rapport_2015_referanse;fysisk_systemsykdom;metabolske_avvik;immunologiske_avvik;skarpt_skille_krav;nice_2021;internasjonal_konsensus;symptomlindring_vs_systemsykdom,"A_klar e-post med fokus på **IOM-rapporten 2015** som internasjonal forankring: 'ME defineres som en alvorlig, fysisk systemsykdom. ME-pasienter har dokumenterte metabolske og immunologiske avvik som skiller dem fra den generelle populasjonen med langvarig utmattelse'. Hovedkrav: 'skarpt skille mellom symptomlindring ved generell utmattelse og håndtering av den komplekse systemsykdommen ME/CFS'."
431,"Privatperson 4-22 (e-post, Master i farmasi, ME-syk i 12 år)",,fagperson_privat_identifisert,,A_klar,False,11,pem_kjerne;pem_definisjon;egen_retningslinje;skille_me_utmattelse;canadakriteriene_støtte;biopsykososial_kritikk;nice_2021;aktivitet_pacing;kunnskapsgrunnlag_smalt;kunnskapsgrunnlag_brukererfaring;implementering_konkret,"Privatperson identifiserer seg som 'Master i farmasi og ME-syk i 12 år'. Krever skille mellom uspesifikk/langvarig utmattelse og ME/CFS som egen klinisk tilstand. Bruker N/A for spørsmål uten svar – metodisk strukturert. Henviser til IOM 2015, NICE 2021 og Tjenesten og MEg som må omtales tydeligere. Krever PEM definert mye tydeligere. ME-foreningen og ME-foreldrenes innspill må vektlegges. Innspillet er strukturert kapittel for kapittel."
432,"Privatperson 4-23 (e-post-innsendelse, 7 vedlegg)",,fagperson_privat_sannsynlig,,A_klar,False,12,pem_kjerne;pem_definisjon;egen_retningslinje;skille_me_utmattelse;biopsykososial_kritikk;nice_2021;aktivitet_pacing;kunnskapsgrunnlag_forskning;kunnskapsgrunnlag_smalt;implementering_konkret;barn_sårbar;long_covid_parallell,"E-post-innsender med strukturert syvpunkts metodologisk kritikk. Anerkjenner at retningslinjen ikke anbefaler GET/CBT som behandling, men argumenterer at den 'operasjonaliserer ikke fullt ut den nye kunnskapen i konkrete, tydelige, beskyttende anbefalinger'. Hovedanke: gapet mellom forskningens objektivitetsnivå (2-dagers CPET, invasiv CPET, proteomikk/metabolomikk, fMRI/DMN-funn, mikroklotting) og retningslinjens 'relativt klinisk/observasjonsbaserte praksisnivå'. Bekymret for at 'små språklige åpninger' kring 'helhetlig kartlegging', 'mestring', 'tilpasning' og 'psykososiale forhold' brukes til å holde liv i utdaterte modeller. Etterlyser eksplisitt advarsel mot enhver aktivitetsøkning som ikke er strengt symptomstyrt, systematisk integrasjon av Long Covid-forskning, og at beskyttelse mot PEM går foran deltakelsesmål for barn."
433,"Privatperson 4-24 (tilleggsinnspill etter frist, fagteknisk presist)",,fagperson_privat_sannsynlig,,A_klar,False,10,pem_kjerne;egen_retningslinje;multisystemisk_sykdom;nevrologisk_immunologisk_autonom;patologisk_belastningsrespons;forsinket_debut_restitusjon;begrepsbruk_pasientsikkerhet;bagatellisering_alvorlighet;tillit_pasient_helsevesen_redusert;internasjonale_anbefalinger,"Tilleggsinnspill levert etter frist. Fagteknisk presis A_klar. Sentral artikulering: 'ME er ikke utmattelse. Å beskrive sykdommen på denne måten er faglig unøyaktig og får direkte konsekvenser for diagnostikk, behandling og pasientsikkerhet'. Konsekvenser av feil begrepsbruk listet: bagatellisering, manglende forståelse, feilaktige råd, redusert tillit. **'Feil begrepsbruk er ikke bare et språklig problem – det er et pasientsikkerhetsproblem'**."
434,Privatperson 4-25 (e-post-innsendelse),,pasient_aktivist,,A_klar,False,15,pem_kjerne;pem_definisjon;egen_retningslinje;skille_me_utmattelse;canadakriteriene_støtte;biopsykososial_kritikk;nice_2021;aktivitet_pacing;kognitiv_terapi_kritikk;lp_kritikk;kunnskapsgrunnlag_smalt;kunnskapsgrunnlag_forskning;alvorlig_syke;nav_arbeidsliv;implementering_konkret,"E-post-innsender (pasient) krever egen retningslinje for ME (G93.3) og at høringsutkastet trekkes tilbake. Bidrar med detaljerte komorbiditetsestimater: POTS hos 30-50% av ME-pasienter (refererer PMC12998959), MCAS 15-30%, hypermobilitet/Ehlers-Danlos 20-40%. Påpeker at biopsykososial hovedforståelse er et 'særnordisk fenomen'. Argumenterer at 94% av pasienter ble verre av rehabiliteringsopphold (Fafo 2023). Krever Long Covid omtalt spesifikt. Avslutter med kritikk av 'giftig positivitet' om håp og forventninger."
435,Privatperson 4-26 (e-post-innsendelse),,fagperson_privat_sannsynlig,,A_klar,False,16,pem_kjerne;pem_definisjon;egen_retningslinje;canadakriteriene_støtte;biopsykososial_kritikk;nice_2021;aktivitet_pacing;lp_kritikk;lp_kommersielt;psykologisering;kunnskapsgrunnlag_smalt;kunnskapsgrunnlag_forskning;kunnskapsgrunnlag_brukererfaring;arbeidsgruppe_kritikk;alvorlig_syke;implementering_konkret,"Privatpersonen krever at hele høringsutkastet forkastes og at ny arbeidsgruppe nedsettes for å lage kunnskapsbasert retningslinje for ME (G93.3/8E49). Detaljert prosesskritikk: arbeidsgruppens skjeve sammensetning (1 av 16 biomedisinsk), Recovery Norge fikk 2 plasser (<300 medl.) mens ME-foreningen/ME-foreldrene/Covidforeningen fikk 1 hver (>8000 medl.), psykosomatisk miljø invitert til innspillsmøter, biomedisinsk forskningsmiljø i Bergen utelukket først. Påpeker 107 referanser i dagens veileder mot 16 i utkastet. Henviser til Bateman Horne Centers Clinical Care Guide 2025 og Cohen Centers IACCI Provider Manual 2026 som strukturelle modeller. Sterk LP-kritikk med BBC og Aftenposten-referanser."
436,"Privatperson 4-27 (e-post, helsefaglige privatpersoner kollektivt)",,fagperson_privat_kollektiv,,A_klar,False,13,pem_kjerne;pem_definisjon;egen_retningslinje;canadakriteriene_støtte;biopsykososial_kritikk;kognitiv_terapi_kritikk;nice_2021;aktivitet_pacing;psykologisering;kunnskapsgrunnlag_smalt;tvang_pasientvern;implementering_konkret;arbeidsgruppe_kritikk,"Kollektivt innspill fra helsefaglige privatpersoner som har omsorg for ME-syke familiemedlemmer (to har selv ME). Viser til tidligere bekymring sendt ME-foreningen 21.10.2025 og KAT-veileder (journalpost 24/13487-18 og -19). Vitne til alvorlige overgrep og rettssikkerhetsutfordringer i møte med helsevesen, NAV og barnevern. To av forfatterne er kontaktpersoner for de sykeste og for barn/unge i ME-foreningen. Spesielt bekymret for at utkastet ikke anerkjenner ME som egen sykdom – mer kompleks enn annen langvarig utmattelse."
437,"Privatperson 4-28 (e-post, Canada vs Oxford/CDC-Fukuda-evidensanalyse)",,fagperson_privat_sannsynlig,,A_klar,False,16,pem_kjerne;pem_obligat_canadakriteriene;egen_retningslinje;skille_me_utmattelse;canadakriteriene_støtte;oxford_kriterier_bredere;cdc_fukuda_kriterier_bredere;evidensgrunnlag_inkonsistent;pem_ikke_obligat_andre_kriterier;biopsykososial_kritikk;psykologisering;aktivitet_pacing;kunnskapsgrunnlag_internasjonalt;diagnostisk_presisjon;uklar_avgrensning;etablert_medisinsk_diagnose,"Strukturert A_klar fagperson_privat-innspill med substansiell metodologisk argumentasjon. Hovedanke: 'Retningslinjen anbefaler diagnostikk etter Canadakriteriene, hvor anstrengelsesutløst symptomforverring (PEM) er et obligatorisk kriterium. Evidensgrunnlaget for anbefalte tiltak er imidlertid i stor grad basert på studier med bredere inklusjonskriterier, særlig Oxford- og CDC/Fukuda-kriteriene, hvor PEM ikke er obligat'. Dette er et fundamental forskningsmetodologisk argument: tiltak utviklet/testet på pasienter som ikke nødvendigvis har PEM kan ikke uten videre overføres til ME-pasienter med PEM som obligat kriterium. Argument-strukturen er nær identisk-akademisk: (1) etablert diagnose-status, (2) uklar avgrensning i kapittel 1, (3) diagnosekriterier vs evidens-konsistens-problem. Hovedforslag: tydeliggjøring av hvilken pasientgruppe retningslinjen omfatter, og at evidensgrunnlaget må samsvare med diagnosekriteriene som benyttes."
438,"Privatperson 4-29 (e-post-innsendelse, NICE/WHO-strukturert)",,fagperson_privat_sannsynlig,,A_klar,False,13,pem_kjerne;pem_definisjon;egen_retningslinje;skille_me_utmattelse;canadakriteriene_støtte;nice_2021;who_referanse;me_definisjon_myalgisk;multisystemisk_sykdom;biopsykososial_kritikk;aktivitet_pacing;kunnskapsgrunnlag_internasjonalt;diagnostisk_presisjon,"Strukturert e-post-innsendelse som åpner med 'jeg kan ikke støtte høringsutkastet i sin nåværende form'. Hovedanke: retningslinjen 'viderefører en forståelsesmodell og tilnærming til behandling som i økende grad er forlatt etter grundige metodiske gjennomganger internasjonalt'. Sammenblandingen av ME/CFS med andre former for langvarig utmattelse svekker både diagnostisk presisjon og relevansen av tiltak. Refererer eksplisitt WHO og NICE 2021. Etymologisk presisering: ME står for myalgisk encefalomyelitt — sykdom som påvirker både muskler og nervesystem, ikke kun energinivå. Refererer Canada-kriteriene som diagnostisk grunnlag for å forstå multisystemisk symptombilde (utmattelse + post-belastningsforverring + søvnforstyrrelser + smerter + nevrologiske/kognitive symptomer)."
439,Privatperson 4-30 (e-post sent 4. mai),,pasient_eller_pårørende_informert,,A_klar,False,5,pem_kjerne;egen_retningslinje;systemisk_sykdom;nice_forankring;biopsykososial_utdatert,Standard A_klar e-post. NICE-forankring + biopsykososial avvising.
44,"Privatperson (under utredning, PEM, tilråding 9+11-kritikk)",,pasient_under_utredning_nynorsk,,A_klar,False,7,pem_kjerne;under_utredning;tilråding_9_11_spesifikk_kritikk;funksjonsfremjande_pressede_skadelig;sjukdomsforverring_risiko;varig_helsetap;nynorsk,Nynorsk A_klar. **Spesifikk kritikk av tilrådning 9 og 11** med krav om tydeligjøring at PEM-pasienter ikke skal presses til funksjonsfremjende tiltak.
440,"Privatperson 4-31 (e-post-innsendelse, eksplisitt realfaglig bakgrunn)",,fagperson_privat_identifisert_realfag,,A_klar,False,19,pem_kjerne;pem_definisjon;egen_retningslinje;skille_me_utmattelse;canadakriteriene_støtte;nice_2021;icd_g93_3;icd_11_8e49;biopsykososial_kritikk;psykologisering;aktivitet_pacing;kunnskapsgrunnlag_smalt;kunnskapsgrunnlag_forskning;tjenesten_og_meg;rehabilitering_kritikk;implementering_konkret;newage_kritikk;logisk_brist_diagnose;cpet_referanse,"E-post-innsender med eksplisitt deklarert realfaglig bakgrunn. Hovedanke: retningslinjen er bygget på en 'logisk brist, uten reell faglig forankring' – Helsedirektoratet har valgt å inkludere ME/CFS i en bred utmattelsesretningslinje samtidig som det eksisterer minst 30 andre sykdommer/tilstander der utmattelse også opptrer (lister konkret: MS, Parkinsons, hjerneslag, søvnapné, Long Covid, AIDS, borreliose, Lupus, RA, Sjögren, sarkoidose, kreftrelatert fatigue, KOLS, hypotyreose mfl). Krever egen retningslinje for ME definert etter Canada-kriteriene, koblet til WHO ICD-10 G93.3 og ICD-11 8E49 (nevrologisk klassifisering siden 2022). Etterlyser at NICE NG206 (oktober 2021) ikke er tatt med blant kunnskapsgrunnlaget, og påpeker at helsedirektøren sitter i WHOs globale styre. Refererer Tjenesten og MEg (Fafo/SINTEF rapport september 2023) som dokumenterer at 'systemisk og symbolsk vold' utøves mot ME-pasienter, og at få returnerer til arbeid etter pålagte rehabiliteringsopphold. Avslutter med eksplisitt avvisning av både ordinære rehabiliteringsopphold og 'mirakelkurer med basis i NewAge-bevegelsen'. Klargjør for ordens skyld at innsender ikke er medlem av ME-foreningen."
441,Privatperson 4-32 (vedlagt alternativ retningslinje og veileder),,fagperson_privat_sannsynlig_alternativ_retningslinje,,A_klar,False,11,pem_kjerne;egen_retningslinje;alternativ_retningslinje_vedlagt;alternativ_veileder_vedlagt;nice_2021_referanse;kunnskapsgjennomgang_mangler;praktisk_pleie_de_sykeste;intetsigende_punkter;søvn_utredning_uklar;forkast_og_begynn_på_nytt;implementering_konkret,"**Substansielt høringsinnspill med vedlagt FULLSTENDIG ALTERNATIV RETNINGSLINJE OG VEILEDER**: 'innsende ME med PEM HØRINGSUTKAST.docx' + 'ME-Nasjonal-veileder-for-fordypning-utredning-pleie-og-omsorg.docx'. E-post sendt 4. mai 2026 23:50 (siste dag av høringsfristen). Hovedanke: 'den orginale retningslinjen skulle handle om ME, det trengs endringer så den faktisk møter formålet. Se vedlagt helhetlig ny retningslinje og ny veileder'. Substantiell kritikk av eksisterende utkast: 'tilnærmet alt om hva ME er, kunnskapsgjennomgang, erfaringer fra NICE og andre sentrale veiledere basert på store litteraturgjennomganger, all relevant praktisk hjelp for pleie av de sykeste, måter å forbedre ME-sykes liv og tilgang på helsehjelp osv'. Eksempel-kritikk: 'intetsigende punkter som søvn under vurdering eller i utredningen. Hvordan skal behandler vite hvordan søvn skal utredes ved ME da?'."
442,"Privatperson 4-33 (e-post, UK/USA/Tyskland-mal-krav)",,pasient_eller_pårørende_informert,,A_klar,False,9,pem_kjerne;egen_retningslinje;icd_g93_3;multisystemisk_nevroimmunologisk;uk_usa_tyskland_mal;praktisk_hjelp_alvorlig_grad;grad_1_til_4_separat;fysiologisk_ytegrense;oppdatert_kunnskap,"A_klar levert 4. mai 2026 23:57 (siste minutter før frist). Hovedanke: 'Guidelines fra UK, USA og Tyskland, som har kommet de senere årene bør være mal for retningslinjer i Norge'. Differensiering på alvorlighetsgrad 1-4 etterspørres."
443,"Privatperson 4-34 (e-post, WHO 1969-referanse)",,pasient_eller_pårørende_informert,,A_klar,False,6,pem_kjerne;egen_retningslinje;who_1969_diagnosekode;nevrologi_klassifisering;sideløp_alternativ;mer_enn_utmattelse,A_klar e-post 4. mai 2026. Hovedanke: 'ME har hatt en egen diagnosekode under nevrologi i WHO sitt diagnosekodesystem siden 1969'. Krever egen retningslinje eller sideløp.
444,"Privatperson 4-35 (e-post, 'vondt i magen'-metafor)",,pasient_eller_pårørende_informert,,A_klar,False,7,pem_kjerne;egen_retningslinje;nice_forankring;biopsykososial_utdatert;vondt_i_magen_metafor;mørkt_kapittel_historie;utmattelse_mange_årsaker,"A_klar e-post. **'Vondt i magen'-metafor**: 'Det å blande sammen ME og utmattelsesplager i en smørje blir som å ha retningslinjer for vondt i magen, noe som ville vært veldig uheldig'."
445,Privatperson 4-36 (e-post-innsendelse),,fagperson_privat_sannsynlig,,A_klar,False,16,pem_kjerne;pem_definisjon;egen_retningslinje;skille_me_utmattelse;canadakriteriene_støtte;biopsykososial_kritikk;nice_2021;aktivitet_pacing;kognitiv_terapi_kritikk;psykologisering;kunnskapsgrunnlag_smalt;kunnskapsgrunnlag_forskning;implementering_konkret;arbeidsgruppe_kritikk;støtter_dissens;tilfriskning_håp,"E-post-innsender (sannsynlig fagperson_privat) gir omfattende metodologisk kritikk med 14 nummererte referanser. Eksplisitt støtte til dissensen ('fire tilhengere av psykososial tolkning har tatt dissens, samtidig som ME-foreningen uttrykker tydelig skuffelse'). Argumenterer at PACE-studien har metodologiske svakheter (ikke-blindet, subjektive endepunkter, endringer i utfallsmål underveis). Identifiserer at norske utkastet bruker GET-studier som referanser tross NICE 2021-frafall. Inkluderer suicidalitetstall (Chu 2022, Grace 2024) som argument for at lidelsestrykket må anerkjennes. 'Veien videre' krever GET eksplisitt fraråret, objektive mål vektlagt, psykoterapi ikke presentert som sykdomsbehandling."
446,"Privatperson 4-37 (e-post-innsendelse, juridisk-medisinsk argumentasjon)",,fagperson_privat_sannsynlig,,A_klar,False,16,pem_kjerne;pem_definisjon;pem_multisystemisk_svikt;egen_retningslinje;skille_me_utmattelse;canadakriteriene_støtte;biopsykososial_kritikk;psykologisering;aktivitet_pacing;rettssikkerhet;helsepersonelloven_4;pasient_brukerrettighetsloven;faglig_forsvarlighet;kunnskapsgrunnlag_internasjonalt;strukturell_systemfeil;diagnostisk_presisjon,"Strukturert juridisk-medisinsk innspill med klar systematikk. Hovedanke: retningslinjen 'risikerer å legitimere praksis som kan medføre uforsvarlig helsehjelp og pasientskade for ME/CFS-pasienter, i strid med kravene i helsepersonelloven og pasient- og brukerrettighetsloven'. Bygger argumentasjonen rundt helsepersonelloven § 4 (forsvarlighetskravet) og pasient- og brukerrettighetsloven §§ 3-1 og 3-2 (rett til informasjon og medvirkning). Påpeker at nasjonale faglige retningslinjer er normerende for hva som anses som forsvarlig praksis — dersom retningslinjen bygger på 'en uklar eller feilaktig sykdomsforståelse, vil dette kunne føre til systematiske brudd på loven'. Karakteriserer manglende differensiering mellom ME/CFS og 'utmattelse av ukjent årsak' som 'strukturell systemfeil'. Definerer PEM presist som 'multisystemisk svikt, ikke utmattelse' — operasjonell konsekvens som ikke er ivaretatt i retningslinjen."
447,"Privatperson 4-38 (e-post, 'det dreper'-retorikk)",,pasient_eller_pårørende_aktivist,,A_klar,False,9,pem_kjerne;egen_retningslinje;multisystemisk;død_av_me;selvmord_med_hjelp_systemet;kroppen_stenger_ned;ignoranse_mistillit;det_dreper_retorikk;pem_spesifikk_me,"Sterk A_klar med 'det dreper'-retorikk. 'Vi mister noen hvert år. Kroppen stenger ned. Mens andre tar sitt eget liv, godt hjulpet av manglende innsikt i sykdommen, ignoranse og mistillit'."
448,"Privatperson 4-39 (e-post, ME+LC med PEM)",,pasient_eller_pårørende_informert,,A_klar,False,5,pem_kjerne;egen_retningslinje;me_lc_kombinert;nice_forankring;biopsykososial_utdatert_motbevist,Standard A_klar e-post som ønsker ME/LC kombinert i én separat retningslinje.
449,Privatperson 4-40 (deklarert SYKEPLEIER med Master i Helsevitenskap),,fagperson_privat_identifisert_sykepleier_master,,A_klar,False,5,egen_retningslinje;biomedisinsk_tilnærming;fysisk_sjukdom_anerkjennelse;fagperson_sykepleier_master_helsevitenskap;nynorsk,**8. fagperson_privat_identifisert: SYKEPLEIER med MASTER I HELSEVITENSKAP**. Nynorsk e-post. Krav om egen ME-retningslinje basert på biomedisinsk tilnærming.
45,"Privatperson (86. mal-instans, ren)",,pasient_eller_pårørende_mal_ren,,A_klar,False,2,egen_retningslinje;stan_mal_setning,"86. mal-instans, ren standardmal."
450,Privatperson 4-41 (pårørende 3 alvorlig ME-syke i 25+ år),,pårørende_3_me_pasienter_25_år,,A_klar,False,5,egen_retningslinje;stan_mal_setning;pårørende_3_alvorlig_25_år;daglig_observasjon;familie_clustering,"28. mal-instans. Pårørende-kontekst: 'Jeg har vært nærmeste pårørende til 3 alvorlig ME syke i mer enn 25 år'. Familiær ME-clustering dokumentert (4. instans etter id 69, 265, 357)."
451,Privatperson 4-42,,Pasient med høy fagkompetanse,,A_klar,False,14,pem_kjerne;pem_definisjon;egen_retningslinje;skille_me_utmattelse;canadakriteriene_støtte;biopsykososial_kritikk;nice_2021;aktivitet_pacing;kognitiv_terapi_kritikk;lp_kritikk;kunnskapsgrunnlag_smalt;kunnskapsgrunnlag_forskning;alvorlig_syke;psykologisering,"Privatperson med detaljert fagkompetanse argumenterer for separate retningslinjer - én for ME/CFS (med Canadakriteriene som krav), én for generell langvarig utmattelse uten PEM, og én for Long Covid med differensiering mellom PEM-undergruppe og andre senvirkninger. Hovedinnvending: dagens utkast 'blander sammen helt forskjellige sykdommer med grunnleggende forskjellige behov'. Mener pasienter med ME/CFS har behov for vern mot belastning, mens andre utmattelsesgrupper kan ha nytte av gradert trening. Krever klare advarsler mot GET, CBT som kurativ behandling, og Lightning Process. Refererer NICE, CDC, Mayo Clinic, NIH som internasjonal konsensus."
452,Privatperson 4-43 (e-post-innsendelse),,pasient_postviral,,A_klar,False,17,pem_kjerne;pem_definisjon;egen_retningslinje;skille_me_utmattelse;biopsykososial_kritikk;nice_2021;aktivitet_pacing;kognitiv_terapi_kritikk;kunnskapsgrunnlag_brukererfaring;kunnskapsgrunnlag_forskning;alvorlig_syke;tilfriskning_håp;nav_arbeidsliv;kompetanseheving;implementering_konkret;tjenester_samhandling;psykologisering,"Pasient med langvarig postviral sykdom som krever differensiering mellom pasientgrupper (PEM vs. ikke-PEM) for å hindre at råd som er nyttige for én gruppe blir skadelige for en annen. Sentral klinisk argumentasjon: aktivitet og belastning må forstås helhetlig, ikke bare som fysisk anstrengelse – kognitive, sosiale, emosjonelle og sensoriske belastninger trekker like mye på det begrensede energibudsjettet. PEM oppstår ofte 24-72 timer etter belastning eller som akkumulert effekt, noe som gjør standard aktivitetskartlegging utilstrekkelig. Bør anerkjenne enkelte former for velferdsteknologi (hvilepuls, HRV) som supplement til klinisk vurdering. Føre-var-prinsippet må styre når det er mistanke om PEM. Påpeker «diagnoseglidning»-problemet: enkelte postvirale forløp blir bedre av tiltak som ikke er relevante for ME/CFS, og når disse brukes som eksempler på «kur» kan det skape urealistiske forventninger og feiltiltak. OECD-data om long covid trekkes inn som samfunnsperspektiv. Skarp avgrensning av når «håp om bedring» blir misvisende kommunikasjon: håpet må kommuniseres ærlig basert på PEM-status og alvorlighetsgrad."
453,Privatperson 4-45 (e-post-innsendelse),,pasient_svært_alvorlig_selv,,A_klar,False,17,pem_kjerne;egen_retningslinje;skille_me_utmattelse;canadakriteriene_støtte;alvorlig_grad_synlig;alvorlig_grad_bpa;alvorlig_grad_røysumtunet;biopsykososial_kritikk;psykologisering;kognitiv_terapi_kritikk;get_kritikk;nav_kritikk;kommune_kritikk;rettssikkerhet;tillit_kunnskap;implementering_konkret;kompetansetjeneste_me_forening,"Svært alvorlig ME-syk pasient som ikke har klart å pusse tennene om morgenen på snart 4 år. Tolv konkrete rettighetskrav for å gjøre veiledere/retningslinjer operative: (1) rett til ME-kompetent spesialist (foretrukket nevrolog), (2) BPA-rett basert på faktisk behov inkl. 24-timers for svært alvorlig, (3) Helfo-godkjenning av Røysumtunet og flere slike enheter, (4) tidlig diagnose, (5) nei til tvungen KAT/stressmestring/GET, (6) institusjonsplikt for tilrettelegging (skjerming, ernæring, medisin-toleranse, smittevern, PEM-kunnskap), (7-9) frikort-rett til ernæringsfysiolog/psykolog/fysioterapeut, (10) hjemmebesøk når sengeliggende, (11) tilrettelagt omsorgsbolig, (12) Funcap-skjema som standard. Foreslår at kompetansetjeneste ledes av ME-foreningen. Sentral observasjon: retningslinjen leverer 'vage anbefalinger som kommunen, NAV mfl kan velge å tolke eller se bort fra etter eget forgodtbefinnende' - krever pakkeforløp og klare rettigheter."
454,"Privatperson 4-46 (e-post-innsendelse, strukturert A_klar)",,pårørende_eller_pasient,,A_klar,False,13,pem_kjerne;pem_definisjon;egen_retningslinje;skille_me_utmattelse;canadakriteriene_støtte;biopsykososial_kritikk;psykologisering;aktivitet_pacing;trening_skadelig;unngåelsesatferd_feilforklaring;feilbehandling_god_tro;helsepersonell_feilinformert;rest_skadelig_praksis,"Strukturert e-post-innspill med klar A_klar-posisjon. Definerer ME som 'unormalt rask trettbarhet muskulært og kognitivt og unormal lang restitusjonstid', med PEM som konsekvens av å presse over egne grenser. Hovedanke om implementeringsrisiko: 'norske leger og helsevesen har blitt grundig feilinformert i flere tiår og har blitt fortalt at dette handler om unngåelsesatferd, mangel på motivasjon og håp etc. De har ikke blitt informert om faren for forverring og tilbakefall og vil ha store problemer med å vurdere pasienten, og å ta ME på alvor'. Konsekvensen: 'mange leger og annet helsepersonell har feilbehandlet ME-syke i god tro'. Argumenterer at høringsutkastet positivt tar hensyn til hva pasienten tåler, men praksis vil forbli problematisk uten omfattende informasjonskampanjer mot tidligere feilinformasjon. Implisitt anerkjenner ME som sjelden — 'hvis dette sykdomsbildet hadde vært så vanlig blant alle med utmattelse uten kjent årsak, ville det vært mer kjent'."
455,"Privatperson 4-47 (vedlagt utredningsflyt-forslag, ICD-koder)",,fagperson_privat_sannsynlig_utredningsmodell,,A_klar,False,11,pem_kjerne;utredningsflyt_vedlegg;mg22_long_covid_skille;icd_kode_skille_diagnose;long_covid_ra02;me_8e49_g93_3;pots_ortostatisk;pempese_term;norsk_covidforening_kopi;kardio_komponenter;pasientsikker_klinisk_anvendbar,"Substansielt A_klar med vedlagt utredningsflyt-forslag. Skiller eksplisitt mellom ICD-koder: MG22 (generell fatigue), RA02 (Long Covid), 8E49/G93.3 (ME/CFS). Tar med PEM/PESE, ortostatisk intoleranse/POTS. Kopi til Norsk Covidforening. Sannsynlig fagperson_privat."
456,"Privatperson 4-48 (fagbakgrunn KAT, familieterapi, FIT-veileder, ME-pasient)",,fagperson_privat_identifisert_kat_fit,,A_klar,False,15,pem_kjerne;egen_retningslinje;skille_me_utmattelse;canadakriteriene_støtte;biopsykososial_kritikk;psykologisering;kognitiv_terapi_kritikk;aktivitet_pacing;nkt_kritikk;håpsformidling_skadelig;tilfriskningsmyte_kritikk;egen_erfaring_påført_forverring;fagbakgrunn_kat_egen_kritisk;praktisk_bistand_tilpasset;implementering_konkret,"**Fagperson_privat_identifisert** med eksplisitt deklarert bakgrunn: militær utdanning, klinisk erfaring fra sykehus, videreutdanning i Kognitiv adferdsterapi, Familieterapi og systemisk praksis, utdanning og erfaring som veileder i FIT (Feedback Informed Treatment) inkl. implementering av tilbakemeldingskultur i kommunale tjenester. **Selv-erkjent ME-pasient** med 'flere års erfaring med påførte forverringer som følge av både egen tro og håp om at Norsk kompetansetjenestes råd og anbefalinger ville bidra til tilfriskning'. Beskriver konkret skade: 'betydelig symptomøkning inkl pleiebehov sannsynlig fordi ingen i helsevesenet eller NAV hadde nødvendig kunnskap om biomedisinske faktorer inkl PEM, skadepotensial, risikovurderinger for forverringer som følge av behandling og tiltak de anbefalte'. Selv-kritisk om egen profesjon: 'Jeg stolte på det og manglet kunnskapen og respekten for hva gjentatte PEM kan føre til'. Krever egen retningslinje for ME som støtter fastlegen og NAV i å 'stoppe med det som ikke virker og i stedet bidra til konkret hjelp som praktisk bistand og tilpasset omsorg'. Posisjonen er særlig tung fordi innsender er selv fagperson innenfor de teoritradisjonene (KAT, FIT) som er A-sidens primære kritikkmål — og deler kritikken."
457,Innspill 411 (rehabiliteringsprosjekt),,Privatperson med konkret prosjektforslag,,B_modifisert,False,6,nevroplastisitet;tilfriskning_håp;aktivitet_gradvis_økning;nav_arbeidsliv;implementering_konkret;kompetanseheving,"Privatperson leverer detaljert prosjektskisse til strukturert rehabiliteringsprogram for kronisk utmattelse, ME og Long Covid. Bygger på nevroplastisk/Mind-Body-forståelse: 'sykdom som påvirker nervesystemet påvirker hele kroppen, de fysiske symptomene er helt reelle'. Refererer Miguel Bautista (CFS Recovery), Norman Doidge ('The Brain that Changes Itself'). Argumenterer for at nervesystemdysregulering kan reverseres gjennom rekalibrering. Detaljerte moduler: oppstartssamtale, undervisning, langtidsplan, rekalibrering, gradvis aktivitetsøkning som eksponeringsterapi. Samfunnsøkonomisk argumentasjon basert på FAFO (Kielland & Liu 2025), SINTEF (Hilland/Anthun 2022) og NAV-statistikk - viser at 874 unge uføre med ME-diagnose koster ca. 17 mill. kr per person i livsløp."
458,Opprop fra 3034 ME-pasienter og pårørende,,,,A_klar,False,5,pem_kjerne;egen_retningslinje;skille_me_utmattelse;kunnskapsgrunnlag_forskning;kunnskapsgrunnlag_brukererfaring,"Felles krav fra 3034 ME-syke og pårørende: ME (G93.3) må få en egen, selvstendig retningslinje – adskilt fra retningslinjer for langvarig utmattelse. PEM må anerkjennes som kjernefenomen og være styrende for alle anbefalinger. Retningslinjer må bygge på oppdatert biomedisinsk kunnskap. Tydelig representasjon av A-siden gjennom massemobilisering."
46,"Privatperson (97. mal-instans, ren)",,pasient_eller_pårørende_mal_ren,,A_klar,False,2,egen_retningslinje;stan_mal_setning,"97. mal-instans, ren standardmal."
47,"Privatperson (43. mal-instans, ME-POTS-PEM-holdningsendring)",,pasient_eller_pårørende_mal_pluss,,A_klar,False,5,egen_retningslinje;stan_mal_setning;pots_term;holdningsendring_krav;sammenlignbare_land,43. mal-instans. 43. mal-instans + holdningsendring-krav.
48,Privatperson (tomt innspill),,tomt_innspill,,uklar,False,1,tomt_innspill,Tomt innspill — innsender har registrert høringsdeltakelse uten å skrive substansielt innhold.
49,Tre privatpersoner samlet (Frøydis Lilledalen m.fl.),,fagperson_privat_identifisert,,A_klar,False,17,pem_kjerne;pem_definisjon;egen_retningslinje;skille_me_utmattelse;canadakriteriene_støtte;biopsykososial_kritikk;nice_2021;aktivitet_pacing;kognitiv_terapi_kritikk;kunnskapsgrunnlag_forskning;kunnskapsgrunnlag_brukererfaring;psykologisering;alvorlig_syke;barn_og_unge;implementering_konkret;kompetanseheving;tjenester_samhandling,"Felles innspill fra tre privatpersoner med Frøydis Lilledalen (psykologspesialist, forfatter, ME-syk i 12 år, ca 45 artikler om ME og bok «Gjør ingen skade») som hovedavsender. Krever egne retningslinjer for ME/CFS og long-COVID, atskilt fra annen utmattelse. Bygger på solid biomedisinsk referanseapparat: Snell 2013, VanNess 2007, Wirth & Scheibenbogen 2020, Missailidis 2022, Fluge 2023, Davis 2021, Nath 2022, Geraghty 2019, Marks 2020. Sentral klinisk argumentasjon: 2-day CPET viser objektivt redusert VO2peak dag to – funn som ikke sees ved dekondisjonering. Mener tverrfaglighet må bety medisinsk bredde (nevrologi, immunologi, infeksjonsmedisin, kardiologi), ikke psykologisering. Konsistent vekt på iatrogen forverring som risiko. Påpeker at pasienters avslag på tjenester kan være rasjonell energibeskyttelse, ikke manglende behandlingsmotivasjon. Bruker FAFO/SINTEF-rapportene som dokumentasjon på at GET/CBT ikke fungerer og at pårørende opplever omsorgsbelastning og stigmatisering. Foreslår 7 implementeringstiltak inkl. ambulerende team med ME-kompetanse, pleiepenger og kvalitetssikring."
5,"Privatperson (helse- og omsorgstjenesteloven-referert, juridisk-medisinsk stil)",,fagperson_privat_sannsynlig,,A_klar,False,15,pem_kjerne;egen_retningslinje;skille_me_utmattelse;canadakriteriene_støtte;biopsykososial_kritikk;psykologisering;aktivitet_pacing;kunnskapsgrunnlag_internasjonalt;kunnskapsgrunnlag_forskning;rettssikkerhet;stigmatisering;skadelig_praksis_videreført;implementering_konkret;lov_kunnskapsbasert_praksis;biomarkør_ikke_krav,"Strukturert A_klar-innspill med juridisk-medisinsk argumentasjonsstruktur. Hovedanke: retningslinjen mangler 'eksplisitt og tydelig avklaring av ME/CFS som en fysisk, biologisk og multisystemisk sykdom' — denne mangelen er metodisk avgjørende fordi sykdomsforståelsen påvirker tolkning av kunnskapsgrunnlag og anbefalinger. Krever at retningslinjen uttrykkelig fastslår ME/CFS som somatisk sykdom og avgrenser tilstanden fra psykosomatiske og funksjonelle lidelser. Refererer helse- og omsorgstjenesteloven og 'grunnleggende prinsipper for kunnskapsbasert praksis': oppdatert vitenskapelig kunnskap, anerkjent internasjonal praksis, pasientsikkerhet og skadeforebygging. Argumenterer at fravær av enkelt diagnostisk biomarkør 'endrer ikke' den biomedisinske forståelsen. Konkret bekymring: 'Når sentrale begreper som helhetlig vurdering, fremme funksjon og tilpassede tiltak ikke forankres i en eksplisitt biomedisinsk sykdomsforståelse, foreligger det en reell risiko for at tidligere skadelig praksis videreføres under nye begreper'."
50,"Privatperson (egen formulering, internasjonal forankring)",,pasient_eller_pårørende_aktivist,,A_klar,False,4,egen_retningslinje;internasjonal_forskning;usa_storbritannia;helt_annen_tilnærming,Eget formulert A_klar.
51,"Privatperson (akademisk-saklig, skiller ME fra CFS-samlebetegnelse)",,fagperson_privat_sannsynlig,,A_klar,False,11,pem_kjerne;egen_retningslinje;skille_me_cfs;canadakriteriene_definerer_me;ideologi_anekdoter_kritikk;forskning_basert_krav;biomedisinsk_forskning;utelukkelse_andre_sykdom;udokumenterte_metoder_fjernes;brukerundersøkelser_feilbehandling;tvungen_aktivitet_skadelig,"A_klar med akademisk-saklig stil. **Sjelden konseptuell skille**: 'Retningslinjene må skille klart mellom sykdommen ME, som defineres klart av Canada-kriteriene, og CFS, som er en samlebetegnelse på alle langvarige utmattelsestilstander'. Refrenger 'ideologi og anekdoter'-kritikk: 'Retningslinjene må baseres på forskning; ikke på ideologi og anekdoter'."
52,Privatperson (alternativbransje-representasjon-kritikk),,pasient_eller_pårørende_aktivist_recovery_norge_kritisk,,A_klar,False,6,egen_retningslinje;alternativbransje_deltakelse_kritikk;marginal_organisasjon_overrepresentert;økonomiske_interesser;skattebetalere_respekt;vitenskapsbaserte_underrepresentert,Substansiell A_klar med alternativbransje/Recovery Norge-representasjons-kritikk: 'marginal organisasjon (dog med sterke økonomiske interesser) får større %-vis representasjon enn langt større og vitenskapsbaserte organisasjoner'.
53,"Privatperson ('falsk balanse'-kritikk, representativitetsargument)",,fagperson_privat_sannsynlig,,A_klar,False,13,egen_retningslinje;icd_11_8e49;skille_me_utmattelse;falsk_balanse_kritikk;recovery_norge_representativitet_300;me_foreningen_6500_medlemmer;ansvarspulverisering;fastlege_kompetanse_mangler;kommune_kompetanse_mangler;internasjonal_sammenlikning;us_storbritannia_egne_retningslinjer;brukerorganisasjoner_ikke_hørt;forkast_og_begynn_på_nytt,"A_klar med to nye distinkte argumentkilder: (1) **falsk balanse-kritikk** av representativitet — bruker tidligere vaksinedebatt som parallell: 'Recovery Norge har tilsynelatende blitt tillagt like stor betydning som større pasientorganisasjoner... urimelig at en organisasjon med rundt 300 medlemmer tillegges samme vekt som ME-foreningen som representerer om lag 6 500 medlemmer'. Foreslår at representativitet inngår i vurdering av innspill-vekt. (2) **Ansvarspulverisering** — økende ansvar legges til fastleger og kommunale tjenester, uten at det sikres at særlig kommunalt ansatte har tilstrekkelig kompetanse. Refererer ICD-11: 8E49 som diagnose-anker (i motsetning til G93.3 fra ICD-10 — bruker den nye standarden). Konkrete forslag: (a) trekk utkastet tilbake, (b) start på nytt med egen retningslinje for ME (8E49), (c) Se til USA og Storbritannia. Sluttsetning: 'Forkast det hele og begynn på nytt, med egne anbefalinger for hver av gruppene som her forsøkes å slås sammen. Det vil kreve mer å rette på dette enn å begynne på nytt'."
54,Privatperson (29. mal-instans + WHO-/NICE-forankring),,pasient_eller_pårørende_mal_pluss,,A_klar,False,8,egen_retningslinje;stan_mal_setning;who_definisjon;nice_retningslinjer;biomedisinsk_prinsipp;internasjonal_biomedisinsk_forsking;ikke_tolkningsrom_feilbehandling;skille_tydeliggjøring,29. mal-instans + WHO/NICE-forankring.
55,"Privatperson (årsaksforklarings-fokus, biologiske funn-fokus)",,pasient_eller_pårørende_informert,,A_klar,False,10,pem_kjerne;egen_retningslinje;skille_me_long_covid_utmattelse;årsaksforklaring_avgjørende;sykdomsmekanismer_avgjørende;biologiske_funn_dokumentert;alvorlig_symptomspekter_synlig;internasjonal_forskning_oppdatert;pem_definisjon_alvorlighet;hdir_ikke_årsaksforhold_kritisk,"Standard A_klar med årsaksforklarings-fokus. Hovedanke: 'Jeg stiller meg undrende til hvorfor det er én felles retningslinje for den lidelsen dere kaller langvarig utmattelse og ME, samt hvorfor det ikke skilles på og legges vekt på årsaksforklaringer og sykdomsmekanismer, da dét burde ligge til grunn for en hver behandlingsanbefaling'. Sentrale poenger: (1) utmattelse er symptom ved mange tilstander — krever differensiering; (2) en med utbrenthet trenger annen behandling enn en med ME/long covid; (3) det må legges til grunn 'biologiske funn og forskjeller i symptombilde og funksjonsnivå'; (4) ny internasjonal forskning på ME og long covid må legges til grunn; (5) det enorme symptomspekteret 'går langt utover utmattelse'. Eksplisitt **kritikk av Hdir's prosessvalg**: 'Jeg undrer meg også over hvorfor dere innledningsvis sier dere ikke skal ta stilling til årsaksforhold' — kritisk innfallspunkt for selve metodevalget."
56,"Privatperson (deklarert FARMASØYT + FORSKER, 12 års ME)",,fagperson_privat_identifisert_farmasøyt_forsker,,A_klar,False,10,pem_kjerne;egen_retningslinje;stan_mal_setning;strenge_canadakriteriene;pem_2_dagers_test;pacing_tålegrense;resetme_haukeland_studie;farmasøyt_forsker_egen;hummer_kanari_metafor;biomarkør_pem_måle,"**24. mal-instans + 5. fagperson_privat_identifisert: FARMASØYT + FORSKER, 12 års ME**. Strenge Canadakriteriene + PEM obligatorisk. Refererer **ResetME-studien** ved Haukeland. 'Hummer og kanari'-metafor: 'Forskning på hummer og kanari vil alltid gi feil resultater'."
57,"Privatperson (77. mal-instans, ren)",,pasient_eller_pårørende_mal_ren,,A_klar,False,2,egen_retningslinje;stan_mal_setning,"77. mal-instans, ren standardmal."
58,"Privatperson (103. mal-instans, ren)",,pasient_eller_pårørende_mal_ren,,A_klar,False,2,egen_retningslinje;stan_mal_setning,"103. mal-instans, ren standardmal."
59,"Privatperson (paradigmeskifte-argument, NICE+Tyskland+Nederland)",,pasient_eller_pårørende_informert,,A_klar,False,9,pem_kjerne;egen_retningslinje;trening_tenkes_seg_frisk_avvist;biomedisinsk_paradigmeskifte;nice_england;tyskland_nederland_forskningsmidler;rike_aktive_liv_før;infeksjon_trigger;psykologisk_støtte_sekundær_aksept,"A_klar med paradigmeskifte-argument. **Sjelden nyansert anerkjennelse av psykologisk støtte** som sekundær hjelp: 'stor sykdomsbyrde kan medføre behov for en form for psykologisk støtte vil være bra for mange, men det er ikke psykisk uhelse som har medført sykdommen'. NICE + Tyskland/Nederland-paradigmeskifte."
6,Privatperson,,fagperson_privat_sannsynlig,,A_klar,False,11,pem_kjerne;pem_definisjon;skille_me_utmattelse;canadakriteriene_støtte;biopsykososial_kritikk;nice_2021;aktivitet_pacing;kunnskapsgrunnlag_smalt;nav_arbeidsliv;kompetanseheving;implementering_konkret,"Systematisk innspill som konsekvent skiller ME med PEM/PESE fra CFS/langvarig utmattelse uten PEM/PESE. Foreslår TO SPOR i implementering: (A) ME med PEM/PESE med egne sikkerhetsregler, (B) CFS uten PEM/PESE. Nøkkelformuleringer: 'biologiske sikkerhetsgjerder' og 'symptomkontingent og toleransebasert' i stedet for 'mål- eller progresjonsstyrt'. Krever at biopsykososial modell (BPS) brukes som ramme for støtte, ikke som forklaring på årsak/patofysiologi. Eksplisitt forbud mot 'standardiserte progresjonsprogrammer (GET-liknende glidning)'. Krever obligatorisk opplæring for fastleger, spesialisthelsetjeneste, kommune og NAV."
60,"Privatperson (102. mal-instans, ren)",,pasient_eller_pårørende_mal_ren,,A_klar,False,2,egen_retningslinje;stan_mal_setning,"102. mal-instans, ren standardmal."
61,"Privatperson (akademisk-saklig, vitenskapelig dokumentasjon-krav)",,fagperson_privat_sannsynlig_akademisk,,A_klar,False,8,pem_kjerne;egen_retningslinje;skille_me_utmattelse;nevrologisk_diagnose;diagnostisk_presisjon;pasientsikkerhet;vitenskapelig_dokumentasjon;behandlingsanbefalinger_skadelig_overført,Akademisk-saklig A_klar med fokus på diagnostisk presisjon og pasientsikkerhet. Hovedanke: 'risikoen for at behandlingsanbefalinger utviklet for andre utmattelsestilstander anvendes på ME-pasienter — noe som i verste fall kan være skadelig'.
62,"Privatperson (114. mal-instans, ren)",,pasient_eller_pårørende_mal_ren,,A_klar,False,2,egen_retningslinje;stan_mal_setning,"114. mal-instans, ren standardmal."
63,"Privatperson (44. mal-instans, PEM-skille-krav)",,pasient_eller_pårørende_mal_pluss,,A_klar,False,5,egen_retningslinje;stan_mal_setning;pem_kjerne;skille_me_tidligst_mulig;fastlege_kan_ikke,44. mal-instans. 44. mal-instans + PEM-skille-fokus.
64,"Privatperson (98. mal-instans, ren)",,pasient_eller_pårørende_mal_ren,,A_klar,False,2,egen_retningslinje;stan_mal_setning,"98. mal-instans, ren standardmal."
65,Privatperson (tertiærmal-variant — lengre formulering enn standardmal),,pasient_eller_pårørende_tertiærmal,,A_klar,False,8,egen_retningslinje;skille_me_utmattelse;icd_g93_3;nevrologisk_sykdom;patofysiologiske_mekanismer;tertiærmal_variant;feildiagnostisering_skadelig;oppdatert_forskning_krav,"**Tertiærmal-variant av standardmalsetningen** — gjentatt 3 ganger i tre felt (helhetlig_kartlegging, aktivitetsregulering, generelle_kommentarer) identisk. Lengre formulering enn standardmal-setningen ('Jeg aksepterer ikke...G93.3'): tilfører at ME er en 'distinkt nevrologisk sykdom med spesifikke diagnostiske kriterier og patofysiologiske mekanismer', og at retningslinjen 'må baseres på oppdatert forskning og klinisk erfaring, og tydelig definere diagnostiske kriterier, anbefalte behandlingsmetoder og retningslinjer for oppfølging av ME-pasienter'."
66,"Privatperson (76. mal-instans, ren)",,pasient_eller_pårørende_mal_ren,,A_klar,False,2,egen_retningslinje;stan_mal_setning,"76. mal-instans, ren standardmal."
67,Privatperson (LDN/LDA off-label-medikamenter),,pasient_eller_pårørende_medikament_fokus,,A_modifisert,False,7,ldn_lavdose_naltrexon;lda_lavdose_abilify;off_label_behandling;tilpasset_smertestillende;søvnhjelp;røysumtunet_referanse;medikamentell_spesifisering,"A_modifisert med fokus på spesifikk medikament-anbefaling: **LDN (lavdose naltrexon)**, **LDA (lavdose abilify)**, tilpasset smertestillende. Refererer Røysumtunet."
68,"Privatperson (115. mal-instans, ren)",,pasient_eller_pårørende_mal_ren,,A_klar,False,2,egen_retningslinje;stan_mal_setning,"115. mal-instans, ren standardmal."
69,"Privatperson (mor OG datter ME/CFS, fem-punkts strukturert)",,mor_og_datter_me,,A_klar,False,16,pem_kjerne;egen_retningslinje;skille_me_utmattelse;canadakriteriene_støtte;biopsykososial_kritikk;psykologisering;aktivitet_pacing;biomedisinsk_forskning;barn_sårbar;skole_tilpasning;fravær_ikke_psykososial;tillit_familie_ikke_mistillit;barnevern_risiko_indirekte;språk_presist_respektfullt;alvorlig_grad_spekter;kampen_for_å_bli_trodd,"A_klar strukturert innspill fra mor OG datter som begge lever med ME/CFS — sjelden dobbel-perspektiv som dokumenterer arvelig/familiær clustering. Fem-punkts liste: (1) **ME/CFS må tydelig skilles fra generell langvarig utmattelse** — PEM som obligat; (2) **Pasientsikkerhet må prioriteres** — tiltak som kan forverre PEM må ikke anbefales; (3) **Alvorlighetsgrad og barn/unge må tas på alvor** — skoleoppfølging tilpasses, fravær ikke automatisk tolkes som psykososial problematikk, familier møtes med tillit ikke mistillit; (4) **Anerkjennelse av biomedisinsk forskning** — formuleringer om uhensiktsmessige tankemønstre er stigmatiserende; (5) **Betydningen av å bli trodd** — retningslinjene har stor makt til å forme holdninger. Innledning: takker for arbeidet og muligheten, anerkjenner ambisjonen, men 'deler av utkastet skaper bekymring'. Pårørende-perspektiv: 'Som mor er det ekstra belastende å være syk selv og samtidig kjempe for at ens barn skal bli forstått og trodd'."
7,"Privatperson (epidemiologi-referanser, Rothman/Greenland)",,fagperson_privat_sannsynlig_epidemiolog,,pragmatisk,False,7,epidemiologi_metode;multifaktorielle_årsakssammenhenger;rothman_greenland_referanse;bakketeig_magnus_lærebok;biopsykososial_støtte;tekstendring_forslag;medisinutdanning_forskrift,"**Pragmatisk fagperson_privat sannsynlig EPIDEMIOLOG**. Foreslår tekstendring i utkastet med epidemiologiske referanser (Rothman & Greenland 2005, Bakketeig & Magnus). Støtter biopsykososial-tilnærming akademisk-saklig. Avslutter: 'meget bra jobb'."
70,"Privatperson (prosess-kritisk: alternativ medisin deltok, biomed ikke)",,pasient_eller_pårørende_aktivist_prosess_kritisk,,A_klar,False,11,pem_kjerne;egen_retningslinje;icd_g93_3;canadakriteriene_støtte;prosess_intransparent;biomedisinsk_miljø_ekskludert;alternativ_medisin_deltok;fjern_cfs_term;tålegrense_individuell;røysumtunet_referanse;kommunal_kunnskapsmangel,A_klar med tung prosess-kritikk: 'Prosessen har ikke vært transparant og fagfolk fra biomedisinsk miljø har ikke deltatt men det har alternativ medisin og behandlere vært!'. Krav om at /CFS fjernes fra ME-betegnelsen. Refererer Røysumtunet positivt.
71,Privatperson (16. mal-instans + spesialist-utrede-argument),,pasient_eller_pårørende_mal_pluss,,A_klar,False,7,egen_retningslinje;stan_mal_setning;biomarkør_investering;spesialist_utrede_ikke_fastlege;fastlege_kompetansemangel;spesialist_tjeneste_effektiv;oppdatert_kunnskap,"**16. mal-instans**. Sentralt argument: Fastleger utreder ikke depresjon (psykolog/psykiater gjør det), så hvorfor skal de utrede ME? Krav om effektiv spesialist-tjeneste som både utreder og følger opp. Biomarkør-investering anbefalt."
72,"Privatperson (99. mal-instans, ren)",,pasient_eller_pårørende_mal_ren,,A_klar,False,2,egen_retningslinje;stan_mal_setning,"99. mal-instans, ren standardmal."
73,"Privat (33. mal-instans, livskvalitet-tillegg)",,pasient_eller_pårørende_mal_ren,,A_klar,False,3,egen_retningslinje;stan_mal_setning;livskvalitet_funksjon_håp,33. mal-instans + livskvalitet-tilleggsformulering.
74,"Privatperson (52. mal-instans, Steinkopf-kilde-referert)",,pasient_eller_pårørende_mal_pluss,,A_klar,False,4,egen_retningslinje;stan_mal_setning;rehabilitering_etter_diagnose;steinkopf_kilde_eksplisitt,52. mal-instans. **52. mal-instans** + eksplisitt kilde-attribuering til Nina E. Steinkopf.
75,"Privatperson (101. mal-instans, ren)",,pasient_eller_pårørende_mal_ren,,A_klar,False,2,egen_retningslinje;stan_mal_setning,"101. mal-instans, ren standardmal."
76,"Privatperson (51. mal-instans, ren)",,pasient_eller_pårørende_mal_ren,,A_klar,False,2,egen_retningslinje;stan_mal_setning,51. mal-instans.
77,"Privatperson (120. mal-instans, ren)",,pasient_eller_pårørende_mal_ren,,A_klar,False,2,egen_retningslinje;stan_mal_setning,"120. mal-instans, ren standardmal."
78,"Privatperson (juridisk-rettsstatlig argumentasjon, tre lovverk)",,fagperson_privat_sannsynlig_juridisk,,A_klar,False,16,pem_kjerne;egen_retningslinje;skille_me_long_covid_utmattelse;icd_g93_3;nevroimmunologisk_sykdom;autonom_dysfunksjon;kognitiv_svikt;rettssikkerhet;pasientsikkerhet;helsepersonelloven_4;spesialisthelsetjenesteloven_2_2;helse_omsorgstjenesteloven_4_1;forsvarlighetskravet;rettslig_kvalitetskrav;varig_forverring_risiko;long_covid_subgruppe,"A_klar med tung juridisk-rettsstatlig argumentasjon. Hovedanke: 'Det handler om rettssikkerhet, pasientsikkerhet og lovpålagt kvalitet i helsetjenesten.' Bruker konsekvent tre lovreferanser: (1) Helsepersonelloven § 4 — forsvarlighetskravet, (2) spesialisthelsetjenesteloven § 2-2 — tjenesteforsvarlighet, (3) helse- og omsorgstjenesteloven § 4-1 — tjenesteforsvarlighet. Definisjon av ME (G93.3) som 'nevroimmunologisk sykdom kjennetegnet av anstrengelsesutløst symptomforverring (PEM), autonom dysfunksjon, kognitiv svikt og betydelig funksjonsnedsettelse'. Behandler Long Covid som distinkt fra ME ('Noen pasienter oppfyller kriterier for ME, men mange gjør det ikke'), og 'Andre utmattelsestilstander' som tredje kategori — argumenterer for separate retningslinjer for alle tre. Konsekvent forsvarlighetsargument: 'Forsvarlighetskravet er ikke et minimumskrav til intensjon — det er et rettslig krav til kvalitet og sikkerhet. Når kunnskapsgrunnlaget viser at feil belastning kan forverre ME, er det rettslig problematisk å plassere sykdommen i en felles kategori med tilstander hvor belastningsøkning kan være hensiktsmessig'."
79,"Privatperson (20 års ME, tillitssvikt, samfunns-stigmatisering)",,pasient_alvorlig_langvarig_20_år,,A_klar,False,9,20_års_sykehistorie;tillitssvikt_dyp;abdisert_offentlig_helsevesen;liv_stjålet_av_sykdom;samfunns_stigmatisering;nav_forsikring_familie_påvirket;verdighet_kompromittert;mangeårige_pasienter_falt_utenfor;spesialisert_hjelp_krav,"A_klar med 20 års ME-bakgrunn. Hovedanke: 'dyp tillitssvikt' i helsevesenet etter to tiår uten reell helsehjelp. **Samfunns-stigmatisering-perspektiv**: 'Helsedirektoratets signaler preger ikke bare helsevesenet, men også hvordan resten av samfunnet behandler oss. Når det offentlige ikke tar ME på alvor som en alvorlig fysisk sykdom, siver dette ned til NAV, forsikringsselskaper, venner og familie'. Krever at retningslinjen aktivt motvirker stigmatisering."
8,Privatperson (56. mal-instans + separat-krav),,pasient_eller_pårørende_mal_pluss,,A_klar,False,4,egen_retningslinje;stan_mal_setning;forskjellig_behandling_krav;ikke_forenelige,56. mal-instans + krav om totalt forskjellig behandlingsfremgang.
80,privatperson (Anne Kielland symbolsk vold-rammeverk),,fagperson_privat_sannsynlig,,A_klar,False,20,pem_kjerne;pem_definisjon;egen_retningslinje;skille_me_utmattelse;canadakriteriene_støtte;icd_g93_3;biopsykososial_kritikk;psykologisering;kognitiv_terapi_kritikk;nice_2021;aktivitet_pacing;arbeidsgruppe_kritikk;recovery_norge_overrepresentasjon;tillitsskapende_kritikk;implementering_stans;symbolsk_vold_kielland;rettssikkerhet;barnevern_risiko;noceboeffekt;støtter_dissens,"Strukturert A_klar-innspill bygget konsekvent på sosiolog Anne Kiellands rammeverk om 'symbolsk vold i møte med offentlige tjenester' (Agenda Magasin 2025). Hovedanke gjennom alle 15 felter: retningslinjen er en 'institusjonalisering av symbolsk vold' der direktoratet (1) gjør 'lumping' av ME med generell utmattelse, (2) tilskriver pasienten dysfunksjonelle tankemønstre ved å advare mot 'stort symptomfokus', (3) sykeliggjør pasientens rett til å finne årsak, (4) anbefaler 'prøving og feiling' når feiling for ME-syke = PEM = varig funksjonstap, (5) pålegger 'tillitsskapende tiltak' overfor pasienter som takker nei til kognitive metoder, (6) muliggjør barnevernssaker pga ikke-anerkjennelse av PEM. Krever stansing av implementering og utarbeidelse av egen ME/CFS-retningslinje basert på NICE 2021. Kritiserer eksplisitt arbeidsgruppesammensetning (Recovery Norge 2 representanter mot pasientforeningenes 1 hver). Bruker dissensene som bevis på 'noceboeffekt'-problem."
81,Privatperson (24. mal-instans + Dag Storla Røysumtunet),,pasient_eller_pårørende_mal_pluss,,A_klar,False,9,pem_kjerne;egen_retningslinje;stan_mal_setning;internasjonale_kriterier;dag_storla_røysumtunet_tilsynslege;veilederen_me_2014;who_1969;multisystemisk;helhetlig_utredning_diffus_kritikk,"24. mal-instans. **Konkret aktør navngitt**: 'tilsynslege Dag Storla på Røysumtunet'. Beskriver egen utredning: nevrolog, kardiolog, MR caput, ØNH-lege, psykolog, fysioterapeut, indremedisiner."
82,"Privatperson (100. mal-instans, ren)",,pasient_eller_pårørende_mal_ren,,A_klar,False,2,egen_retningslinje;stan_mal_setning,"100. mal-instans, ren standardmal."
83,"Privatperson (117. mal-instans, ren)",,pasient_eller_pårørende_mal_ren,,A_klar,False,2,egen_retningslinje;stan_mal_setning,"117. mal-instans, ren standardmal."
84,"Privatperson (fagperson_privat-stil, alvorlig grad-fokus, 2014-veileder-sammenligning)",,fagperson_privat_sannsynlig,,A_klar,False,14,pem_kjerne;egen_retningslinje;skille_me_utmattelse;icd_g93_3;biopsykososial_kritikk;aktivitet_pacing;belastningsintoleranse;alvorlig_grad_synlig;alvorlig_grad_egne_føringer;alvorlig_grad_pleieråd;veileder_2014_konkret;implementering_konkret;informasjonsplikt_helsepersonell;brukererfaring_vekt,"Strukturert A_klar med faglig-pasientsikkerhetsmessig profil. Hovedanke: utkastet ivaretar ikke formålet om 'forsvarlig, kunnskapsbasert og differensiert helsehjelp til personer med ME (ICD-10: G93.3)'. Vesentlig poeng: 'Ved å samle ME under paraplybetegnelsen langvarig utmattelse svekkes den diagnostiske og kliniske presisjonen'. Definerer ME etter: PEM, belastningsintoleranse, nevrologiske og autonome symptomer, risiko for markant funksjonsfall ved overbelastning. **Sentralt nyhetspoeng**: 'Det mest alvorlige fraværet i utkastet gjelder pasienter med alvorlig og svært alvorlig ME. I tidligere veileder (2014) var det inkludert konkrete eksempler på tilpasninger ved pleie og omsorg' — påpeker REGRESJON fra 2014-veilederen som hadde mer konkret praksis-veiledning. Foreslår: (1) tydelig kommunikasjon om at ME ikke er generell utmattelse, (2) tydelig beskrivelse av PEM og konsekvensene, (3) hele symptombildet ikke bare utmattelse, (4) eget kapittel om alvorlig/svært alvorlig ME, (5) realistisk informasjon om prognose, (6) hensyn til brede brukererfaringer, (7) informasjon om skaderisiko forbundet med behandling."
85,"Privatperson (41. mal-instans, spesialist-diagnose)",,pasient_eller_pårørende_mal_pluss,,A_klar,False,6,egen_retningslinje;stan_mal_setning;spesialist_diagnose_krav;canadakriteriene_støtte;internasjonale_retningslinjer;norge_henger_bak,41. mal-instans. Krav om at ME-diagnose kun settes av spesialist.
86,"Privatperson (ergoterapeut, syvende mal-instans)",,fagperson_privat_identifisert_ergoterapeut,,A_klar,False,7,egen_retningslinje;skille_me_utmattelse;icd_g93_3;fremme_funksjon_fatalt;aktivitetsregulering_terminologi_upresis;fagbakgrunn_ergoterapeut_egen_kritisk;stan_mal_setning,"**Syvende dokumenterte instans av standardmalsetningen** og **FØRSTE FAGPERSON_IDENTIFISERT som ergoterapeut**. Innspillet består av standardmalsetningen 'Jeg aksepterer ikke at retningslinjen blander sammen ME med andre tilstander. Det er ikke hensiktsmessig og vil føre til fortsatt feil og skadelig behandling. Jeg krever en egen retningslinje kun for ME, G93.3.' gjentatt 15 ganger i alle felt. **To felter har TILLEGGSINNHOLD utover malen**: (1) **Fastlege_igangsette** — substantielt: 'Hvis det er mistanke om ME, bør alle fastleger ha kunnskap om at tiltak som legger til rette for å fremme funksjon, kan få fatale konsekvenser for pasienten'. (2) **Aktivitetsregulering** — KRITISK fagpersonsignatur: 'Som ergoterapeut må jeg i tillegg bemerke at ordet aktivitets-regulering er svært upresist og kan tolkes ulikt av ulike fagpersoner, samt at begrepet kan brukes ulikt mellom ulike tilstander, som f.eks. ME, CFS og utmattelse'."
87,"Privatperson (119. mal-instans, ren)",,pasient_eller_pårørende_mal_ren,,A_klar,False,2,egen_retningslinje;stan_mal_setning,"119. mal-instans, ren standardmal."
88,"Privatperson (67. mal-instans, ren)",,pasient_eller_pårørende_mal_ren,,A_klar,False,2,egen_retningslinje;stan_mal_setning,67. mal-instans.
89,"Privatperson (110. mal-instans, ren)",,pasient_eller_pårørende_mal_ren,,A_klar,False,2,egen_retningslinje;stan_mal_setning,"110. mal-instans, ren standardmal."
9,"Privatperson (48. mal-instans, Aksnes-Psykologisk-no)",,pasient_eller_pårørende_mal_pluss,,A_klar,False,6,egen_retningslinje;stan_mal_setning;aksnes_psykologisk_no_referanse;biologisk_multisystemisk;forskning_utprøving_medisin;pleieråd_rett,48. mal-instans. 48. mal-instans + Aksnes-Psykologisk.no-referanse.
90,"Privatperson (49. mal-instans, biologisk-fagpersoner-flere-land)",,pasient_eller_pårørende_mal_pluss,,A_klar,False,5,egen_retningslinje;stan_mal_setning;biologisk_side_fagpersoner;studier_flere_land;verktøy_riktig,49. mal-instans. 49. mal-instans med tillegg om biologiske fagpersoner.
91,Privatperson (20. mal-instans + Recovery Norge-balanse-kritikk),,pasient_eller_pårørende_mal_pluss,,A_klar,False,10,pem_kjerne;egen_retningslinje;stan_mal_setning;recovery_norge_skjev_balanse;recovery_norge_diagnose_kritikk;who_diagnoseforståelse;pots_test;pem_test;england_usa_tyskland_nederland;eu_tyskland_forskningsmidler,"**20. mal-instans** med substansiell Recovery Norge-kritikk: 'Det er helt uhørt at balansen i arbeidgruppa er så skjevfordelt. Spesielt med tanke på hvem Recovery Norge representerer, og hvilke sykdommer denne gruppen egentlig har vært diagnostisert med'. Implicit insinuasjon om at Recovery Norge-medlemmer ikke har hatt ME."
92,"Privatperson (116. mal-instans, ren)",,pasient_eller_pårørende_mal_ren,,A_klar,False,2,egen_retningslinje;stan_mal_setning,"116. mal-instans, ren standardmal."
93,"Privatperson (10. dokumenterte standardmal-instans, ren)",,pasient_eller_pårørende_mal_ren,,A_klar,False,4,egen_retningslinje;skille_me_utmattelse;icd_g93_3;stan_mal_setning,"Tiende dokumenterte standardmal-instans, ren. Variant uten anførselstegn og uten avsluttende punktum etter G93.3 — minimal stilforskjell fra id 13."
94,Privatperson (pasient-/pårørende-opplæring savnet),,pasient_eller_pårørende_pragmatisk,,pragmatisk,False,3,pasient_pårørende_opplæring_savnet;lærings_mestringskurs;grupper_savnet,Pragmatisk forslag: pasient- og pårørendeopplæring i grupper / lærings- og mestringskurs.
95,"Privatperson (polemisk 'psykolobbyen', 'nedlatende kvinnesyn')",,pasient_aktivist_polemisk_kvinnesyn,,A_klar,False,11,pem_kjerne;egen_retningslinje;tyskland_storbritannia_usa;biologisk_sykdom;mups_sammenblanding_kritikk;nedlatende_kvinnesyn;psykolobbyen_term;makkverk_skjult_agenda;kvinnefiendtlig;diffuse_plager_kritikk;oslo_kunnskap_utenfor_krav,"Polemisk A_klar. Kjønnsteoretisk grep: 'nedlatende kvinnesyn', 'kvinnefiendtlig holdning', 'diffuse plager-uttrykk'. Bruker 'psykolobbyen' (etter id 2). 'Den er et makkverk. Dårlig skult agenda fra psykolobbyen'."
96,"Privatperson (73. mal-instans, ren)",,pasient_eller_pårørende_mal_ren,,A_klar,False,2,egen_retningslinje;stan_mal_setning,"73. mal-instans, ren standardmal."
97,privatperson (metodologisk dekonstruksjon av Nerli 2024),,fagperson_privat_sannsynlig_metodologisk,,A_klar,False,14,nerli_2024_kritikk;klinisk_signifikansterskel_brutt;alders_kjønnsjustert_friskterskel;subjektive_utfallsmål_kritikk;ublindede_forsøk_kritikk;innsatsrettferdiggjøring_bias;sosial_ønskelighet_bias;responsforskyvning_bias;placebo_subjektive_mål;metaanalyse_aggregert_bias;intern_validitet_kritikk;63_prosent_ufriske_argument;kognitiv_terapi_kritikk;evidensgrunnlag_svakt,"Metodologisk-akademisk dekonstruksjon av Nerli-studien (2024) — sentral B-side-forskningsreferanse fra én av de fire fagdissensene. Hovedanke: (1) Klinisk signifikansterskel i forhåndsregistrert protokoll var 10 poeng; observert effektstørrelse var under 10 poeng, men forfatterne erklærte den klinisk signifikant likevel — brudd på protokoll. (2) Definisjonen av 'frisk' tilsvarte 60-årig kvinne, mens studiedeltakerne hadde gjennomsnittsalder 42 — kategorisk inadekvat. (3) Sekundærdata utgitt etter publisering (kommentarer til JAMA Network Open) viste at ved alders- og kjønnsjusterte 'frisk'-terskler var bare 8% av kontrollgruppen 'frisk' etter 12 måneder, intervensjonsgruppen 29 prosentpoeng høyere. (4) Selv i mest optimale scenario (uten korreksjon for bias) gjenstår 63% som 'ufriske' — 'behandlingen er ikke en løsning for flertallet av ME/CFS-pasienter og bør ikke presenteres som det i nasjonale retningslinjer'. Strukturell metodologisk kritikk av evidensgrunnlaget for KAT og aktivitetsbaserte intervensjoner: ublindede behandlinger + subjektive utfallsmål kombinert gir betydelige bias (innsatsrettferdiggjøring, sosial ønskelighet, responsforskyvning). 'En metaanalyse gir et mer presist estimat, men presisjon er noe annet enn nøyaktighet'."
98,Privatperson (Canada+PEM-krav),,pasient_eller_pårørende_aktivist,,A_klar,False,3,egen_retningslinje;canadakriteriene_vesentlig;pem_oppfølging,Eget formulert A_klar med Canada+PEM-krav.
99,"Privatperson (25 år ME, LP-skadet, sterkt polemisk)",,pasient_aktivist,,A_klar,False,26,pem_kjerne;egen_retningslinje;skille_me_utmattelse;canadakriteriene_støtte;icd_g93_3;who_1969_nevrologisk;biopsykososial_kritikk;biopsykososial_fjernes;psykologisering;kognitiv_terapi_kritikk;lightning_process_skadelig;lightning_process_omdøpt;recovery_norge_kritikk;live_landmark_kritikk;silje_reme_kritikk;biomedisinsk_forskning;scheibenbogen_referanse;katarina_lien_melkesyre;haukeland_fluge_mella;daratumumab_håp;rituximab_referanse;mitokondrier_dysfunksjon;egen_erfaring_lp_skadet;støtter_dissens;arbeidsgruppe_kritikk;tilfriskningsmyte_kritikk,"Sterk A_klar-stemme med 25 års ME-historie og selv-rapportert Lightning Process-skade. Innspillet er åpent polemisk: åpner med 'Dette er useriøst! Svindel-organisasjonen Recovery fikk TO plasser i arbeidsgruppen?'. Hovedkravspunkter: (1) ME må få egen retningslinje, (2) Recovery Norge må fjernes fra retningslinjearbeid (referer Live Landmark som 'vår nemesis'), (3) eksplisitt frarådingen i retningslinjen av Lightning Process, Mind Body Reprocessing Therapy og Pain Reprocessing Therapy ('avart av Lightning Process — Silje Reme har gitt det nytt navn'), (4) sletting av biopsykososialt avsnitt. Refererer biomedisinsk forskning: trenings-eksperimenter til Katarina Lien (melkesyrefrakt), Carmen Scheibenbogen, immunforsvars-sykdom, Haukeland-forskningen, Daratumumab som håp, mitokondriedysfunksjon. Kobler ME til WHO 1969-nevrologisk klassifisering og G93.3. Brukermedvirkningskritikk: 'alle de tre SERIØSE pasientorganisasjonene har tatt dissens'. Kraftig nedlatende stil mot 'amatørmessig' direktorat som mistenker biopsykososial årsak. Karakteriserer omtale av ME-syke som 'engstelige kjerringer' som ekstremt provoserende. NAV-perspektiv: uføretrygd må gjøres greiest mulig."
